route;date;hour;prediction
1;2025-11-01;0;5
1;2025-11-01;1;0
1;2025-11-01;2;0
1;2025-11-01;3;0
1;2025-11-01;4;7
1;2025-11-01;5;116
1;2025-11-01;6;447
1;2025-11-01;7;1296
1;2025-11-01;8;1617
1;2025-11-01;9;1309
1;2025-11-01;10;1214
1;2025-11-01;11;1264
1;2025-11-01;12;1289
1;2025-11-01;13;1342
1;2025-11-01;14;1264
1;2025-11-01;15;1358
1;2025-11-01;16;1444
1;2025-11-01;17;1576
1;2025-11-01;18;1410
1;2025-11-01;19;1118
1;2025-11-01;20;746
1;2025-11-01;21;447
1;2025-11-01;22;222
1;2025-11-01;23;44
1;2025-11-02;0;1
1;2025-11-02;1;0
1;2025-11-02;2;0
1;2025-11-02;3;0
1;2025-11-02;4;0
1;2025-11-02;5;29
1;2025-11-02;6;137
1;2025-11-02;7;265
1;2025-11-02;8;365
1;2025-11-02;9;610
1;2025-11-02;10;700
1;2025-11-02;11;683
1;2025-11-02;12;836
1;2025-11-02;13;856
1;2025-11-02;14;770
1;2025-11-02;15;704
1;2025-11-02;16;639
1;2025-11-02;17;589
1;2025-11-02;18;568
1;2025-11-02;19;471
1;2025-11-02;20;360
1;2025-11-02;21;258
1;2025-11-02;22;106
1;2025-11-02;23;31
1;2025-11-03;0;1
1;2025-11-03;1;0
1;2025-11-03;2;0
1;2025-11-03;3;0
1;2025-11-03;4;0
1;2025-11-03;5;29
1;2025-11-03;6;137
1;2025-11-03;7;265
1;2025-11-03;8;365
1;2025-11-03;9;610
1;2025-11-03;10;700
1;2025-11-03;11;683
1;2025-11-03;12;836
1;2025-11-03;13;856
1;2025-11-03;14;770
1;2025-11-03;15;704
1;2025-11-03;16;639
1;2025-11-03;17;589
1;2025-11-03;18;568
1;2025-11-03;19;471
1;2025-11-03;20;360
1;2025-11-03;21;258
1;2025-11-03;22;106
1;2025-11-03;23;31
1;2025-11-04;0;1
1;2025-11-04;1;0
1;2025-11-04;2;0
1;2025-11-04;3;0
1;2025-11-04;4;0
1;2025-11-04;5;29
1;2025-11-04;6;137
1;2025-11-04;7;265
1;2025-11-04;8;365
1;2025-11-04;9;610
1;2025-11-04;10;700
1;2025-11-04;11;683
1;2025-11-04;12;836
1;2025-11-04;13;856
1;2025-11-04;14;770
1;2025-11-04;15;704
1;2025-11-04;16;639
1;2025-11-04;17;589
1;2025-11-04;18;568
1;2025-11-04;19;471
1;2025-11-04;20;360
1;2025-11-04;21;258
1;2025-11-04;22;106
1;2025-11-04;23;31
1;2025-11-05;0;3
1;2025-11-05;1;0
1;2025-11-05;2;0
1;2025-11-05;3;0
1;2025-11-05;4;9
1;2025-11-05;5;138
1;2025-11-05;6;556
1;2025-11-05;7;1527
1;2025-11-05;8;1989
1;2025-11-05;9;1455
1;2025-11-05;10;1332
1;2025-11-05;11;1319
1;2025-11-05;12;1360
1;2025-11-05;13;1397
1;2025-11-05;14;1350
1;2025-11-05;15;1519
1;2025-11-05;16;1478
1;2025-11-05;17;1773
1;2025-11-05;18;1811
1;2025-11-05;19;1407
1;2025-11-05;20;923
1;2025-11-05;21;488
1;2025-11-05;22;257
1;2025-11-05;23;43
1;2025-11-06;0;5
1;2025-11-06;1;0
1;2025-11-06;2;0
1;2025-11-06;3;0
1;2025-11-06;4;8
1;2025-11-06;5;122
1;2025-11-06;6;518
1;2025-11-06;7;1509
1;2025-11-06;8;1973
1;2025-11-06;9;1461
1;2025-11-06;10;1311
1;2025-11-06;11;1318
1;2025-11-06;12;1366
1;2025-11-06;13;1391
1;2025-11-06;14;1333
1;2025-11-06;15;1454
1;2025-11-06;16;1491
1;2025-11-06;17;1754
1;2025-11-06;18;1775
1;2025-11-06;19;1356
1;2025-11-06;20;876
1;2025-11-06;21;477
1;2025-11-06;22;242
1;2025-11-06;23;53
1;2025-11-07;0;5
1;2025-11-07;1;0
1;2025-11-07;2;0
1;2025-11-07;3;0
1;2025-11-07;4;8
1;2025-11-07;5;132
1;2025-11-07;6;496
1;2025-11-07;7;1462
1;2025-11-07;8;1819
1;2025-11-07;9;1409
1;2025-11-07;10;1282
1;2025-11-07;11;1356
1;2025-11-07;12;1348
1;2025-11-07;13;1406
1;2025-11-07;14;1326
1;2025-11-07;15;1462
1;2025-11-07;16;1567
1;2025-11-07;17;1732
1;2025-11-07;18;1546
1;2025-11-07;19;1212
1;2025-11-07;20;803
1;2025-11-07;21;473
1;2025-11-07;22;237
1;2025-11-07;23;47
1;2025-11-08;0;5
1;2025-11-08;1;0
1;2025-11-08;2;0
1;2025-11-08;3;0
1;2025-11-08;4;0
1;2025-11-08;5;30
1;2025-11-08;6;173
1;2025-11-08;7;357
1;2025-11-08;8;471
1;2025-11-08;9;743
1;2025-11-08;10;833
1;2025-11-08;11;741
1;2025-11-08;12;957
1;2025-11-08;13;978
1;2025-11-08;14;914
1;2025-11-08;15;767
1;2025-11-08;16;748
1;2025-11-08;17;689
1;2025-11-08;18;635
1;2025-11-08;19;580
1;2025-11-08;20;420
1;2025-11-08;21;301
1;2025-11-08;22;138
1;2025-11-08;23;28
1;2025-11-09;0;1
1;2025-11-09;1;0
1;2025-11-09;2;0
1;2025-11-09;3;0
1;2025-11-09;4;0
1;2025-11-09;5;29
1;2025-11-09;6;137
1;2025-11-09;7;265
1;2025-11-09;8;365
1;2025-11-09;9;610
1;2025-11-09;10;700
1;2025-11-09;11;683
1;2025-11-09;12;836
1;2025-11-09;13;856
1;2025-11-09;14;770
1;2025-11-09;15;704
1;2025-11-09;16;639
1;2025-11-09;17;589
1;2025-11-09;18;568
1;2025-11-09;19;471
1;2025-11-09;20;360
1;2025-11-09;21;258
1;2025-11-09;22;106
1;2025-11-09;23;31
1;2025-11-10;0;0
1;2025-11-10;1;0
1;2025-11-10;2;0
1;2025-11-10;3;0
1;2025-11-10;4;8
1;2025-11-10;5;134
1;2025-11-10;6;537
1;2025-11-10;7;1490
1;2025-11-10;8;1909
1;2025-11-10;9;1395
1;2025-11-10;10;1244
1;2025-11-10;11;1255
1;2025-11-10;12;1320
1;2025-11-10;13;1318
1;2025-11-10;14;1306
1;2025-11-10;15;1454
1;2025-11-10;16;1529
1;2025-11-10;17;1784
1;2025-11-10;18;1859
1;2025-11-10;19;1428
1;2025-11-10;20;894
1;2025-11-10;21;453
1;2025-11-10;22;214
1;2025-11-10;23;35
1;2025-11-11;0;3
1;2025-11-11;1;0
1;2025-11-11;2;0
1;2025-11-11;3;1
1;2025-11-11;4;8
1;2025-11-11;5;133
1;2025-11-11;6;546
1;2025-11-11;7;1585
1;2025-11-11;8;1930
1;2025-11-11;9;1515
1;2025-11-11;10;1357
1;2025-11-11;11;1331
1;2025-11-11;12;1364
1;2025-11-11;13;1408
1;2025-11-11;14;1302
1;2025-11-11;15;1439
1;2025-11-11;16;1478
1;2025-11-11;17;1753
1;2025-11-11;18;1816
1;2025-11-11;19;1439
1;2025-11-11;20;922
1;2025-11-11;21;482
1;2025-11-11;22;258
1;2025-11-11;23;41
1;2025-11-12;0;3
1;2025-11-12;1;0
1;2025-11-12;2;0
1;2025-11-12;3;0
1;2025-11-12;4;9
1;2025-11-12;5;138
1;2025-11-12;6;556
1;2025-11-12;7;1527
1;2025-11-12;8;1989
1;2025-11-12;9;1455
1;2025-11-12;10;1332
1;2025-11-12;11;1319
1;2025-11-12;12;1360
1;2025-11-12;13;1397
1;2025-11-12;14;1350
1;2025-11-12;15;1519
1;2025-11-12;16;1478
1;2025-11-12;17;1773
1;2025-11-12;18;1811
1;2025-11-12;19;1407
1;2025-11-12;20;923
1;2025-11-12;21;488
1;2025-11-12;22;257
1;2025-11-12;23;43
1;2025-11-13;0;5
1;2025-11-13;1;0
1;2025-11-13;2;0
1;2025-11-13;3;0
1;2025-11-13;4;8
1;2025-11-13;5;122
1;2025-11-13;6;518
1;2025-11-13;7;1509
1;2025-11-13;8;1973
1;2025-11-13;9;1461
1;2025-11-13;10;1311
1;2025-11-13;11;1318
1;2025-11-13;12;1366
1;2025-11-13;13;1391
1;2025-11-13;14;1333
1;2025-11-13;15;1454
1;2025-11-13;16;1491
1;2025-11-13;17;1754
1;2025-11-13;18;1775
1;2025-11-13;19;1356
1;2025-11-13;20;876
1;2025-11-13;21;477
1;2025-11-13;22;242
1;2025-11-13;23;53
1;2025-11-14;0;5
1;2025-11-14;1;0
1;2025-11-14;2;0
1;2025-11-14;3;0
1;2025-11-14;4;8
1;2025-11-14;5;132
1;2025-11-14;6;496
1;2025-11-14;7;1462
1;2025-11-14;8;1819
1;2025-11-14;9;1409
1;2025-11-14;10;1282
1;2025-11-14;11;1356
1;2025-11-14;12;1348
1;2025-11-14;13;1406
1;2025-11-14;14;1326
1;2025-11-14;15;1462
1;2025-11-14;16;1567
1;2025-11-14;17;1732
1;2025-11-14;18;1546
1;2025-11-14;19;1212
1;2025-11-14;20;803
1;2025-11-14;21;473
1;2025-11-14;22;237
1;2025-11-14;23;47
1;2025-11-15;0;5
1;2025-11-15;1;0
1;2025-11-15;2;0
1;2025-11-15;3;0
1;2025-11-15;4;0
1;2025-11-15;5;30
1;2025-11-15;6;173
1;2025-11-15;7;357
1;2025-11-15;8;471
1;2025-11-15;9;743
1;2025-11-15;10;833
1;2025-11-15;11;741
1;2025-11-15;12;957
1;2025-11-15;13;978
1;2025-11-15;14;914
1;2025-11-15;15;767
1;2025-11-15;16;748
1;2025-11-15;17;689
1;2025-11-15;18;635
1;2025-11-15;19;580
1;2025-11-15;20;420
1;2025-11-15;21;301
1;2025-11-15;22;138
1;2025-11-15;23;28
1;2025-11-16;0;1
1;2025-11-16;1;0
1;2025-11-16;2;0
1;2025-11-16;3;0
1;2025-11-16;4;0
1;2025-11-16;5;29
1;2025-11-16;6;137
1;2025-11-16;7;265
1;2025-11-16;8;365
1;2025-11-16;9;610
1;2025-11-16;10;700
1;2025-11-16;11;683
1;2025-11-16;12;836
1;2025-11-16;13;856
1;2025-11-16;14;770
1;2025-11-16;15;704
1;2025-11-16;16;639
1;2025-11-16;17;589
1;2025-11-16;18;568
1;2025-11-16;19;471
1;2025-11-16;20;360
1;2025-11-16;21;258
1;2025-11-16;22;106
1;2025-11-16;23;31
1;2025-11-17;0;0
1;2025-11-17;1;0
1;2025-11-17;2;0
1;2025-11-17;3;0
1;2025-11-17;4;8
1;2025-11-17;5;134
1;2025-11-17;6;537
1;2025-11-17;7;1490
1;2025-11-17;8;1909
1;2025-11-17;9;1395
1;2025-11-17;10;1244
1;2025-11-17;11;1255
1;2025-11-17;12;1320
1;2025-11-17;13;1318
1;2025-11-17;14;1306
1;2025-11-17;15;1454
1;2025-11-17;16;1529
1;2025-11-17;17;1784
1;2025-11-17;18;1859
1;2025-11-17;19;1428
1;2025-11-17;20;894
1;2025-11-17;21;453
1;2025-11-17;22;214
1;2025-11-17;23;35
1;2025-11-18;0;3
1;2025-11-18;1;0
1;2025-11-18;2;0
1;2025-11-18;3;1
1;2025-11-18;4;8
1;2025-11-18;5;133
1;2025-11-18;6;546
1;2025-11-18;7;1585
1;2025-11-18;8;1930
1;2025-11-18;9;1515
1;2025-11-18;10;1357
1;2025-11-18;11;1331
1;2025-11-18;12;1364
1;2025-11-18;13;1408
1;2025-11-18;14;1302
1;2025-11-18;15;1439
1;2025-11-18;16;1478
1;2025-11-18;17;1753
1;2025-11-18;18;1816
1;2025-11-18;19;1439
1;2025-11-18;20;922
1;2025-11-18;21;482
1;2025-11-18;22;258
1;2025-11-18;23;41
1;2025-11-19;0;3
1;2025-11-19;1;0
1;2025-11-19;2;0
1;2025-11-19;3;0
1;2025-11-19;4;9
1;2025-11-19;5;138
1;2025-11-19;6;556
1;2025-11-19;7;1527
1;2025-11-19;8;1989
1;2025-11-19;9;1455
1;2025-11-19;10;1332
1;2025-11-19;11;1319
1;2025-11-19;12;1360
1;2025-11-19;13;1397
1;2025-11-19;14;1350
1;2025-11-19;15;1519
1;2025-11-19;16;1478
1;2025-11-19;17;1773
1;2025-11-19;18;1811
1;2025-11-19;19;1407
1;2025-11-19;20;923
1;2025-11-19;21;488
1;2025-11-19;22;257
1;2025-11-19;23;43
1;2025-11-20;0;5
1;2025-11-20;1;0
1;2025-11-20;2;0
1;2025-11-20;3;0
1;2025-11-20;4;8
1;2025-11-20;5;122
1;2025-11-20;6;518
1;2025-11-20;7;1509
1;2025-11-20;8;1973
1;2025-11-20;9;1461
1;2025-11-20;10;1311
1;2025-11-20;11;1318
1;2025-11-20;12;1366
1;2025-11-20;13;1391
1;2025-11-20;14;1333
1;2025-11-20;15;1454
1;2025-11-20;16;1491
1;2025-11-20;17;1754
1;2025-11-20;18;1775
1;2025-11-20;19;1356
1;2025-11-20;20;876
1;2025-11-20;21;477
1;2025-11-20;22;242
1;2025-11-20;23;53
1;2025-11-21;0;5
1;2025-11-21;1;0
1;2025-11-21;2;0
1;2025-11-21;3;0
1;2025-11-21;4;8
1;2025-11-21;5;132
1;2025-11-21;6;496
1;2025-11-21;7;1462
1;2025-11-21;8;1819
1;2025-11-21;9;1409
1;2025-11-21;10;1282
1;2025-11-21;11;1356
1;2025-11-21;12;1348
1;2025-11-21;13;1406
1;2025-11-21;14;1326
1;2025-11-21;15;1462
1;2025-11-21;16;1567
1;2025-11-21;17;1732
1;2025-11-21;18;1546
1;2025-11-21;19;1212
1;2025-11-21;20;803
1;2025-11-21;21;473
1;2025-11-21;22;237
1;2025-11-21;23;47
1;2025-11-22;0;5
1;2025-11-22;1;0
1;2025-11-22;2;0
1;2025-11-22;3;0
1;2025-11-22;4;0
1;2025-11-22;5;30
1;2025-11-22;6;173
1;2025-11-22;7;357
1;2025-11-22;8;471
1;2025-11-22;9;743
1;2025-11-22;10;833
1;2025-11-22;11;741
1;2025-11-22;12;957
1;2025-11-22;13;978
1;2025-11-22;14;914
1;2025-11-22;15;767
1;2025-11-22;16;748
1;2025-11-22;17;689
1;2025-11-22;18;635
1;2025-11-22;19;580
1;2025-11-22;20;420
1;2025-11-22;21;301
1;2025-11-22;22;138
1;2025-11-22;23;28
1;2025-11-23;0;1
1;2025-11-23;1;0
1;2025-11-23;2;0
1;2025-11-23;3;0
1;2025-11-23;4;0
1;2025-11-23;5;29
1;2025-11-23;6;137
1;2025-11-23;7;265
1;2025-11-23;8;365
1;2025-11-23;9;610
1;2025-11-23;10;700
1;2025-11-23;11;683
1;2025-11-23;12;836
1;2025-11-23;13;856
1;2025-11-23;14;770
1;2025-11-23;15;704
1;2025-11-23;16;639
1;2025-11-23;17;589
1;2025-11-23;18;568
1;2025-11-23;19;471
1;2025-11-23;20;360
1;2025-11-23;21;258
1;2025-11-23;22;106
1;2025-11-23;23;31
1;2025-11-24;0;0
1;2025-11-24;1;0
1;2025-11-24;2;0
1;2025-11-24;3;0
1;2025-11-24;4;8
1;2025-11-24;5;134
1;2025-11-24;6;537
1;2025-11-24;7;1490
1;2025-11-24;8;1909
1;2025-11-24;9;1395
1;2025-11-24;10;1244
1;2025-11-24;11;1255
1;2025-11-24;12;1320
1;2025-11-24;13;1318
1;2025-11-24;14;1306
1;2025-11-24;15;1454
1;2025-11-24;16;1529
1;2025-11-24;17;1784
1;2025-11-24;18;1859
1;2025-11-24;19;1428
1;2025-11-24;20;894
1;2025-11-24;21;453
1;2025-11-24;22;214
1;2025-11-24;23;35
1;2025-11-25;0;3
1;2025-11-25;1;0
1;2025-11-25;2;0
1;2025-11-25;3;1
1;2025-11-25;4;8
1;2025-11-25;5;133
1;2025-11-25;6;546
1;2025-11-25;7;1585
1;2025-11-25;8;1930
1;2025-11-25;9;1515
1;2025-11-25;10;1357
1;2025-11-25;11;1331
1;2025-11-25;12;1364
1;2025-11-25;13;1408
1;2025-11-25;14;1302
1;2025-11-25;15;1439
1;2025-11-25;16;1478
1;2025-11-25;17;1753
1;2025-11-25;18;1816
1;2025-11-25;19;1439
1;2025-11-25;20;922
1;2025-11-25;21;482
1;2025-11-25;22;258
1;2025-11-25;23;41
1;2025-11-26;0;3
1;2025-11-26;1;0
1;2025-11-26;2;0
1;2025-11-26;3;0
1;2025-11-26;4;9
1;2025-11-26;5;138
1;2025-11-26;6;556
1;2025-11-26;7;1527
1;2025-11-26;8;1989
1;2025-11-26;9;1455
1;2025-11-26;10;1332
1;2025-11-26;11;1319
1;2025-11-26;12;1360
1;2025-11-26;13;1397
1;2025-11-26;14;1350
1;2025-11-26;15;1519
1;2025-11-26;16;1478
1;2025-11-26;17;1773
1;2025-11-26;18;1811
1;2025-11-26;19;1407
1;2025-11-26;20;923
1;2025-11-26;21;488
1;2025-11-26;22;257
1;2025-11-26;23;43
1;2025-11-27;0;5
1;2025-11-27;1;0
1;2025-11-27;2;0
1;2025-11-27;3;0
1;2025-11-27;4;8
1;2025-11-27;5;122
1;2025-11-27;6;518
1;2025-11-27;7;1509
1;2025-11-27;8;1973
1;2025-11-27;9;1461
1;2025-11-27;10;1311
1;2025-11-27;11;1318
1;2025-11-27;12;1366
1;2025-11-27;13;1391
1;2025-11-27;14;1333
1;2025-11-27;15;1454
1;2025-11-27;16;1491
1;2025-11-27;17;1754
1;2025-11-27;18;1775
1;2025-11-27;19;1356
1;2025-11-27;20;876
1;2025-11-27;21;477
1;2025-11-27;22;242
1;2025-11-27;23;53
1;2025-11-28;0;5
1;2025-11-28;1;0
1;2025-11-28;2;0
1;2025-11-28;3;0
1;2025-11-28;4;8
1;2025-11-28;5;132
1;2025-11-28;6;496
1;2025-11-28;7;1462
1;2025-11-28;8;1819
1;2025-11-28;9;1409
1;2025-11-28;10;1282
1;2025-11-28;11;1356
1;2025-11-28;12;1348
1;2025-11-28;13;1406
1;2025-11-28;14;1326
1;2025-11-28;15;1462
1;2025-11-28;16;1567
1;2025-11-28;17;1732
1;2025-11-28;18;1546
1;2025-11-28;19;1212
1;2025-11-28;20;803
1;2025-11-28;21;473
1;2025-11-28;22;237
1;2025-11-28;23;47
1;2025-11-29;0;5
1;2025-11-29;1;0
1;2025-11-29;2;0
1;2025-11-29;3;0
1;2025-11-29;4;0
1;2025-11-29;5;30
1;2025-11-29;6;173
1;2025-11-29;7;357
1;2025-11-29;8;471
1;2025-11-29;9;743
1;2025-11-29;10;833
1;2025-11-29;11;741
1;2025-11-29;12;957
1;2025-11-29;13;978
1;2025-11-29;14;914
1;2025-11-29;15;767
1;2025-11-29;16;748
1;2025-11-29;17;689
1;2025-11-29;18;635
1;2025-11-29;19;580
1;2025-11-29;20;420
1;2025-11-29;21;301
1;2025-11-29;22;138
1;2025-11-29;23;28
1;2025-11-30;0;1
1;2025-11-30;1;0
1;2025-11-30;2;0
1;2025-11-30;3;0
1;2025-11-30;4;0
1;2025-11-30;5;29
1;2025-11-30;6;137
1;2025-11-30;7;265
1;2025-11-30;8;365
1;2025-11-30;9;610
1;2025-11-30;10;700
1;2025-11-30;11;683
1;2025-11-30;12;836
1;2025-11-30;13;856
1;2025-11-30;14;770
1;2025-11-30;15;704
1;2025-11-30;16;639
1;2025-11-30;17;589
1;2025-11-30;18;568
1;2025-11-30;19;471
1;2025-11-30;20;360
1;2025-11-30;21;258
1;2025-11-30;22;106
1;2025-11-30;23;31
1;2025-12-01;0;0
1;2025-12-01;1;0
1;2025-12-01;2;0
1;2025-12-01;3;0
1;2025-12-01;4;8
1;2025-12-01;5;134
1;2025-12-01;6;537
1;2025-12-01;7;1490
1;2025-12-01;8;1909
1;2025-12-01;9;1395
1;2025-12-01;10;1244
1;2025-12-01;11;1255
1;2025-12-01;12;1320
1;2025-12-01;13;1318
1;2025-12-01;14;1306
1;2025-12-01;15;1454
1;2025-12-01;16;1529
1;2025-12-01;17;1784
1;2025-12-01;18;1859
1;2025-12-01;19;1428
1;2025-12-01;20;894
1;2025-12-01;21;453
1;2025-12-01;22;214
1;2025-12-01;23;35
1;2025-12-02;0;3
1;2025-12-02;1;0
1;2025-12-02;2;0
1;2025-12-02;3;1
1;2025-12-02;4;8
1;2025-12-02;5;133
1;2025-12-02;6;546
1;2025-12-02;7;1585
1;2025-12-02;8;1930
1;2025-12-02;9;1515
1;2025-12-02;10;1357
1;2025-12-02;11;1331
1;2025-12-02;12;1364
1;2025-12-02;13;1408
1;2025-12-02;14;1302
1;2025-12-02;15;1439
1;2025-12-02;16;1478
1;2025-12-02;17;1753
1;2025-12-02;18;1816
1;2025-12-02;19;1439
1;2025-12-02;20;922
1;2025-12-02;21;482
1;2025-12-02;22;258
1;2025-12-02;23;41
1;2025-12-03;0;3
1;2025-12-03;1;0
1;2025-12-03;2;0
1;2025-12-03;3;0
1;2025-12-03;4;9
1;2025-12-03;5;138
1;2025-12-03;6;556
1;2025-12-03;7;1527
1;2025-12-03;8;1989
1;2025-12-03;9;1455
1;2025-12-03;10;1332
1;2025-12-03;11;1319
1;2025-12-03;12;1360
1;2025-12-03;13;1397
1;2025-12-03;14;1350
1;2025-12-03;15;1519
1;2025-12-03;16;1478
1;2025-12-03;17;1773
1;2025-12-03;18;1811
1;2025-12-03;19;1407
1;2025-12-03;20;923
1;2025-12-03;21;488
1;2025-12-03;22;257
1;2025-12-03;23;43
1;2025-12-04;0;5
1;2025-12-04;1;0
1;2025-12-04;2;0
1;2025-12-04;3;0
1;2025-12-04;4;8
1;2025-12-04;5;122
1;2025-12-04;6;518
1;2025-12-04;7;1509
1;2025-12-04;8;1973
1;2025-12-04;9;1461
1;2025-12-04;10;1311
1;2025-12-04;11;1318
1;2025-12-04;12;1366
1;2025-12-04;13;1391
1;2025-12-04;14;1333
1;2025-12-04;15;1454
1;2025-12-04;16;1491
1;2025-12-04;17;1754
1;2025-12-04;18;1775
1;2025-12-04;19;1356
1;2025-12-04;20;876
1;2025-12-04;21;477
1;2025-12-04;22;242
1;2025-12-04;23;53
1;2025-12-05;0;5
1;2025-12-05;1;0
1;2025-12-05;2;0
1;2025-12-05;3;0
1;2025-12-05;4;8
1;2025-12-05;5;132
1;2025-12-05;6;496
1;2025-12-05;7;1462
1;2025-12-05;8;1819
1;2025-12-05;9;1409
1;2025-12-05;10;1282
1;2025-12-05;11;1356
1;2025-12-05;12;1348
1;2025-12-05;13;1406
1;2025-12-05;14;1326
1;2025-12-05;15;1462
1;2025-12-05;16;1567
1;2025-12-05;17;1732
1;2025-12-05;18;1546
1;2025-12-05;19;1212
1;2025-12-05;20;803
1;2025-12-05;21;473
1;2025-12-05;22;237
1;2025-12-05;23;47
1;2025-12-06;0;5
1;2025-12-06;1;0
1;2025-12-06;2;0
1;2025-12-06;3;0
1;2025-12-06;4;0
1;2025-12-06;5;30
1;2025-12-06;6;173
1;2025-12-06;7;357
1;2025-12-06;8;471
1;2025-12-06;9;743
1;2025-12-06;10;833
1;2025-12-06;11;741
1;2025-12-06;12;957
1;2025-12-06;13;978
1;2025-12-06;14;914
1;2025-12-06;15;767
1;2025-12-06;16;748
1;2025-12-06;17;689
1;2025-12-06;18;635
1;2025-12-06;19;580
1;2025-12-06;20;420
1;2025-12-06;21;301
1;2025-12-06;22;138
1;2025-12-06;23;28
1;2025-12-07;0;1
1;2025-12-07;1;0
1;2025-12-07;2;0
1;2025-12-07;3;0
1;2025-12-07;4;0
1;2025-12-07;5;29
1;2025-12-07;6;137
1;2025-12-07;7;265
1;2025-12-07;8;365
1;2025-12-07;9;610
1;2025-12-07;10;700
1;2025-12-07;11;683
1;2025-12-07;12;836
1;2025-12-07;13;856
1;2025-12-07;14;770
1;2025-12-07;15;704
1;2025-12-07;16;639
1;2025-12-07;17;589
1;2025-12-07;18;568
1;2025-12-07;19;471
1;2025-12-07;20;360
1;2025-12-07;21;258
1;2025-12-07;22;106
1;2025-12-07;23;31
1;2025-12-08;0;0
1;2025-12-08;1;0
1;2025-12-08;2;0
1;2025-12-08;3;0
1;2025-12-08;4;8
1;2025-12-08;5;134
1;2025-12-08;6;537
1;2025-12-08;7;1490
1;2025-12-08;8;1909
1;2025-12-08;9;1395
1;2025-12-08;10;1244
1;2025-12-08;11;1255
1;2025-12-08;12;1320
1;2025-12-08;13;1318
1;2025-12-08;14;1306
1;2025-12-08;15;1454
1;2025-12-08;16;1529
1;2025-12-08;17;1784
1;2025-12-08;18;1859
1;2025-12-08;19;1428
1;2025-12-08;20;894
1;2025-12-08;21;453
1;2025-12-08;22;214
1;2025-12-08;23;35
1;2025-12-09;0;3
1;2025-12-09;1;0
1;2025-12-09;2;0
1;2025-12-09;3;1
1;2025-12-09;4;8
1;2025-12-09;5;133
1;2025-12-09;6;546
1;2025-12-09;7;1585
1;2025-12-09;8;1930
1;2025-12-09;9;1515
1;2025-12-09;10;1357
1;2025-12-09;11;1331
1;2025-12-09;12;1364
1;2025-12-09;13;1408
1;2025-12-09;14;1302
1;2025-12-09;15;1439
1;2025-12-09;16;1478
1;2025-12-09;17;1753
1;2025-12-09;18;1816
1;2025-12-09;19;1439
1;2025-12-09;20;922
1;2025-12-09;21;482
1;2025-12-09;22;258
1;2025-12-09;23;41
1;2025-12-10;0;3
1;2025-12-10;1;0
1;2025-12-10;2;0
1;2025-12-10;3;0
1;2025-12-10;4;9
1;2025-12-10;5;138
1;2025-12-10;6;556
1;2025-12-10;7;1527
1;2025-12-10;8;1989
1;2025-12-10;9;1455
1;2025-12-10;10;1332
1;2025-12-10;11;1319
1;2025-12-10;12;1360
1;2025-12-10;13;1397
1;2025-12-10;14;1350
1;2025-12-10;15;1519
1;2025-12-10;16;1478
1;2025-12-10;17;1773
1;2025-12-10;18;1811
1;2025-12-10;19;1407
1;2025-12-10;20;923
1;2025-12-10;21;488
1;2025-12-10;22;257
1;2025-12-10;23;43
1;2025-12-11;0;5
1;2025-12-11;1;0
1;2025-12-11;2;0
1;2025-12-11;3;0
1;2025-12-11;4;8
1;2025-12-11;5;122
1;2025-12-11;6;518
1;2025-12-11;7;1509
1;2025-12-11;8;1973
1;2025-12-11;9;1461
1;2025-12-11;10;1311
1;2025-12-11;11;1318
1;2025-12-11;12;1366
1;2025-12-11;13;1391
1;2025-12-11;14;1333
1;2025-12-11;15;1454
1;2025-12-11;16;1491
1;2025-12-11;17;1754
1;2025-12-11;18;1775
1;2025-12-11;19;1356
1;2025-12-11;20;876
1;2025-12-11;21;477
1;2025-12-11;22;242
1;2025-12-11;23;53
1;2025-12-12;0;5
1;2025-12-12;1;0
1;2025-12-12;2;0
1;2025-12-12;3;0
1;2025-12-12;4;8
1;2025-12-12;5;132
1;2025-12-12;6;496
1;2025-12-12;7;1462
1;2025-12-12;8;1819
1;2025-12-12;9;1409
1;2025-12-12;10;1282
1;2025-12-12;11;1356
1;2025-12-12;12;1348
1;2025-12-12;13;1406
1;2025-12-12;14;1326
1;2025-12-12;15;1462
1;2025-12-12;16;1567
1;2025-12-12;17;1732
1;2025-12-12;18;1546
1;2025-12-12;19;1212
1;2025-12-12;20;803
1;2025-12-12;21;473
1;2025-12-12;22;237
1;2025-12-12;23;47
1;2025-12-13;0;5
1;2025-12-13;1;0
1;2025-12-13;2;0
1;2025-12-13;3;0
1;2025-12-13;4;0
1;2025-12-13;5;30
1;2025-12-13;6;173
1;2025-12-13;7;357
1;2025-12-13;8;471
1;2025-12-13;9;743
1;2025-12-13;10;833
1;2025-12-13;11;741
1;2025-12-13;12;957
1;2025-12-13;13;978
1;2025-12-13;14;914
1;2025-12-13;15;767
1;2025-12-13;16;748
1;2025-12-13;17;689
1;2025-12-13;18;635
1;2025-12-13;19;580
1;2025-12-13;20;420
1;2025-12-13;21;301
1;2025-12-13;22;138
1;2025-12-13;23;28
1;2025-12-14;0;1
1;2025-12-14;1;0
1;2025-12-14;2;0
1;2025-12-14;3;0
1;2025-12-14;4;0
1;2025-12-14;5;29
1;2025-12-14;6;137
1;2025-12-14;7;265
1;2025-12-14;8;365
1;2025-12-14;9;610
1;2025-12-14;10;700
1;2025-12-14;11;683
1;2025-12-14;12;836
1;2025-12-14;13;856
1;2025-12-14;14;770
1;2025-12-14;15;704
1;2025-12-14;16;639
1;2025-12-14;17;589
1;2025-12-14;18;568
1;2025-12-14;19;471
1;2025-12-14;20;360
1;2025-12-14;21;258
1;2025-12-14;22;106
1;2025-12-14;23;31
1;2025-12-15;0;0
1;2025-12-15;1;0
1;2025-12-15;2;0
1;2025-12-15;3;0
1;2025-12-15;4;8
1;2025-12-15;5;134
1;2025-12-15;6;537
1;2025-12-15;7;1490
1;2025-12-15;8;1909
1;2025-12-15;9;1395
1;2025-12-15;10;1244
1;2025-12-15;11;1255
1;2025-12-15;12;1320
1;2025-12-15;13;1318
1;2025-12-15;14;1306
1;2025-12-15;15;1454
1;2025-12-15;16;1529
1;2025-12-15;17;1784
1;2025-12-15;18;1859
1;2025-12-15;19;1428
1;2025-12-15;20;894
1;2025-12-15;21;453
1;2025-12-15;22;214
1;2025-12-15;23;35
1;2025-12-16;0;3
1;2025-12-16;1;0
1;2025-12-16;2;0
1;2025-12-16;3;1
1;2025-12-16;4;8
1;2025-12-16;5;133
1;2025-12-16;6;546
1;2025-12-16;7;1585
1;2025-12-16;8;1930
1;2025-12-16;9;1515
1;2025-12-16;10;1357
1;2025-12-16;11;1331
1;2025-12-16;12;1364
1;2025-12-16;13;1408
1;2025-12-16;14;1302
1;2025-12-16;15;1439
1;2025-12-16;16;1478
1;2025-12-16;17;1753
1;2025-12-16;18;1816
1;2025-12-16;19;1439
1;2025-12-16;20;922
1;2025-12-16;21;482
1;2025-12-16;22;258
1;2025-12-16;23;41
1;2025-12-17;0;3
1;2025-12-17;1;0
1;2025-12-17;2;0
1;2025-12-17;3;0
1;2025-12-17;4;9
1;2025-12-17;5;138
1;2025-12-17;6;556
1;2025-12-17;7;1527
1;2025-12-17;8;1989
1;2025-12-17;9;1455
1;2025-12-17;10;1332
1;2025-12-17;11;1319
1;2025-12-17;12;1360
1;2025-12-17;13;1397
1;2025-12-17;14;1350
1;2025-12-17;15;1519
1;2025-12-17;16;1478
1;2025-12-17;17;1773
1;2025-12-17;18;1811
1;2025-12-17;19;1407
1;2025-12-17;20;923
1;2025-12-17;21;488
1;2025-12-17;22;257
1;2025-12-17;23;43
1;2025-12-18;0;5
1;2025-12-18;1;0
1;2025-12-18;2;0
1;2025-12-18;3;0
1;2025-12-18;4;8
1;2025-12-18;5;122
1;2025-12-18;6;518
1;2025-12-18;7;1509
1;2025-12-18;8;1973
1;2025-12-18;9;1461
1;2025-12-18;10;1311
1;2025-12-18;11;1318
1;2025-12-18;12;1366
1;2025-12-18;13;1391
1;2025-12-18;14;1333
1;2025-12-18;15;1454
1;2025-12-18;16;1491
1;2025-12-18;17;1754
1;2025-12-18;18;1775
1;2025-12-18;19;1356
1;2025-12-18;20;876
1;2025-12-18;21;477
1;2025-12-18;22;242
1;2025-12-18;23;53
1;2025-12-19;0;5
1;2025-12-19;1;0
1;2025-12-19;2;0
1;2025-12-19;3;0
1;2025-12-19;4;8
1;2025-12-19;5;132
1;2025-12-19;6;496
1;2025-12-19;7;1462
1;2025-12-19;8;1819
1;2025-12-19;9;1409
1;2025-12-19;10;1282
1;2025-12-19;11;1356
1;2025-12-19;12;1348
1;2025-12-19;13;1406
1;2025-12-19;14;1326
1;2025-12-19;15;1462
1;2025-12-19;16;1567
1;2025-12-19;17;1732
1;2025-12-19;18;1546
1;2025-12-19;19;1212
1;2025-12-19;20;803
1;2025-12-19;21;473
1;2025-12-19;22;237
1;2025-12-19;23;47
1;2025-12-20;0;5
1;2025-12-20;1;0
1;2025-12-20;2;0
1;2025-12-20;3;0
1;2025-12-20;4;0
1;2025-12-20;5;30
1;2025-12-20;6;173
1;2025-12-20;7;357
1;2025-12-20;8;471
1;2025-12-20;9;743
1;2025-12-20;10;833
1;2025-12-20;11;741
1;2025-12-20;12;957
1;2025-12-20;13;978
1;2025-12-20;14;914
1;2025-12-20;15;767
1;2025-12-20;16;748
1;2025-12-20;17;689
1;2025-12-20;18;635
1;2025-12-20;19;580
1;2025-12-20;20;420
1;2025-12-20;21;301
1;2025-12-20;22;138
1;2025-12-20;23;28
1;2025-12-21;0;1
1;2025-12-21;1;0
1;2025-12-21;2;0
1;2025-12-21;3;0
1;2025-12-21;4;0
1;2025-12-21;5;29
1;2025-12-21;6;137
1;2025-12-21;7;265
1;2025-12-21;8;365
1;2025-12-21;9;610
1;2025-12-21;10;700
1;2025-12-21;11;683
1;2025-12-21;12;836
1;2025-12-21;13;856
1;2025-12-21;14;770
1;2025-12-21;15;704
1;2025-12-21;16;639
1;2025-12-21;17;589
1;2025-12-21;18;568
1;2025-12-21;19;471
1;2025-12-21;20;360
1;2025-12-21;21;258
1;2025-12-21;22;106
1;2025-12-21;23;31
1;2025-12-22;0;0
1;2025-12-22;1;0
1;2025-12-22;2;0
1;2025-12-22;3;0
1;2025-12-22;4;8
1;2025-12-22;5;134
1;2025-12-22;6;537
1;2025-12-22;7;1490
1;2025-12-22;8;1909
1;2025-12-22;9;1395
1;2025-12-22;10;1244
1;2025-12-22;11;1255
1;2025-12-22;12;1320
1;2025-12-22;13;1318
1;2025-12-22;14;1306
1;2025-12-22;15;1454
1;2025-12-22;16;1529
1;2025-12-22;17;1784
1;2025-12-22;18;1859
1;2025-12-22;19;1428
1;2025-12-22;20;894
1;2025-12-22;21;453
1;2025-12-22;22;214
1;2025-12-22;23;35
1;2025-12-23;0;3
1;2025-12-23;1;0
1;2025-12-23;2;0
1;2025-12-23;3;1
1;2025-12-23;4;8
1;2025-12-23;5;133
1;2025-12-23;6;546
1;2025-12-23;7;1585
1;2025-12-23;8;1930
1;2025-12-23;9;1515
1;2025-12-23;10;1357
1;2025-12-23;11;1331
1;2025-12-23;12;1364
1;2025-12-23;13;1408
1;2025-12-23;14;1302
1;2025-12-23;15;1439
1;2025-12-23;16;1478
1;2025-12-23;17;1753
1;2025-12-23;18;1816
1;2025-12-23;19;1439
1;2025-12-23;20;922
1;2025-12-23;21;482
1;2025-12-23;22;258
1;2025-12-23;23;41
1;2025-12-24;0;3
1;2025-12-24;1;0
1;2025-12-24;2;0
1;2025-12-24;3;0
1;2025-12-24;4;9
1;2025-12-24;5;138
1;2025-12-24;6;556
1;2025-12-24;7;1527
1;2025-12-24;8;1989
1;2025-12-24;9;1455
1;2025-12-24;10;1332
1;2025-12-24;11;1319
1;2025-12-24;12;1360
1;2025-12-24;13;1397
1;2025-12-24;14;1350
1;2025-12-24;15;1519
1;2025-12-24;16;1478
1;2025-12-24;17;1773
1;2025-12-24;18;1811
1;2025-12-24;19;1407
1;2025-12-24;20;923
1;2025-12-24;21;488
1;2025-12-24;22;257
1;2025-12-24;23;43
1;2025-12-25;0;5
1;2025-12-25;1;0
1;2025-12-25;2;0
1;2025-12-25;3;0
1;2025-12-25;4;8
1;2025-12-25;5;122
1;2025-12-25;6;518
1;2025-12-25;7;1509
1;2025-12-25;8;1973
1;2025-12-25;9;1461
1;2025-12-25;10;1311
1;2025-12-25;11;1318
1;2025-12-25;12;1366
1;2025-12-25;13;1391
1;2025-12-25;14;1333
1;2025-12-25;15;1454
1;2025-12-25;16;1491
1;2025-12-25;17;1754
1;2025-12-25;18;1775
1;2025-12-25;19;1356
1;2025-12-25;20;876
1;2025-12-25;21;477
1;2025-12-25;22;242
1;2025-12-25;23;53
1;2025-12-26;0;5
1;2025-12-26;1;0
1;2025-12-26;2;0
1;2025-12-26;3;0
1;2025-12-26;4;8
1;2025-12-26;5;132
1;2025-12-26;6;496
1;2025-12-26;7;1462
1;2025-12-26;8;1819
1;2025-12-26;9;1409
1;2025-12-26;10;1282
1;2025-12-26;11;1356
1;2025-12-26;12;1348
1;2025-12-26;13;1406
1;2025-12-26;14;1326
1;2025-12-26;15;1462
1;2025-12-26;16;1567
1;2025-12-26;17;1732
1;2025-12-26;18;1546
1;2025-12-26;19;1212
1;2025-12-26;20;803
1;2025-12-26;21;473
1;2025-12-26;22;237
1;2025-12-26;23;47
1;2025-12-27;0;5
1;2025-12-27;1;0
1;2025-12-27;2;0
1;2025-12-27;3;0
1;2025-12-27;4;0
1;2025-12-27;5;30
1;2025-12-27;6;173
1;2025-12-27;7;357
1;2025-12-27;8;471
1;2025-12-27;9;743
1;2025-12-27;10;833
1;2025-12-27;11;741
1;2025-12-27;12;957
1;2025-12-27;13;978
1;2025-12-27;14;914
1;2025-12-27;15;767
1;2025-12-27;16;748
1;2025-12-27;17;689
1;2025-12-27;18;635
1;2025-12-27;19;580
1;2025-12-27;20;420
1;2025-12-27;21;301
1;2025-12-27;22;138
1;2025-12-27;23;28
1;2025-12-28;0;1
1;2025-12-28;1;0
1;2025-12-28;2;0
1;2025-12-28;3;0
1;2025-12-28;4;0
1;2025-12-28;5;29
1;2025-12-28;6;137
1;2025-12-28;7;265
1;2025-12-28;8;365
1;2025-12-28;9;610
1;2025-12-28;10;700
1;2025-12-28;11;683
1;2025-12-28;12;836
1;2025-12-28;13;856
1;2025-12-28;14;770
1;2025-12-28;15;704
1;2025-12-28;16;639
1;2025-12-28;17;589
1;2025-12-28;18;568
1;2025-12-28;19;471
1;2025-12-28;20;360
1;2025-12-28;21;258
1;2025-12-28;22;106
1;2025-12-28;23;31
1;2025-12-29;0;0
1;2025-12-29;1;0
1;2025-12-29;2;0
1;2025-12-29;3;0
1;2025-12-29;4;8
1;2025-12-29;5;134
1;2025-12-29;6;537
1;2025-12-29;7;1490
1;2025-12-29;8;1909
1;2025-12-29;9;1395
1;2025-12-29;10;1244
1;2025-12-29;11;1255
1;2025-12-29;12;1320
1;2025-12-29;13;1318
1;2025-12-29;14;1306
1;2025-12-29;15;1454
1;2025-12-29;16;1529
1;2025-12-29;17;1784
1;2025-12-29;18;1859
1;2025-12-29;19;1428
1;2025-12-29;20;894
1;2025-12-29;21;453
1;2025-12-29;22;214
1;2025-12-29;23;35
1;2025-12-30;0;3
1;2025-12-30;1;0
1;2025-12-30;2;0
1;2025-12-30;3;1
1;2025-12-30;4;8
1;2025-12-30;5;133
1;2025-12-30;6;546
1;2025-12-30;7;1585
1;2025-12-30;8;1930
1;2025-12-30;9;1515
1;2025-12-30;10;1357
1;2025-12-30;11;1331
1;2025-12-30;12;1364
1;2025-12-30;13;1408
1;2025-12-30;14;1302
1;2025-12-30;15;1439
1;2025-12-30;16;1478
1;2025-12-30;17;1753
1;2025-12-30;18;1816
1;2025-12-30;19;1439
1;2025-12-30;20;922
1;2025-12-30;21;482
1;2025-12-30;22;258
1;2025-12-30;23;41
1;2025-12-31;0;1
1;2025-12-31;1;0
1;2025-12-31;2;0
1;2025-12-31;3;0
1;2025-12-31;4;0
1;2025-12-31;5;29
1;2025-12-31;6;137
1;2025-12-31;7;265
1;2025-12-31;8;365
1;2025-12-31;9;610
1;2025-12-31;10;700
1;2025-12-31;11;683
1;2025-12-31;12;836
1;2025-12-31;13;856
1;2025-12-31;14;770
1;2025-12-31;15;704
1;2025-12-31;16;639
1;2025-12-31;17;589
1;2025-12-31;18;568
1;2025-12-31;19;471
1;2025-12-31;20;360
1;2025-12-31;21;258
1;2025-12-31;22;106
1;2025-12-31;23;31
5;2025-11-01;0;0
5;2025-11-01;1;0
5;2025-11-01;2;0
5;2025-11-01;3;0
5;2025-11-01;4;0
5;2025-11-01;5;0
5;2025-11-01;6;0
5;2025-11-01;7;0
5;2025-11-01;8;0
5;2025-11-01;9;0
5;2025-11-01;10;0
5;2025-11-01;11;0
5;2025-11-01;12;0
5;2025-11-01;13;0
5;2025-11-01;14;0
5;2025-11-01;15;0
5;2025-11-01;16;0
5;2025-11-01;17;0
5;2025-11-01;18;0
5;2025-11-01;19;0
5;2025-11-01;20;0
5;2025-11-01;21;0
5;2025-11-01;22;0
5;2025-11-01;23;0
5;2025-11-02;0;0
5;2025-11-02;1;0
5;2025-11-02;2;0
5;2025-11-02;3;0
5;2025-11-02;4;0
5;2025-11-02;5;0
5;2025-11-02;6;0
5;2025-11-02;7;0
5;2025-11-02;8;0
5;2025-11-02;9;0
5;2025-11-02;10;0
5;2025-11-02;11;0
5;2025-11-02;12;0
5;2025-11-02;13;0
5;2025-11-02;14;0
5;2025-11-02;15;0
5;2025-11-02;16;0
5;2025-11-02;17;0
5;2025-11-02;18;0
5;2025-11-02;19;0
5;2025-11-02;20;0
5;2025-11-02;21;0
5;2025-11-02;22;0
5;2025-11-02;23;0
5;2025-11-03;0;0
5;2025-11-03;1;0
5;2025-11-03;2;0
5;2025-11-03;3;0
5;2025-11-03;4;0
5;2025-11-03;5;0
5;2025-11-03;6;0
5;2025-11-03;7;0
5;2025-11-03;8;0
5;2025-11-03;9;0
5;2025-11-03;10;0
5;2025-11-03;11;0
5;2025-11-03;12;0
5;2025-11-03;13;0
5;2025-11-03;14;0
5;2025-11-03;15;0
5;2025-11-03;16;0
5;2025-11-03;17;0
5;2025-11-03;18;0
5;2025-11-03;19;0
5;2025-11-03;20;0
5;2025-11-03;21;0
5;2025-11-03;22;0
5;2025-11-03;23;0
5;2025-11-04;0;0
5;2025-11-04;1;0
5;2025-11-04;2;0
5;2025-11-04;3;0
5;2025-11-04;4;0
5;2025-11-04;5;0
5;2025-11-04;6;0
5;2025-11-04;7;0
5;2025-11-04;8;0
5;2025-11-04;9;0
5;2025-11-04;10;0
5;2025-11-04;11;0
5;2025-11-04;12;0
5;2025-11-04;13;0
5;2025-11-04;14;0
5;2025-11-04;15;0
5;2025-11-04;16;0
5;2025-11-04;17;0
5;2025-11-04;18;0
5;2025-11-04;19;0
5;2025-11-04;20;0
5;2025-11-04;21;0
5;2025-11-04;22;0
5;2025-11-04;23;0
5;2025-11-05;0;0
5;2025-11-05;1;0
5;2025-11-05;2;0
5;2025-11-05;3;0
5;2025-11-05;4;0
5;2025-11-05;5;0
5;2025-11-05;6;0
5;2025-11-05;7;0
5;2025-11-05;8;0
5;2025-11-05;9;0
5;2025-11-05;10;0
5;2025-11-05;11;0
5;2025-11-05;12;0
5;2025-11-05;13;0
5;2025-11-05;14;0
5;2025-11-05;15;0
5;2025-11-05;16;0
5;2025-11-05;17;0
5;2025-11-05;18;0
5;2025-11-05;19;0
5;2025-11-05;20;0
5;2025-11-05;21;0
5;2025-11-05;22;0
5;2025-11-05;23;0
5;2025-11-06;0;0
5;2025-11-06;1;0
5;2025-11-06;2;0
5;2025-11-06;3;0
5;2025-11-06;4;0
5;2025-11-06;5;0
5;2025-11-06;6;0
5;2025-11-06;7;0
5;2025-11-06;8;0
5;2025-11-06;9;0
5;2025-11-06;10;0
5;2025-11-06;11;0
5;2025-11-06;12;0
5;2025-11-06;13;0
5;2025-11-06;14;0
5;2025-11-06;15;0
5;2025-11-06;16;0
5;2025-11-06;17;0
5;2025-11-06;18;0
5;2025-11-06;19;0
5;2025-11-06;20;0
5;2025-11-06;21;0
5;2025-11-06;22;0
5;2025-11-06;23;0
5;2025-11-07;0;0
5;2025-11-07;1;0
5;2025-11-07;2;0
5;2025-11-07;3;0
5;2025-11-07;4;0
5;2025-11-07;5;0
5;2025-11-07;6;0
5;2025-11-07;7;0
5;2025-11-07;8;0
5;2025-11-07;9;0
5;2025-11-07;10;0
5;2025-11-07;11;0
5;2025-11-07;12;0
5;2025-11-07;13;0
5;2025-11-07;14;0
5;2025-11-07;15;0
5;2025-11-07;16;0
5;2025-11-07;17;0
5;2025-11-07;18;0
5;2025-11-07;19;0
5;2025-11-07;20;0
5;2025-11-07;21;0
5;2025-11-07;22;0
5;2025-11-07;23;0
5;2025-11-08;0;0
5;2025-11-08;1;0
5;2025-11-08;2;0
5;2025-11-08;3;0
5;2025-11-08;4;0
5;2025-11-08;5;0
5;2025-11-08;6;0
5;2025-11-08;7;0
5;2025-11-08;8;0
5;2025-11-08;9;0
5;2025-11-08;10;0
5;2025-11-08;11;0
5;2025-11-08;12;0
5;2025-11-08;13;0
5;2025-11-08;14;0
5;2025-11-08;15;0
5;2025-11-08;16;0
5;2025-11-08;17;0
5;2025-11-08;18;0
5;2025-11-08;19;0
5;2025-11-08;20;0
5;2025-11-08;21;0
5;2025-11-08;22;0
5;2025-11-08;23;0
5;2025-11-09;0;0
5;2025-11-09;1;0
5;2025-11-09;2;0
5;2025-11-09;3;0
5;2025-11-09;4;0
5;2025-11-09;5;0
5;2025-11-09;6;0
5;2025-11-09;7;0
5;2025-11-09;8;0
5;2025-11-09;9;0
5;2025-11-09;10;0
5;2025-11-09;11;0
5;2025-11-09;12;0
5;2025-11-09;13;0
5;2025-11-09;14;0
5;2025-11-09;15;0
5;2025-11-09;16;0
5;2025-11-09;17;0
5;2025-11-09;18;0
5;2025-11-09;19;0
5;2025-11-09;20;0
5;2025-11-09;21;0
5;2025-11-09;22;0
5;2025-11-09;23;0
5;2025-11-10;0;0
5;2025-11-10;1;0
5;2025-11-10;2;0
5;2025-11-10;3;0
5;2025-11-10;4;0
5;2025-11-10;5;0
5;2025-11-10;6;0
5;2025-11-10;7;0
5;2025-11-10;8;0
5;2025-11-10;9;0
5;2025-11-10;10;0
5;2025-11-10;11;0
5;2025-11-10;12;0
5;2025-11-10;13;0
5;2025-11-10;14;0
5;2025-11-10;15;0
5;2025-11-10;16;0
5;2025-11-10;17;0
5;2025-11-10;18;0
5;2025-11-10;19;0
5;2025-11-10;20;0
5;2025-11-10;21;0
5;2025-11-10;22;0
5;2025-11-10;23;0
5;2025-11-11;0;0
5;2025-11-11;1;0
5;2025-11-11;2;0
5;2025-11-11;3;0
5;2025-11-11;4;0
5;2025-11-11;5;0
5;2025-11-11;6;0
5;2025-11-11;7;0
5;2025-11-11;8;0
5;2025-11-11;9;0
5;2025-11-11;10;0
5;2025-11-11;11;0
5;2025-11-11;12;0
5;2025-11-11;13;0
5;2025-11-11;14;0
5;2025-11-11;15;0
5;2025-11-11;16;0
5;2025-11-11;17;0
5;2025-11-11;18;0
5;2025-11-11;19;0
5;2025-11-11;20;0
5;2025-11-11;21;0
5;2025-11-11;22;0
5;2025-11-11;23;0
5;2025-11-12;0;0
5;2025-11-12;1;0
5;2025-11-12;2;0
5;2025-11-12;3;0
5;2025-11-12;4;0
5;2025-11-12;5;0
5;2025-11-12;6;0
5;2025-11-12;7;0
5;2025-11-12;8;0
5;2025-11-12;9;0
5;2025-11-12;10;0
5;2025-11-12;11;0
5;2025-11-12;12;0
5;2025-11-12;13;0
5;2025-11-12;14;0
5;2025-11-12;15;0
5;2025-11-12;16;0
5;2025-11-12;17;0
5;2025-11-12;18;0
5;2025-11-12;19;0
5;2025-11-12;20;0
5;2025-11-12;21;0
5;2025-11-12;22;0
5;2025-11-12;23;0
5;2025-11-13;0;0
5;2025-11-13;1;0
5;2025-11-13;2;0
5;2025-11-13;3;0
5;2025-11-13;4;0
5;2025-11-13;5;0
5;2025-11-13;6;0
5;2025-11-13;7;0
5;2025-11-13;8;0
5;2025-11-13;9;0
5;2025-11-13;10;0
5;2025-11-13;11;0
5;2025-11-13;12;0
5;2025-11-13;13;0
5;2025-11-13;14;0
5;2025-11-13;15;0
5;2025-11-13;16;0
5;2025-11-13;17;0
5;2025-11-13;18;0
5;2025-11-13;19;0
5;2025-11-13;20;0
5;2025-11-13;21;0
5;2025-11-13;22;0
5;2025-11-13;23;0
5;2025-11-14;0;0
5;2025-11-14;1;0
5;2025-11-14;2;0
5;2025-11-14;3;0
5;2025-11-14;4;0
5;2025-11-14;5;0
5;2025-11-14;6;0
5;2025-11-14;7;0
5;2025-11-14;8;0
5;2025-11-14;9;0
5;2025-11-14;10;0
5;2025-11-14;11;0
5;2025-11-14;12;0
5;2025-11-14;13;0
5;2025-11-14;14;0
5;2025-11-14;15;0
5;2025-11-14;16;0
5;2025-11-14;17;0
5;2025-11-14;18;0
5;2025-11-14;19;0
5;2025-11-14;20;0
5;2025-11-14;21;0
5;2025-11-14;22;0
5;2025-11-14;23;0
5;2025-11-15;0;0
5;2025-11-15;1;0
5;2025-11-15;2;0
5;2025-11-15;3;0
5;2025-11-15;4;0
5;2025-11-15;5;0
5;2025-11-15;6;0
5;2025-11-15;7;0
5;2025-11-15;8;0
5;2025-11-15;9;0
5;2025-11-15;10;0
5;2025-11-15;11;0
5;2025-11-15;12;0
5;2025-11-15;13;0
5;2025-11-15;14;0
5;2025-11-15;15;0
5;2025-11-15;16;0
5;2025-11-15;17;0
5;2025-11-15;18;0
5;2025-11-15;19;0
5;2025-11-15;20;0
5;2025-11-15;21;0
5;2025-11-15;22;0
5;2025-11-15;23;0
5;2025-11-16;0;0
5;2025-11-16;1;0
5;2025-11-16;2;0
5;2025-11-16;3;0
5;2025-11-16;4;0
5;2025-11-16;5;0
5;2025-11-16;6;0
5;2025-11-16;7;0
5;2025-11-16;8;0
5;2025-11-16;9;0
5;2025-11-16;10;0
5;2025-11-16;11;0
5;2025-11-16;12;0
5;2025-11-16;13;0
5;2025-11-16;14;0
5;2025-11-16;15;0
5;2025-11-16;16;0
5;2025-11-16;17;0
5;2025-11-16;18;0
5;2025-11-16;19;0
5;2025-11-16;20;0
5;2025-11-16;21;0
5;2025-11-16;22;0
5;2025-11-16;23;0
5;2025-11-17;0;0
5;2025-11-17;1;0
5;2025-11-17;2;0
5;2025-11-17;3;0
5;2025-11-17;4;0
5;2025-11-17;5;0
5;2025-11-17;6;0
5;2025-11-17;7;0
5;2025-11-17;8;0
5;2025-11-17;9;0
5;2025-11-17;10;0
5;2025-11-17;11;0
5;2025-11-17;12;0
5;2025-11-17;13;0
5;2025-11-17;14;0
5;2025-11-17;15;0
5;2025-11-17;16;0
5;2025-11-17;17;0
5;2025-11-17;18;0
5;2025-11-17;19;0
5;2025-11-17;20;0
5;2025-11-17;21;0
5;2025-11-17;22;0
5;2025-11-17;23;0
5;2025-11-18;0;0
5;2025-11-18;1;0
5;2025-11-18;2;0
5;2025-11-18;3;0
5;2025-11-18;4;0
5;2025-11-18;5;0
5;2025-11-18;6;0
5;2025-11-18;7;0
5;2025-11-18;8;0
5;2025-11-18;9;0
5;2025-11-18;10;0
5;2025-11-18;11;0
5;2025-11-18;12;0
5;2025-11-18;13;0
5;2025-11-18;14;0
5;2025-11-18;15;0
5;2025-11-18;16;0
5;2025-11-18;17;0
5;2025-11-18;18;0
5;2025-11-18;19;0
5;2025-11-18;20;0
5;2025-11-18;21;0
5;2025-11-18;22;0
5;2025-11-18;23;0
5;2025-11-19;0;0
5;2025-11-19;1;0
5;2025-11-19;2;0
5;2025-11-19;3;0
5;2025-11-19;4;0
5;2025-11-19;5;0
5;2025-11-19;6;0
5;2025-11-19;7;0
5;2025-11-19;8;0
5;2025-11-19;9;0
5;2025-11-19;10;0
5;2025-11-19;11;0
5;2025-11-19;12;0
5;2025-11-19;13;0
5;2025-11-19;14;0
5;2025-11-19;15;0
5;2025-11-19;16;0
5;2025-11-19;17;0
5;2025-11-19;18;0
5;2025-11-19;19;0
5;2025-11-19;20;0
5;2025-11-19;21;0
5;2025-11-19;22;0
5;2025-11-19;23;0
5;2025-11-20;0;0
5;2025-11-20;1;0
5;2025-11-20;2;0
5;2025-11-20;3;0
5;2025-11-20;4;0
5;2025-11-20;5;0
5;2025-11-20;6;0
5;2025-11-20;7;0
5;2025-11-20;8;0
5;2025-11-20;9;0
5;2025-11-20;10;0
5;2025-11-20;11;0
5;2025-11-20;12;0
5;2025-11-20;13;0
5;2025-11-20;14;0
5;2025-11-20;15;0
5;2025-11-20;16;0
5;2025-11-20;17;0
5;2025-11-20;18;0
5;2025-11-20;19;0
5;2025-11-20;20;0
5;2025-11-20;21;0
5;2025-11-20;22;0
5;2025-11-20;23;0
5;2025-11-21;0;0
5;2025-11-21;1;0
5;2025-11-21;2;0
5;2025-11-21;3;0
5;2025-11-21;4;0
5;2025-11-21;5;0
5;2025-11-21;6;0
5;2025-11-21;7;0
5;2025-11-21;8;0
5;2025-11-21;9;0
5;2025-11-21;10;0
5;2025-11-21;11;0
5;2025-11-21;12;0
5;2025-11-21;13;0
5;2025-11-21;14;0
5;2025-11-21;15;0
5;2025-11-21;16;0
5;2025-11-21;17;0
5;2025-11-21;18;0
5;2025-11-21;19;0
5;2025-11-21;20;0
5;2025-11-21;21;0
5;2025-11-21;22;0
5;2025-11-21;23;0
5;2025-11-22;0;0
5;2025-11-22;1;0
5;2025-11-22;2;0
5;2025-11-22;3;0
5;2025-11-22;4;0
5;2025-11-22;5;0
5;2025-11-22;6;0
5;2025-11-22;7;0
5;2025-11-22;8;0
5;2025-11-22;9;0
5;2025-11-22;10;0
5;2025-11-22;11;0
5;2025-11-22;12;0
5;2025-11-22;13;0
5;2025-11-22;14;0
5;2025-11-22;15;0
5;2025-11-22;16;0
5;2025-11-22;17;0
5;2025-11-22;18;0
5;2025-11-22;19;0
5;2025-11-22;20;0
5;2025-11-22;21;0
5;2025-11-22;22;0
5;2025-11-22;23;0
5;2025-11-23;0;0
5;2025-11-23;1;0
5;2025-11-23;2;0
5;2025-11-23;3;0
5;2025-11-23;4;0
5;2025-11-23;5;0
5;2025-11-23;6;0
5;2025-11-23;7;0
5;2025-11-23;8;0
5;2025-11-23;9;0
5;2025-11-23;10;0
5;2025-11-23;11;0
5;2025-11-23;12;0
5;2025-11-23;13;0
5;2025-11-23;14;0
5;2025-11-23;15;0
5;2025-11-23;16;0
5;2025-11-23;17;0
5;2025-11-23;18;0
5;2025-11-23;19;0
5;2025-11-23;20;0
5;2025-11-23;21;0
5;2025-11-23;22;0
5;2025-11-23;23;0
5;2025-11-24;0;0
5;2025-11-24;1;0
5;2025-11-24;2;0
5;2025-11-24;3;0
5;2025-11-24;4;0
5;2025-11-24;5;0
5;2025-11-24;6;0
5;2025-11-24;7;0
5;2025-11-24;8;0
5;2025-11-24;9;0
5;2025-11-24;10;0
5;2025-11-24;11;0
5;2025-11-24;12;0
5;2025-11-24;13;0
5;2025-11-24;14;0
5;2025-11-24;15;0
5;2025-11-24;16;0
5;2025-11-24;17;0
5;2025-11-24;18;0
5;2025-11-24;19;0
5;2025-11-24;20;0
5;2025-11-24;21;0
5;2025-11-24;22;0
5;2025-11-24;23;0
5;2025-11-25;0;0
5;2025-11-25;1;0
5;2025-11-25;2;0
5;2025-11-25;3;0
5;2025-11-25;4;0
5;2025-11-25;5;0
5;2025-11-25;6;0
5;2025-11-25;7;0
5;2025-11-25;8;0
5;2025-11-25;9;0
5;2025-11-25;10;0
5;2025-11-25;11;0
5;2025-11-25;12;0
5;2025-11-25;13;0
5;2025-11-25;14;0
5;2025-11-25;15;0
5;2025-11-25;16;0
5;2025-11-25;17;0
5;2025-11-25;18;0
5;2025-11-25;19;0
5;2025-11-25;20;0
5;2025-11-25;21;0
5;2025-11-25;22;0
5;2025-11-25;23;0
5;2025-11-26;0;0
5;2025-11-26;1;0
5;2025-11-26;2;0
5;2025-11-26;3;0
5;2025-11-26;4;0
5;2025-11-26;5;0
5;2025-11-26;6;0
5;2025-11-26;7;0
5;2025-11-26;8;0
5;2025-11-26;9;0
5;2025-11-26;10;0
5;2025-11-26;11;0
5;2025-11-26;12;0
5;2025-11-26;13;0
5;2025-11-26;14;0
5;2025-11-26;15;0
5;2025-11-26;16;0
5;2025-11-26;17;0
5;2025-11-26;18;0
5;2025-11-26;19;0
5;2025-11-26;20;0
5;2025-11-26;21;0
5;2025-11-26;22;0
5;2025-11-26;23;0
5;2025-11-27;0;0
5;2025-11-27;1;0
5;2025-11-27;2;0
5;2025-11-27;3;0
5;2025-11-27;4;0
5;2025-11-27;5;0
5;2025-11-27;6;0
5;2025-11-27;7;0
5;2025-11-27;8;0
5;2025-11-27;9;0
5;2025-11-27;10;0
5;2025-11-27;11;0
5;2025-11-27;12;0
5;2025-11-27;13;0
5;2025-11-27;14;0
5;2025-11-27;15;0
5;2025-11-27;16;0
5;2025-11-27;17;0
5;2025-11-27;18;0
5;2025-11-27;19;0
5;2025-11-27;20;0
5;2025-11-27;21;0
5;2025-11-27;22;0
5;2025-11-27;23;0
5;2025-11-28;0;0
5;2025-11-28;1;0
5;2025-11-28;2;0
5;2025-11-28;3;0
5;2025-11-28;4;0
5;2025-11-28;5;0
5;2025-11-28;6;0
5;2025-11-28;7;0
5;2025-11-28;8;0
5;2025-11-28;9;0
5;2025-11-28;10;0
5;2025-11-28;11;0
5;2025-11-28;12;0
5;2025-11-28;13;0
5;2025-11-28;14;0
5;2025-11-28;15;0
5;2025-11-28;16;0
5;2025-11-28;17;0
5;2025-11-28;18;0
5;2025-11-28;19;0
5;2025-11-28;20;0
5;2025-11-28;21;0
5;2025-11-28;22;0
5;2025-11-28;23;0
5;2025-11-29;0;0
5;2025-11-29;1;0
5;2025-11-29;2;0
5;2025-11-29;3;0
5;2025-11-29;4;0
5;2025-11-29;5;0
5;2025-11-29;6;0
5;2025-11-29;7;0
5;2025-11-29;8;0
5;2025-11-29;9;0
5;2025-11-29;10;0
5;2025-11-29;11;0
5;2025-11-29;12;0
5;2025-11-29;13;0
5;2025-11-29;14;0
5;2025-11-29;15;0
5;2025-11-29;16;0
5;2025-11-29;17;0
5;2025-11-29;18;0
5;2025-11-29;19;0
5;2025-11-29;20;0
5;2025-11-29;21;0
5;2025-11-29;22;0
5;2025-11-29;23;0
5;2025-11-30;0;0
5;2025-11-30;1;0
5;2025-11-30;2;0
5;2025-11-30;3;0
5;2025-11-30;4;0
5;2025-11-30;5;0
5;2025-11-30;6;0
5;2025-11-30;7;0
5;2025-11-30;8;0
5;2025-11-30;9;0
5;2025-11-30;10;0
5;2025-11-30;11;0
5;2025-11-30;12;0
5;2025-11-30;13;0
5;2025-11-30;14;0
5;2025-11-30;15;0
5;2025-11-30;16;0
5;2025-11-30;17;0
5;2025-11-30;18;0
5;2025-11-30;19;0
5;2025-11-30;20;0
5;2025-11-30;21;0
5;2025-11-30;22;0
5;2025-11-30;23;0
5;2025-12-01;0;0
5;2025-12-01;1;0
5;2025-12-01;2;0
5;2025-12-01;3;0
5;2025-12-01;4;0
5;2025-12-01;5;0
5;2025-12-01;6;0
5;2025-12-01;7;0
5;2025-12-01;8;0
5;2025-12-01;9;0
5;2025-12-01;10;0
5;2025-12-01;11;0
5;2025-12-01;12;0
5;2025-12-01;13;0
5;2025-12-01;14;0
5;2025-12-01;15;0
5;2025-12-01;16;0
5;2025-12-01;17;0
5;2025-12-01;18;0
5;2025-12-01;19;0
5;2025-12-01;20;0
5;2025-12-01;21;0
5;2025-12-01;22;0
5;2025-12-01;23;0
5;2025-12-02;0;0
5;2025-12-02;1;0
5;2025-12-02;2;0
5;2025-12-02;3;0
5;2025-12-02;4;0
5;2025-12-02;5;0
5;2025-12-02;6;0
5;2025-12-02;7;0
5;2025-12-02;8;0
5;2025-12-02;9;0
5;2025-12-02;10;0
5;2025-12-02;11;0
5;2025-12-02;12;0
5;2025-12-02;13;0
5;2025-12-02;14;0
5;2025-12-02;15;0
5;2025-12-02;16;0
5;2025-12-02;17;0
5;2025-12-02;18;0
5;2025-12-02;19;0
5;2025-12-02;20;0
5;2025-12-02;21;0
5;2025-12-02;22;0
5;2025-12-02;23;0
5;2025-12-03;0;0
5;2025-12-03;1;0
5;2025-12-03;2;0
5;2025-12-03;3;0
5;2025-12-03;4;0
5;2025-12-03;5;0
5;2025-12-03;6;0
5;2025-12-03;7;0
5;2025-12-03;8;0
5;2025-12-03;9;0
5;2025-12-03;10;0
5;2025-12-03;11;0
5;2025-12-03;12;0
5;2025-12-03;13;0
5;2025-12-03;14;0
5;2025-12-03;15;0
5;2025-12-03;16;0
5;2025-12-03;17;0
5;2025-12-03;18;0
5;2025-12-03;19;0
5;2025-12-03;20;0
5;2025-12-03;21;0
5;2025-12-03;22;0
5;2025-12-03;23;0
5;2025-12-04;0;0
5;2025-12-04;1;0
5;2025-12-04;2;0
5;2025-12-04;3;0
5;2025-12-04;4;0
5;2025-12-04;5;0
5;2025-12-04;6;0
5;2025-12-04;7;0
5;2025-12-04;8;0
5;2025-12-04;9;0
5;2025-12-04;10;0
5;2025-12-04;11;0
5;2025-12-04;12;0
5;2025-12-04;13;0
5;2025-12-04;14;0
5;2025-12-04;15;0
5;2025-12-04;16;0
5;2025-12-04;17;0
5;2025-12-04;18;0
5;2025-12-04;19;0
5;2025-12-04;20;0
5;2025-12-04;21;0
5;2025-12-04;22;0
5;2025-12-04;23;0
5;2025-12-05;0;0
5;2025-12-05;1;0
5;2025-12-05;2;0
5;2025-12-05;3;0
5;2025-12-05;4;0
5;2025-12-05;5;0
5;2025-12-05;6;0
5;2025-12-05;7;0
5;2025-12-05;8;0
5;2025-12-05;9;0
5;2025-12-05;10;0
5;2025-12-05;11;0
5;2025-12-05;12;0
5;2025-12-05;13;0
5;2025-12-05;14;0
5;2025-12-05;15;0
5;2025-12-05;16;0
5;2025-12-05;17;0
5;2025-12-05;18;0
5;2025-12-05;19;0
5;2025-12-05;20;0
5;2025-12-05;21;0
5;2025-12-05;22;0
5;2025-12-05;23;0
5;2025-12-06;0;0
5;2025-12-06;1;0
5;2025-12-06;2;0
5;2025-12-06;3;0
5;2025-12-06;4;0
5;2025-12-06;5;0
5;2025-12-06;6;0
5;2025-12-06;7;0
5;2025-12-06;8;0
5;2025-12-06;9;0
5;2025-12-06;10;0
5;2025-12-06;11;0
5;2025-12-06;12;0
5;2025-12-06;13;0
5;2025-12-06;14;0
5;2025-12-06;15;0
5;2025-12-06;16;0
5;2025-12-06;17;0
5;2025-12-06;18;0
5;2025-12-06;19;0
5;2025-12-06;20;0
5;2025-12-06;21;0
5;2025-12-06;22;0
5;2025-12-06;23;0
5;2025-12-07;0;0
5;2025-12-07;1;0
5;2025-12-07;2;0
5;2025-12-07;3;0
5;2025-12-07;4;0
5;2025-12-07;5;0
5;2025-12-07;6;0
5;2025-12-07;7;0
5;2025-12-07;8;0
5;2025-12-07;9;0
5;2025-12-07;10;0
5;2025-12-07;11;0
5;2025-12-07;12;0
5;2025-12-07;13;0
5;2025-12-07;14;0
5;2025-12-07;15;0
5;2025-12-07;16;0
5;2025-12-07;17;0
5;2025-12-07;18;0
5;2025-12-07;19;0
5;2025-12-07;20;0
5;2025-12-07;21;0
5;2025-12-07;22;0
5;2025-12-07;23;0
5;2025-12-08;0;0
5;2025-12-08;1;0
5;2025-12-08;2;0
5;2025-12-08;3;0
5;2025-12-08;4;0
5;2025-12-08;5;0
5;2025-12-08;6;0
5;2025-12-08;7;0
5;2025-12-08;8;0
5;2025-12-08;9;0
5;2025-12-08;10;0
5;2025-12-08;11;0
5;2025-12-08;12;0
5;2025-12-08;13;0
5;2025-12-08;14;0
5;2025-12-08;15;0
5;2025-12-08;16;0
5;2025-12-08;17;0
5;2025-12-08;18;0
5;2025-12-08;19;0
5;2025-12-08;20;0
5;2025-12-08;21;0
5;2025-12-08;22;0
5;2025-12-08;23;0
5;2025-12-09;0;0
5;2025-12-09;1;0
5;2025-12-09;2;0
5;2025-12-09;3;0
5;2025-12-09;4;0
5;2025-12-09;5;0
5;2025-12-09;6;0
5;2025-12-09;7;0
5;2025-12-09;8;0
5;2025-12-09;9;0
5;2025-12-09;10;0
5;2025-12-09;11;0
5;2025-12-09;12;0
5;2025-12-09;13;0
5;2025-12-09;14;0
5;2025-12-09;15;0
5;2025-12-09;16;0
5;2025-12-09;17;0
5;2025-12-09;18;0
5;2025-12-09;19;0
5;2025-12-09;20;0
5;2025-12-09;21;0
5;2025-12-09;22;0
5;2025-12-09;23;0
5;2025-12-10;0;0
5;2025-12-10;1;0
5;2025-12-10;2;0
5;2025-12-10;3;0
5;2025-12-10;4;0
5;2025-12-10;5;0
5;2025-12-10;6;0
5;2025-12-10;7;0
5;2025-12-10;8;0
5;2025-12-10;9;0
5;2025-12-10;10;0
5;2025-12-10;11;0
5;2025-12-10;12;0
5;2025-12-10;13;0
5;2025-12-10;14;0
5;2025-12-10;15;0
5;2025-12-10;16;0
5;2025-12-10;17;0
5;2025-12-10;18;0
5;2025-12-10;19;0
5;2025-12-10;20;0
5;2025-12-10;21;0
5;2025-12-10;22;0
5;2025-12-10;23;0
5;2025-12-11;0;0
5;2025-12-11;1;0
5;2025-12-11;2;0
5;2025-12-11;3;0
5;2025-12-11;4;0
5;2025-12-11;5;0
5;2025-12-11;6;0
5;2025-12-11;7;0
5;2025-12-11;8;0
5;2025-12-11;9;0
5;2025-12-11;10;0
5;2025-12-11;11;0
5;2025-12-11;12;0
5;2025-12-11;13;0
5;2025-12-11;14;0
5;2025-12-11;15;0
5;2025-12-11;16;0
5;2025-12-11;17;0
5;2025-12-11;18;0
5;2025-12-11;19;0
5;2025-12-11;20;0
5;2025-12-11;21;0
5;2025-12-11;22;0
5;2025-12-11;23;0
5;2025-12-12;0;0
5;2025-12-12;1;0
5;2025-12-12;2;0
5;2025-12-12;3;0
5;2025-12-12;4;0
5;2025-12-12;5;0
5;2025-12-12;6;0
5;2025-12-12;7;0
5;2025-12-12;8;0
5;2025-12-12;9;0
5;2025-12-12;10;0
5;2025-12-12;11;0
5;2025-12-12;12;0
5;2025-12-12;13;0
5;2025-12-12;14;0
5;2025-12-12;15;0
5;2025-12-12;16;0
5;2025-12-12;17;0
5;2025-12-12;18;0
5;2025-12-12;19;0
5;2025-12-12;20;0
5;2025-12-12;21;0
5;2025-12-12;22;0
5;2025-12-12;23;0
5;2025-12-13;0;0
5;2025-12-13;1;0
5;2025-12-13;2;0
5;2025-12-13;3;0
5;2025-12-13;4;0
5;2025-12-13;5;0
5;2025-12-13;6;0
5;2025-12-13;7;0
5;2025-12-13;8;0
5;2025-12-13;9;0
5;2025-12-13;10;0
5;2025-12-13;11;0
5;2025-12-13;12;0
5;2025-12-13;13;0
5;2025-12-13;14;0
5;2025-12-13;15;0
5;2025-12-13;16;0
5;2025-12-13;17;0
5;2025-12-13;18;0
5;2025-12-13;19;0
5;2025-12-13;20;0
5;2025-12-13;21;0
5;2025-12-13;22;0
5;2025-12-13;23;0
5;2025-12-14;0;0
5;2025-12-14;1;0
5;2025-12-14;2;0
5;2025-12-14;3;0
5;2025-12-14;4;0
5;2025-12-14;5;0
5;2025-12-14;6;0
5;2025-12-14;7;0
5;2025-12-14;8;0
5;2025-12-14;9;0
5;2025-12-14;10;0
5;2025-12-14;11;0
5;2025-12-14;12;0
5;2025-12-14;13;0
5;2025-12-14;14;0
5;2025-12-14;15;0
5;2025-12-14;16;0
5;2025-12-14;17;0
5;2025-12-14;18;0
5;2025-12-14;19;0
5;2025-12-14;20;0
5;2025-12-14;21;0
5;2025-12-14;22;0
5;2025-12-14;23;0
5;2025-12-15;0;0
5;2025-12-15;1;0
5;2025-12-15;2;0
5;2025-12-15;3;0
5;2025-12-15;4;0
5;2025-12-15;5;0
5;2025-12-15;6;0
5;2025-12-15;7;0
5;2025-12-15;8;0
5;2025-12-15;9;0
5;2025-12-15;10;0
5;2025-12-15;11;0
5;2025-12-15;12;0
5;2025-12-15;13;0
5;2025-12-15;14;0
5;2025-12-15;15;0
5;2025-12-15;16;0
5;2025-12-15;17;0
5;2025-12-15;18;0
5;2025-12-15;19;0
5;2025-12-15;20;0
5;2025-12-15;21;0
5;2025-12-15;22;0
5;2025-12-15;23;0
5;2025-12-16;0;2
5;2025-12-16;1;0
5;2025-12-16;2;0
5;2025-12-16;3;0
5;2025-12-16;4;0
5;2025-12-16;5;8
5;2025-12-16;6;130
5;2025-12-16;7;302
5;2025-12-16;8;538
5;2025-12-16;9;258
5;2025-12-16;10;205
5;2025-12-16;11;239
5;2025-12-16;12;230
5;2025-12-16;13;277
5;2025-12-16;14;261
5;2025-12-16;15;320
5;2025-12-16;16;380
5;2025-12-16;17;412
5;2025-12-16;18;408
5;2025-12-16;19;317
5;2025-12-16;20;187
5;2025-12-16;21;123
5;2025-12-16;22;49
5;2025-12-16;23;4
5;2025-12-17;0;0
5;2025-12-17;1;0
5;2025-12-17;2;0
5;2025-12-17;3;0
5;2025-12-17;4;0
5;2025-12-17;5;12
5;2025-12-17;6;161
5;2025-12-17;7;365
5;2025-12-17;8;622
5;2025-12-17;9;324
5;2025-12-17;10;267
5;2025-12-17;11;314
5;2025-12-17;12;313
5;2025-12-17;13;409
5;2025-12-17;14;268
5;2025-12-17;15;397
5;2025-12-17;16;451
5;2025-12-17;17;592
5;2025-12-17;18;606
5;2025-12-17;19;444
5;2025-12-17;20;234
5;2025-12-17;21;181
5;2025-12-17;22;74
5;2025-12-17;23;6
5;2025-12-18;0;1
5;2025-12-18;1;0
5;2025-12-18;2;0
5;2025-12-18;3;0
5;2025-12-18;4;0
5;2025-12-18;5;14
5;2025-12-18;6;186
5;2025-12-18;7;413
5;2025-12-18;8;671
5;2025-12-18;9;342
5;2025-12-18;10;299
5;2025-12-18;11;332
5;2025-12-18;12;320
5;2025-12-18;13;416
5;2025-12-18;14;409
5;2025-12-18;15;471
5;2025-12-18;16;527
5;2025-12-18;17;558
5;2025-12-18;18;587
5;2025-12-18;19;450
5;2025-12-18;20;225
5;2025-12-18;21;161
5;2025-12-18;22;68
5;2025-12-18;23;3
5;2025-12-19;0;0
5;2025-12-19;1;0
5;2025-12-19;2;0
5;2025-12-19;3;0
5;2025-12-19;4;0
5;2025-12-19;5;11
5;2025-12-19;6;193
5;2025-12-19;7;424
5;2025-12-19;8;648
5;2025-12-19;9;328
5;2025-12-19;10;288
5;2025-12-19;11;339
5;2025-12-19;12;318
5;2025-12-19;13;422
5;2025-12-19;14;363
5;2025-12-19;15;473
5;2025-12-19;16;616
5;2025-12-19;17;588
5;2025-12-19;18;538
5;2025-12-19;19;464
5;2025-12-19;20;258
5;2025-12-19;21;161
5;2025-12-19;22;80
5;2025-12-19;23;11
5;2025-12-20;0;4
5;2025-12-20;1;0
5;2025-12-20;2;0
5;2025-12-20;3;0
5;2025-12-20;4;0
5;2025-12-20;5;13
5;2025-12-20;6;89
5;2025-12-20;7;103
5;2025-12-20;8;241
5;2025-12-20;9;223
5;2025-12-20;10;218
5;2025-12-20;11;288
5;2025-12-20;12;295
5;2025-12-20;13;473
5;2025-12-20;14;472
5;2025-12-20;15;549
5;2025-12-20;16;494
5;2025-12-20;17;415
5;2025-12-20;18;392
5;2025-12-20;19;335
5;2025-12-20;20;197
5;2025-12-20;21;147
5;2025-12-20;22;89
5;2025-12-20;23;35
5;2025-12-21;0;11
5;2025-12-21;1;0
5;2025-12-21;2;0
5;2025-12-21;3;0
5;2025-12-21;4;0
5;2025-12-21;5;6
5;2025-12-21;6;71
5;2025-12-21;7;80
5;2025-12-21;8;140
5;2025-12-21;9;165
5;2025-12-21;10;167
5;2025-12-21;11;230
5;2025-12-21;12;282
5;2025-12-21;13;366
5;2025-12-21;14;410
5;2025-12-21;15;497
5;2025-12-21;16;415
5;2025-12-21;17;421
5;2025-12-21;18;338
5;2025-12-21;19;235
5;2025-12-21;20;175
5;2025-12-21;21;121
5;2025-12-21;22;73
5;2025-12-21;23;26
5;2025-12-22;0;6
5;2025-12-22;1;0
5;2025-12-22;2;0
5;2025-12-22;3;0
5;2025-12-22;4;0
5;2025-12-22;5;12
5;2025-12-22;6;173
5;2025-12-22;7;398
5;2025-12-22;8;710
5;2025-12-22;9;397
5;2025-12-22;10;256
5;2025-12-22;11;308
5;2025-12-22;12;311
5;2025-12-22;13;431
5;2025-12-22;14;351
5;2025-12-22;15;380
5;2025-12-22;16;519
5;2025-12-22;17;568
5;2025-12-22;18;577
5;2025-12-22;19;439
5;2025-12-22;20;241
5;2025-12-22;21;158
5;2025-12-22;22;68
5;2025-12-22;23;8
5;2025-12-23;0;2
5;2025-12-23;1;0
5;2025-12-23;2;0
5;2025-12-23;3;0
5;2025-12-23;4;0
5;2025-12-23;5;11
5;2025-12-23;6;173
5;2025-12-23;7;403
5;2025-12-23;8;717
5;2025-12-23;9;343
5;2025-12-23;10;274
5;2025-12-23;11;319
5;2025-12-23;12;306
5;2025-12-23;13;369
5;2025-12-23;14;347
5;2025-12-23;15;426
5;2025-12-23;16;506
5;2025-12-23;17;549
5;2025-12-23;18;544
5;2025-12-23;19;422
5;2025-12-23;20;249
5;2025-12-23;21;163
5;2025-12-23;22;65
5;2025-12-23;23;6
5;2025-12-24;0;0
5;2025-12-24;1;0
5;2025-12-24;2;0
5;2025-12-24;3;0
5;2025-12-24;4;0
5;2025-12-24;5;14
5;2025-12-24;6;179
5;2025-12-24;7;406
5;2025-12-24;8;691
5;2025-12-24;9;360
5;2025-12-24;10;297
5;2025-12-24;11;349
5;2025-12-24;12;347
5;2025-12-24;13;454
5;2025-12-24;14;297
5;2025-12-24;15;441
5;2025-12-24;16;501
5;2025-12-24;17;658
5;2025-12-24;18;673
5;2025-12-24;19;493
5;2025-12-24;20;260
5;2025-12-24;21;202
5;2025-12-24;22;82
5;2025-12-24;23;7
5;2025-12-25;0;1
5;2025-12-25;1;0
5;2025-12-25;2;0
5;2025-12-25;3;0
5;2025-12-25;4;0
5;2025-12-25;5;14
5;2025-12-25;6;186
5;2025-12-25;7;413
5;2025-12-25;8;671
5;2025-12-25;9;342
5;2025-12-25;10;299
5;2025-12-25;11;332
5;2025-12-25;12;320
5;2025-12-25;13;416
5;2025-12-25;14;409
5;2025-12-25;15;471
5;2025-12-25;16;527
5;2025-12-25;17;558
5;2025-12-25;18;587
5;2025-12-25;19;450
5;2025-12-25;20;225
5;2025-12-25;21;161
5;2025-12-25;22;68
5;2025-12-25;23;3
5;2025-12-26;0;0
5;2025-12-26;1;0
5;2025-12-26;2;0
5;2025-12-26;3;0
5;2025-12-26;4;0
5;2025-12-26;5;11
5;2025-12-26;6;193
5;2025-12-26;7;424
5;2025-12-26;8;648
5;2025-12-26;9;328
5;2025-12-26;10;288
5;2025-12-26;11;339
5;2025-12-26;12;318
5;2025-12-26;13;422
5;2025-12-26;14;363
5;2025-12-26;15;473
5;2025-12-26;16;616
5;2025-12-26;17;588
5;2025-12-26;18;538
5;2025-12-26;19;464
5;2025-12-26;20;258
5;2025-12-26;21;161
5;2025-12-26;22;80
5;2025-12-26;23;11
5;2025-12-27;0;4
5;2025-12-27;1;0
5;2025-12-27;2;0
5;2025-12-27;3;0
5;2025-12-27;4;0
5;2025-12-27;5;13
5;2025-12-27;6;89
5;2025-12-27;7;103
5;2025-12-27;8;241
5;2025-12-27;9;223
5;2025-12-27;10;218
5;2025-12-27;11;288
5;2025-12-27;12;295
5;2025-12-27;13;473
5;2025-12-27;14;472
5;2025-12-27;15;549
5;2025-12-27;16;494
5;2025-12-27;17;415
5;2025-12-27;18;392
5;2025-12-27;19;335
5;2025-12-27;20;197
5;2025-12-27;21;147
5;2025-12-27;22;89
5;2025-12-27;23;35
5;2025-12-28;0;11
5;2025-12-28;1;0
5;2025-12-28;2;0
5;2025-12-28;3;0
5;2025-12-28;4;0
5;2025-12-28;5;6
5;2025-12-28;6;71
5;2025-12-28;7;80
5;2025-12-28;8;140
5;2025-12-28;9;165
5;2025-12-28;10;167
5;2025-12-28;11;230
5;2025-12-28;12;282
5;2025-12-28;13;366
5;2025-12-28;14;410
5;2025-12-28;15;497
5;2025-12-28;16;415
5;2025-12-28;17;421
5;2025-12-28;18;338
5;2025-12-28;19;235
5;2025-12-28;20;175
5;2025-12-28;21;121
5;2025-12-28;22;73
5;2025-12-28;23;26
5;2025-12-29;0;6
5;2025-12-29;1;0
5;2025-12-29;2;0
5;2025-12-29;3;0
5;2025-12-29;4;0
5;2025-12-29;5;12
5;2025-12-29;6;173
5;2025-12-29;7;398
5;2025-12-29;8;710
5;2025-12-29;9;397
5;2025-12-29;10;256
5;2025-12-29;11;308
5;2025-12-29;12;311
5;2025-12-29;13;431
5;2025-12-29;14;351
5;2025-12-29;15;380
5;2025-12-29;16;519
5;2025-12-29;17;568
5;2025-12-29;18;577
5;2025-12-29;19;439
5;2025-12-29;20;241
5;2025-12-29;21;158
5;2025-12-29;22;68
5;2025-12-29;23;8
5;2025-12-30;0;2
5;2025-12-30;1;0
5;2025-12-30;2;0
5;2025-12-30;3;0
5;2025-12-30;4;0
5;2025-12-30;5;11
5;2025-12-30;6;173
5;2025-12-30;7;403
5;2025-12-30;8;717
5;2025-12-30;9;343
5;2025-12-30;10;274
5;2025-12-30;11;319
5;2025-12-30;12;306
5;2025-12-30;13;369
5;2025-12-30;14;347
5;2025-12-30;15;426
5;2025-12-30;16;506
5;2025-12-30;17;549
5;2025-12-30;18;544
5;2025-12-30;19;422
5;2025-12-30;20;249
5;2025-12-30;21;163
5;2025-12-30;22;65
5;2025-12-30;23;6
5;2025-12-31;0;11
5;2025-12-31;1;0
5;2025-12-31;2;0
5;2025-12-31;3;0
5;2025-12-31;4;0
5;2025-12-31;5;6
5;2025-12-31;6;71
5;2025-12-31;7;80
5;2025-12-31;8;140
5;2025-12-31;9;165
5;2025-12-31;10;167
5;2025-12-31;11;230
5;2025-12-31;12;282
5;2025-12-31;13;366
5;2025-12-31;14;410
5;2025-12-31;15;497
5;2025-12-31;16;415
5;2025-12-31;17;421
5;2025-12-31;18;338
5;2025-12-31;19;235
5;2025-12-31;20;175
5;2025-12-31;21;121
5;2025-12-31;22;73
5;2025-12-31;23;26
7;2025-11-01;0;83
7;2025-11-01;1;16
7;2025-11-01;2;0
7;2025-11-01;3;0
7;2025-11-01;4;2
7;2025-11-01;5;162
7;2025-11-01;6;555
7;2025-11-01;7;1317
7;2025-11-01;8;2004
7;2025-11-01;9;1513
7;2025-11-01;10;1496
7;2025-11-01;11;1412
7;2025-11-01;12;1527
7;2025-11-01;13;1549
7;2025-11-01;14;1583
7;2025-11-01;15;1690
7;2025-11-01;16;1851
7;2025-11-01;17;2042
7;2025-11-01;18;1811
7;2025-11-01;19;1291
7;2025-11-01;20;942
7;2025-11-01;21;587
7;2025-11-01;22;298
7;2025-11-01;23;214
7;2025-11-02;0;98
7;2025-11-02;1;22
7;2025-11-02;2;0
7;2025-11-02;3;1
7;2025-11-02;4;1
7;2025-11-02;5;31
7;2025-11-02;6;138
7;2025-11-02;7;196
7;2025-11-02;8;392
7;2025-11-02;9;508
7;2025-11-02;10;438
7;2025-11-02;11;613
7;2025-11-02;12;667
7;2025-11-02;13;672
7;2025-11-02;14;709
7;2025-11-02;15;736
7;2025-11-02;16;645
7;2025-11-02;17;667
7;2025-11-02;18;669
7;2025-11-02;19;525
7;2025-11-02;20;434
7;2025-11-02;21;325
7;2025-11-02;22;158
7;2025-11-02;23;114
7;2025-11-03;0;98
7;2025-11-03;1;22
7;2025-11-03;2;0
7;2025-11-03;3;1
7;2025-11-03;4;1
7;2025-11-03;5;31
7;2025-11-03;6;138
7;2025-11-03;7;196
7;2025-11-03;8;392
7;2025-11-03;9;508
7;2025-11-03;10;438
7;2025-11-03;11;613
7;2025-11-03;12;667
7;2025-11-03;13;672
7;2025-11-03;14;709
7;2025-11-03;15;736
7;2025-11-03;16;645
7;2025-11-03;17;667
7;2025-11-03;18;669
7;2025-11-03;19;525
7;2025-11-03;20;434
7;2025-11-03;21;325
7;2025-11-03;22;158
7;2025-11-03;23;114
7;2025-11-04;0;98
7;2025-11-04;1;22
7;2025-11-04;2;0
7;2025-11-04;3;1
7;2025-11-04;4;1
7;2025-11-04;5;31
7;2025-11-04;6;138
7;2025-11-04;7;196
7;2025-11-04;8;392
7;2025-11-04;9;508
7;2025-11-04;10;438
7;2025-11-04;11;613
7;2025-11-04;12;667
7;2025-11-04;13;672
7;2025-11-04;14;709
7;2025-11-04;15;736
7;2025-11-04;16;645
7;2025-11-04;17;667
7;2025-11-04;18;669
7;2025-11-04;19;525
7;2025-11-04;20;434
7;2025-11-04;21;325
7;2025-11-04;22;158
7;2025-11-04;23;114
7;2025-11-05;0;61
7;2025-11-05;1;11
7;2025-11-05;2;0
7;2025-11-05;3;0
7;2025-11-05;4;2
7;2025-11-05;5;203
7;2025-11-05;6;640
7;2025-11-05;7;1565
7;2025-11-05;8;2501
7;2025-11-05;9;1893
7;2025-11-05;10;1732
7;2025-11-05;11;1547
7;2025-11-05;12;1718
7;2025-11-05;13;1564
7;2025-11-05;14;1613
7;2025-11-05;15;1775
7;2025-11-05;16;1888
7;2025-11-05;17;2459
7;2025-11-05;18;2567
7;2025-11-05;19;1670
7;2025-11-05;20;1096
7;2025-11-05;21;657
7;2025-11-05;22;299
7;2025-11-05;23;183
7;2025-11-06;0;68
7;2025-11-06;1;18
7;2025-11-06;2;0
7;2025-11-06;3;0
7;2025-11-06;4;2
7;2025-11-06;5;189
7;2025-11-06;6;647
7;2025-11-06;7;1606
7;2025-11-06;8;2463
7;2025-11-06;9;1828
7;2025-11-06;10;1585
7;2025-11-06;11;1538
7;2025-11-06;12;1691
7;2025-11-06;13;1561
7;2025-11-06;14;1741
7;2025-11-06;15;1714
7;2025-11-06;16;1854
7;2025-11-06;17;2257
7;2025-11-06;18;2637
7;2025-11-06;19;1649
7;2025-11-06;20;1076
7;2025-11-06;21;644
7;2025-11-06;22;294
7;2025-11-06;23;205
7;2025-11-07;0;78
7;2025-11-07;1;15
7;2025-11-07;2;0
7;2025-11-07;3;0
7;2025-11-07;4;2
7;2025-11-07;5;182
7;2025-11-07;6;606
7;2025-11-07;7;1491
7;2025-11-07;8;2236
7;2025-11-07;9;1673
7;2025-11-07;10;1641
7;2025-11-07;11;1533
7;2025-11-07;12;1630
7;2025-11-07;13;1662
7;2025-11-07;14;1705
7;2025-11-07;15;1835
7;2025-11-07;16;2029
7;2025-11-07;17;2255
7;2025-11-07;18;1990
7;2025-11-07;19;1399
7;2025-11-07;20;1008
7;2025-11-07;21;617
7;2025-11-07;22;314
7;2025-11-07;23;224
7;2025-11-08;0;112
7;2025-11-08;1;25
7;2025-11-08;2;0
7;2025-11-08;3;0
7;2025-11-08;4;1
7;2025-11-08;5;51
7;2025-11-08;6;266
7;2025-11-08;7;332
7;2025-11-08;8;690
7;2025-11-08;9;607
7;2025-11-08;10;670
7;2025-11-08;11;728
7;2025-11-08;12;941
7;2025-11-08;13;911
7;2025-11-08;14;895
7;2025-11-08;15;867
7;2025-11-08;16;846
7;2025-11-08;17;833
7;2025-11-08;18;797
7;2025-11-08;19;678
7;2025-11-08;20;566
7;2025-11-08;21;416
7;2025-11-08;22;209
7;2025-11-08;23;156
7;2025-11-09;0;98
7;2025-11-09;1;22
7;2025-11-09;2;0
7;2025-11-09;3;1
7;2025-11-09;4;1
7;2025-11-09;5;31
7;2025-11-09;6;138
7;2025-11-09;7;196
7;2025-11-09;8;392
7;2025-11-09;9;508
7;2025-11-09;10;438
7;2025-11-09;11;613
7;2025-11-09;12;667
7;2025-11-09;13;672
7;2025-11-09;14;709
7;2025-11-09;15;736
7;2025-11-09;16;645
7;2025-11-09;17;667
7;2025-11-09;18;669
7;2025-11-09;19;525
7;2025-11-09;20;434
7;2025-11-09;21;325
7;2025-11-09;22;158
7;2025-11-09;23;114
7;2025-11-10;0;65
7;2025-11-10;1;11
7;2025-11-10;2;0
7;2025-11-10;3;0
7;2025-11-10;4;1
7;2025-11-10;5;196
7;2025-11-10;6;618
7;2025-11-10;7;1612
7;2025-11-10;8;2546
7;2025-11-10;9;1799
7;2025-11-10;10;1592
7;2025-11-10;11;1491
7;2025-11-10;12;1513
7;2025-11-10;13;1532
7;2025-11-10;14;1564
7;2025-11-10;15;1716
7;2025-11-10;16;1772
7;2025-11-10;17;2411
7;2025-11-10;18;2571
7;2025-11-10;19;1735
7;2025-11-10;20;1083
7;2025-11-10;21;604
7;2025-11-10;22;272
7;2025-11-10;23;148
7;2025-11-11;0;59
7;2025-11-11;1;13
7;2025-11-11;2;0
7;2025-11-11;3;0
7;2025-11-11;4;2
7;2025-11-11;5;198
7;2025-11-11;6;629
7;2025-11-11;7;1695
7;2025-11-11;8;2449
7;2025-11-11;9;1898
7;2025-11-11;10;1680
7;2025-11-11;11;1582
7;2025-11-11;12;1675
7;2025-11-11;13;1606
7;2025-11-11;14;1531
7;2025-11-11;15;1790
7;2025-11-11;16;1800
7;2025-11-11;17;2319
7;2025-11-11;18;2663
7;2025-11-11;19;1800
7;2025-11-11;20;1169
7;2025-11-11;21;697
7;2025-11-11;22;304
7;2025-11-11;23;192
7;2025-11-12;0;58
7;2025-11-12;1;10
7;2025-11-12;2;0
7;2025-11-12;3;0
7;2025-11-12;4;2
7;2025-11-12;5;193
7;2025-11-12;6;608
7;2025-11-12;7;1487
7;2025-11-12;8;2375
7;2025-11-12;9;1799
7;2025-11-12;10;1645
7;2025-11-12;11;1469
7;2025-11-12;12;1632
7;2025-11-12;13;1485
7;2025-11-12;14;1533
7;2025-11-12;15;1686
7;2025-11-12;16;1793
7;2025-11-12;17;2336
7;2025-11-12;18;2439
7;2025-11-12;19;1586
7;2025-11-12;20;1041
7;2025-11-12;21;624
7;2025-11-12;22;284
7;2025-11-12;23;174
7;2025-11-13;0;65
7;2025-11-13;1;17
7;2025-11-13;2;0
7;2025-11-13;3;0
7;2025-11-13;4;2
7;2025-11-13;5;180
7;2025-11-13;6;615
7;2025-11-13;7;1526
7;2025-11-13;8;2340
7;2025-11-13;9;1737
7;2025-11-13;10;1506
7;2025-11-13;11;1461
7;2025-11-13;12;1607
7;2025-11-13;13;1483
7;2025-11-13;14;1654
7;2025-11-13;15;1629
7;2025-11-13;16;1761
7;2025-11-13;17;2144
7;2025-11-13;18;2505
7;2025-11-13;19;1567
7;2025-11-13;20;1022
7;2025-11-13;21;612
7;2025-11-13;22;280
7;2025-11-13;23;195
7;2025-11-14;0;74
7;2025-11-14;1;14
7;2025-11-14;2;0
7;2025-11-14;3;0
7;2025-11-14;4;2
7;2025-11-14;5;173
7;2025-11-14;6;576
7;2025-11-14;7;1417
7;2025-11-14;8;2124
7;2025-11-14;9;1589
7;2025-11-14;10;1559
7;2025-11-14;11;1456
7;2025-11-14;12;1549
7;2025-11-14;13;1578
7;2025-11-14;14;1619
7;2025-11-14;15;1744
7;2025-11-14;16;1927
7;2025-11-14;17;2143
7;2025-11-14;18;1891
7;2025-11-14;19;1329
7;2025-11-14;20;958
7;2025-11-14;21;586
7;2025-11-14;22;298
7;2025-11-14;23;213
7;2025-11-15;0;101
7;2025-11-15;1;24
7;2025-11-15;2;0
7;2025-11-15;3;0
7;2025-11-15;4;0
7;2025-11-15;5;54
7;2025-11-15;6;306
7;2025-11-15;7;476
7;2025-11-15;8;791
7;2025-11-15;9;906
7;2025-11-15;10;974
7;2025-11-15;11;1154
7;2025-11-15;12;1281
7;2025-11-15;13;1333
7;2025-11-15;14;1435
7;2025-11-15;15;1241
7;2025-11-15;16;1230
7;2025-11-15;17;1182
7;2025-11-15;18;1095
7;2025-11-15;19;1081
7;2025-11-15;20;801
7;2025-11-15;21;656
7;2025-11-15;22;358
7;2025-11-15;23;222
7;2025-11-16;0;98
7;2025-11-16;1;19
7;2025-11-16;2;0
7;2025-11-16;3;0
7;2025-11-16;4;0
7;2025-11-16;5;37
7;2025-11-16;6;216
7;2025-11-16;7;315
7;2025-11-16;8;527
7;2025-11-16;9;665
7;2025-11-16;10;780
7;2025-11-16;11;973
7;2025-11-16;12;1084
7;2025-11-16;13;1084
7;2025-11-16;14;1230
7;2025-11-16;15;1141
7;2025-11-16;16;1084
7;2025-11-16;17;1080
7;2025-11-16;18;918
7;2025-11-16;19;761
7;2025-11-16;20;660
7;2025-11-16;21;512
7;2025-11-16;22;298
7;2025-11-16;23;165
7;2025-11-17;0;61
7;2025-11-17;1;11
7;2025-11-17;2;0
7;2025-11-17;3;0
7;2025-11-17;4;1
7;2025-11-17;5;186
7;2025-11-17;6;587
7;2025-11-17;7;1532
7;2025-11-17;8;2418
7;2025-11-17;9;1709
7;2025-11-17;10;1512
7;2025-11-17;11;1416
7;2025-11-17;12;1437
7;2025-11-17;13;1456
7;2025-11-17;14;1486
7;2025-11-17;15;1631
7;2025-11-17;16;1683
7;2025-11-17;17;2290
7;2025-11-17;18;2443
7;2025-11-17;19;1648
7;2025-11-17;20;1029
7;2025-11-17;21;574
7;2025-11-17;22;287
7;2025-11-17;23;156
7;2025-11-18;0;56
7;2025-11-18;1;12
7;2025-11-18;2;0
7;2025-11-18;3;0
7;2025-11-18;4;2
7;2025-11-18;5;188
7;2025-11-18;6;597
7;2025-11-18;7;1610
7;2025-11-18;8;2327
7;2025-11-18;9;1803
7;2025-11-18;10;1596
7;2025-11-18;11;1503
7;2025-11-18;12;1591
7;2025-11-18;13;1526
7;2025-11-18;14;1455
7;2025-11-18;15;1701
7;2025-11-18;16;1710
7;2025-11-18;17;2203
7;2025-11-18;18;2530
7;2025-11-18;19;1710
7;2025-11-18;20;1111
7;2025-11-18;21;662
7;2025-11-18;22;321
7;2025-11-18;23;203
7;2025-11-19;0;55
7;2025-11-19;1;10
7;2025-11-19;2;0
7;2025-11-19;3;0
7;2025-11-19;4;2
7;2025-11-19;5;183
7;2025-11-19;6;576
7;2025-11-19;7;1409
7;2025-11-19;8;2250
7;2025-11-19;9;1704
7;2025-11-19;10;1559
7;2025-11-19;11;1392
7;2025-11-19;12;1546
7;2025-11-19;13;1407
7;2025-11-19;14;1452
7;2025-11-19;15;1597
7;2025-11-19;16;1699
7;2025-11-19;17;2213
7;2025-11-19;18;2310
7;2025-11-19;19;1503
7;2025-11-19;20;986
7;2025-11-19;21;592
7;2025-11-19;22;299
7;2025-11-19;23;183
7;2025-11-20;0;61
7;2025-11-20;1;16
7;2025-11-20;2;0
7;2025-11-20;3;0
7;2025-11-20;4;1
7;2025-11-20;5;170
7;2025-11-20;6;582
7;2025-11-20;7;1446
7;2025-11-20;8;2216
7;2025-11-20;9;1645
7;2025-11-20;10;1427
7;2025-11-20;11;1384
7;2025-11-20;12;1522
7;2025-11-20;13;1405
7;2025-11-20;14;1567
7;2025-11-20;15;1543
7;2025-11-20;16;1668
7;2025-11-20;17;2031
7;2025-11-20;18;2373
7;2025-11-20;19;1484
7;2025-11-20;20;968
7;2025-11-20;21;580
7;2025-11-20;22;294
7;2025-11-20;23;205
7;2025-11-21;0;70
7;2025-11-21;1;13
7;2025-11-21;2;0
7;2025-11-21;3;0
7;2025-11-21;4;2
7;2025-11-21;5;164
7;2025-11-21;6;545
7;2025-11-21;7;1342
7;2025-11-21;8;2012
7;2025-11-21;9;1505
7;2025-11-21;10;1477
7;2025-11-21;11;1380
7;2025-11-21;12;1467
7;2025-11-21;13;1495
7;2025-11-21;14;1534
7;2025-11-21;15;1652
7;2025-11-21;16;1826
7;2025-11-21;17;2030
7;2025-11-21;18;1791
7;2025-11-21;19;1259
7;2025-11-21;20;908
7;2025-11-21;21;556
7;2025-11-21;22;314
7;2025-11-21;23;224
7;2025-11-22;0;96
7;2025-11-22;1;23
7;2025-11-22;2;0
7;2025-11-22;3;0
7;2025-11-22;4;0
7;2025-11-22;5;51
7;2025-11-22;6;290
7;2025-11-22;7;451
7;2025-11-22;8;749
7;2025-11-22;9;859
7;2025-11-22;10;923
7;2025-11-22;11;1093
7;2025-11-22;12;1214
7;2025-11-22;13;1263
7;2025-11-22;14;1360
7;2025-11-22;15;1176
7;2025-11-22;16;1166
7;2025-11-22;17;1120
7;2025-11-22;18;1037
7;2025-11-22;19;1024
7;2025-11-22;20;759
7;2025-11-22;21;621
7;2025-11-22;22;339
7;2025-11-22;23;211
7;2025-11-23;0;93
7;2025-11-23;1;18
7;2025-11-23;2;0
7;2025-11-23;3;0
7;2025-11-23;4;0
7;2025-11-23;5;35
7;2025-11-23;6;205
7;2025-11-23;7;299
7;2025-11-23;8;500
7;2025-11-23;9;630
7;2025-11-23;10;739
7;2025-11-23;11;922
7;2025-11-23;12;1027
7;2025-11-23;13;1027
7;2025-11-23;14;1165
7;2025-11-23;15;1081
7;2025-11-23;16;1027
7;2025-11-23;17;1023
7;2025-11-23;18;869
7;2025-11-23;19;721
7;2025-11-23;20;625
7;2025-11-23;21;485
7;2025-11-23;22;282
7;2025-11-23;23;157
7;2025-11-24;0;58
7;2025-11-24;1;10
7;2025-11-24;2;0
7;2025-11-24;3;0
7;2025-11-24;4;1
7;2025-11-24;5;176
7;2025-11-24;6;556
7;2025-11-24;7;1451
7;2025-11-24;8;2291
7;2025-11-24;9;1619
7;2025-11-24;10;1432
7;2025-11-24;11;1342
7;2025-11-24;12;1361
7;2025-11-24;13;1379
7;2025-11-24;14;1407
7;2025-11-24;15;1545
7;2025-11-24;16;1595
7;2025-11-24;17;2170
7;2025-11-24;18;2314
7;2025-11-24;19;1561
7;2025-11-24;20;974
7;2025-11-24;21;544
7;2025-11-24;22;272
7;2025-11-24;23;148
7;2025-11-25;0;53
7;2025-11-25;1;11
7;2025-11-25;2;0
7;2025-11-25;3;0
7;2025-11-25;4;2
7;2025-11-25;5;178
7;2025-11-25;6;566
7;2025-11-25;7;1525
7;2025-11-25;8;2205
7;2025-11-25;9;1708
7;2025-11-25;10;1512
7;2025-11-25;11;1424
7;2025-11-25;12;1507
7;2025-11-25;13;1446
7;2025-11-25;14;1378
7;2025-11-25;15;1611
7;2025-11-25;16;1620
7;2025-11-25;17;2087
7;2025-11-25;18;2397
7;2025-11-25;19;1620
7;2025-11-25;20;1052
7;2025-11-25;21;627
7;2025-11-25;22;304
7;2025-11-25;23;192
7;2025-11-26;0;55
7;2025-11-26;1;10
7;2025-11-26;2;0
7;2025-11-26;3;0
7;2025-11-26;4;2
7;2025-11-26;5;183
7;2025-11-26;6;576
7;2025-11-26;7;1409
7;2025-11-26;8;2250
7;2025-11-26;9;1704
7;2025-11-26;10;1559
7;2025-11-26;11;1392
7;2025-11-26;12;1546
7;2025-11-26;13;1407
7;2025-11-26;14;1452
7;2025-11-26;15;1597
7;2025-11-26;16;1699
7;2025-11-26;17;2213
7;2025-11-26;18;2310
7;2025-11-26;19;1503
7;2025-11-26;20;986
7;2025-11-26;21;592
7;2025-11-26;22;299
7;2025-11-26;23;183
7;2025-11-27;0;61
7;2025-11-27;1;16
7;2025-11-27;2;0
7;2025-11-27;3;0
7;2025-11-27;4;1
7;2025-11-27;5;170
7;2025-11-27;6;582
7;2025-11-27;7;1446
7;2025-11-27;8;2216
7;2025-11-27;9;1645
7;2025-11-27;10;1427
7;2025-11-27;11;1384
7;2025-11-27;12;1522
7;2025-11-27;13;1405
7;2025-11-27;14;1567
7;2025-11-27;15;1543
7;2025-11-27;16;1668
7;2025-11-27;17;2031
7;2025-11-27;18;2373
7;2025-11-27;19;1484
7;2025-11-27;20;968
7;2025-11-27;21;580
7;2025-11-27;22;294
7;2025-11-27;23;205
7;2025-11-28;0;70
7;2025-11-28;1;13
7;2025-11-28;2;0
7;2025-11-28;3;0
7;2025-11-28;4;2
7;2025-11-28;5;164
7;2025-11-28;6;545
7;2025-11-28;7;1342
7;2025-11-28;8;2012
7;2025-11-28;9;1505
7;2025-11-28;10;1477
7;2025-11-28;11;1380
7;2025-11-28;12;1467
7;2025-11-28;13;1495
7;2025-11-28;14;1534
7;2025-11-28;15;1652
7;2025-11-28;16;1826
7;2025-11-28;17;2030
7;2025-11-28;18;1791
7;2025-11-28;19;1259
7;2025-11-28;20;908
7;2025-11-28;21;556
7;2025-11-28;22;314
7;2025-11-28;23;224
7;2025-11-29;0;96
7;2025-11-29;1;23
7;2025-11-29;2;0
7;2025-11-29;3;0
7;2025-11-29;4;0
7;2025-11-29;5;51
7;2025-11-29;6;290
7;2025-11-29;7;451
7;2025-11-29;8;749
7;2025-11-29;9;859
7;2025-11-29;10;923
7;2025-11-29;11;1093
7;2025-11-29;12;1214
7;2025-11-29;13;1263
7;2025-11-29;14;1360
7;2025-11-29;15;1176
7;2025-11-29;16;1166
7;2025-11-29;17;1120
7;2025-11-29;18;1037
7;2025-11-29;19;1024
7;2025-11-29;20;759
7;2025-11-29;21;621
7;2025-11-29;22;339
7;2025-11-29;23;211
7;2025-11-30;0;93
7;2025-11-30;1;18
7;2025-11-30;2;0
7;2025-11-30;3;0
7;2025-11-30;4;0
7;2025-11-30;5;35
7;2025-11-30;6;205
7;2025-11-30;7;299
7;2025-11-30;8;500
7;2025-11-30;9;630
7;2025-11-30;10;739
7;2025-11-30;11;922
7;2025-11-30;12;1027
7;2025-11-30;13;1027
7;2025-11-30;14;1165
7;2025-11-30;15;1081
7;2025-11-30;16;1027
7;2025-11-30;17;1023
7;2025-11-30;18;869
7;2025-11-30;19;721
7;2025-11-30;20;625
7;2025-11-30;21;485
7;2025-11-30;22;282
7;2025-11-30;23;157
7;2025-12-01;0;58
7;2025-12-01;1;10
7;2025-12-01;2;0
7;2025-12-01;3;0
7;2025-12-01;4;1
7;2025-12-01;5;176
7;2025-12-01;6;556
7;2025-12-01;7;1451
7;2025-12-01;8;2291
7;2025-12-01;9;1619
7;2025-12-01;10;1432
7;2025-12-01;11;1342
7;2025-12-01;12;1361
7;2025-12-01;13;1379
7;2025-12-01;14;1407
7;2025-12-01;15;1545
7;2025-12-01;16;1595
7;2025-12-01;17;2170
7;2025-12-01;18;2314
7;2025-12-01;19;1561
7;2025-12-01;20;974
7;2025-12-01;21;544
7;2025-12-01;22;272
7;2025-12-01;23;148
7;2025-12-02;0;53
7;2025-12-02;1;11
7;2025-12-02;2;0
7;2025-12-02;3;0
7;2025-12-02;4;2
7;2025-12-02;5;178
7;2025-12-02;6;566
7;2025-12-02;7;1525
7;2025-12-02;8;2205
7;2025-12-02;9;1708
7;2025-12-02;10;1512
7;2025-12-02;11;1424
7;2025-12-02;12;1507
7;2025-12-02;13;1446
7;2025-12-02;14;1378
7;2025-12-02;15;1611
7;2025-12-02;16;1620
7;2025-12-02;17;2087
7;2025-12-02;18;2397
7;2025-12-02;19;1620
7;2025-12-02;20;1052
7;2025-12-02;21;627
7;2025-12-02;22;304
7;2025-12-02;23;192
7;2025-12-03;0;55
7;2025-12-03;1;10
7;2025-12-03;2;0
7;2025-12-03;3;0
7;2025-12-03;4;2
7;2025-12-03;5;183
7;2025-12-03;6;576
7;2025-12-03;7;1409
7;2025-12-03;8;2250
7;2025-12-03;9;1704
7;2025-12-03;10;1559
7;2025-12-03;11;1392
7;2025-12-03;12;1546
7;2025-12-03;13;1407
7;2025-12-03;14;1452
7;2025-12-03;15;1597
7;2025-12-03;16;1699
7;2025-12-03;17;2213
7;2025-12-03;18;2310
7;2025-12-03;19;1503
7;2025-12-03;20;986
7;2025-12-03;21;592
7;2025-12-03;22;299
7;2025-12-03;23;183
7;2025-12-04;0;61
7;2025-12-04;1;16
7;2025-12-04;2;0
7;2025-12-04;3;0
7;2025-12-04;4;1
7;2025-12-04;5;170
7;2025-12-04;6;582
7;2025-12-04;7;1446
7;2025-12-04;8;2216
7;2025-12-04;9;1645
7;2025-12-04;10;1427
7;2025-12-04;11;1384
7;2025-12-04;12;1522
7;2025-12-04;13;1405
7;2025-12-04;14;1567
7;2025-12-04;15;1543
7;2025-12-04;16;1668
7;2025-12-04;17;2031
7;2025-12-04;18;2373
7;2025-12-04;19;1484
7;2025-12-04;20;968
7;2025-12-04;21;580
7;2025-12-04;22;294
7;2025-12-04;23;205
7;2025-12-05;0;70
7;2025-12-05;1;13
7;2025-12-05;2;0
7;2025-12-05;3;0
7;2025-12-05;4;2
7;2025-12-05;5;164
7;2025-12-05;6;545
7;2025-12-05;7;1342
7;2025-12-05;8;2012
7;2025-12-05;9;1505
7;2025-12-05;10;1477
7;2025-12-05;11;1380
7;2025-12-05;12;1467
7;2025-12-05;13;1495
7;2025-12-05;14;1534
7;2025-12-05;15;1652
7;2025-12-05;16;1826
7;2025-12-05;17;2030
7;2025-12-05;18;1791
7;2025-12-05;19;1259
7;2025-12-05;20;908
7;2025-12-05;21;556
7;2025-12-05;22;314
7;2025-12-05;23;224
7;2025-12-06;0;96
7;2025-12-06;1;23
7;2025-12-06;2;0
7;2025-12-06;3;0
7;2025-12-06;4;0
7;2025-12-06;5;51
7;2025-12-06;6;290
7;2025-12-06;7;451
7;2025-12-06;8;749
7;2025-12-06;9;859
7;2025-12-06;10;923
7;2025-12-06;11;1093
7;2025-12-06;12;1214
7;2025-12-06;13;1263
7;2025-12-06;14;1360
7;2025-12-06;15;1176
7;2025-12-06;16;1166
7;2025-12-06;17;1120
7;2025-12-06;18;1037
7;2025-12-06;19;1024
7;2025-12-06;20;759
7;2025-12-06;21;621
7;2025-12-06;22;339
7;2025-12-06;23;211
7;2025-12-07;0;93
7;2025-12-07;1;18
7;2025-12-07;2;0
7;2025-12-07;3;0
7;2025-12-07;4;0
7;2025-12-07;5;35
7;2025-12-07;6;205
7;2025-12-07;7;299
7;2025-12-07;8;500
7;2025-12-07;9;630
7;2025-12-07;10;739
7;2025-12-07;11;922
7;2025-12-07;12;1027
7;2025-12-07;13;1027
7;2025-12-07;14;1165
7;2025-12-07;15;1081
7;2025-12-07;16;1027
7;2025-12-07;17;1023
7;2025-12-07;18;869
7;2025-12-07;19;721
7;2025-12-07;20;625
7;2025-12-07;21;485
7;2025-12-07;22;282
7;2025-12-07;23;157
7;2025-12-08;0;58
7;2025-12-08;1;10
7;2025-12-08;2;0
7;2025-12-08;3;0
7;2025-12-08;4;1
7;2025-12-08;5;176
7;2025-12-08;6;556
7;2025-12-08;7;1451
7;2025-12-08;8;2291
7;2025-12-08;9;1619
7;2025-12-08;10;1432
7;2025-12-08;11;1342
7;2025-12-08;12;1361
7;2025-12-08;13;1379
7;2025-12-08;14;1407
7;2025-12-08;15;1545
7;2025-12-08;16;1595
7;2025-12-08;17;2170
7;2025-12-08;18;2314
7;2025-12-08;19;1561
7;2025-12-08;20;974
7;2025-12-08;21;544
7;2025-12-08;22;272
7;2025-12-08;23;148
7;2025-12-09;0;53
7;2025-12-09;1;11
7;2025-12-09;2;0
7;2025-12-09;3;0
7;2025-12-09;4;2
7;2025-12-09;5;178
7;2025-12-09;6;566
7;2025-12-09;7;1525
7;2025-12-09;8;2205
7;2025-12-09;9;1708
7;2025-12-09;10;1512
7;2025-12-09;11;1424
7;2025-12-09;12;1507
7;2025-12-09;13;1446
7;2025-12-09;14;1378
7;2025-12-09;15;1611
7;2025-12-09;16;1620
7;2025-12-09;17;2087
7;2025-12-09;18;2397
7;2025-12-09;19;1620
7;2025-12-09;20;1052
7;2025-12-09;21;627
7;2025-12-09;22;304
7;2025-12-09;23;192
7;2025-12-10;0;55
7;2025-12-10;1;10
7;2025-12-10;2;0
7;2025-12-10;3;0
7;2025-12-10;4;2
7;2025-12-10;5;183
7;2025-12-10;6;576
7;2025-12-10;7;1409
7;2025-12-10;8;2250
7;2025-12-10;9;1704
7;2025-12-10;10;1559
7;2025-12-10;11;1392
7;2025-12-10;12;1546
7;2025-12-10;13;1407
7;2025-12-10;14;1452
7;2025-12-10;15;1597
7;2025-12-10;16;1699
7;2025-12-10;17;2213
7;2025-12-10;18;2310
7;2025-12-10;19;1503
7;2025-12-10;20;986
7;2025-12-10;21;592
7;2025-12-10;22;299
7;2025-12-10;23;183
7;2025-12-11;0;61
7;2025-12-11;1;16
7;2025-12-11;2;0
7;2025-12-11;3;0
7;2025-12-11;4;1
7;2025-12-11;5;170
7;2025-12-11;6;582
7;2025-12-11;7;1446
7;2025-12-11;8;2216
7;2025-12-11;9;1645
7;2025-12-11;10;1427
7;2025-12-11;11;1384
7;2025-12-11;12;1522
7;2025-12-11;13;1405
7;2025-12-11;14;1567
7;2025-12-11;15;1543
7;2025-12-11;16;1668
7;2025-12-11;17;2031
7;2025-12-11;18;2373
7;2025-12-11;19;1484
7;2025-12-11;20;968
7;2025-12-11;21;580
7;2025-12-11;22;294
7;2025-12-11;23;205
7;2025-12-12;0;70
7;2025-12-12;1;13
7;2025-12-12;2;0
7;2025-12-12;3;0
7;2025-12-12;4;2
7;2025-12-12;5;164
7;2025-12-12;6;545
7;2025-12-12;7;1342
7;2025-12-12;8;2012
7;2025-12-12;9;1505
7;2025-12-12;10;1477
7;2025-12-12;11;1380
7;2025-12-12;12;1467
7;2025-12-12;13;1495
7;2025-12-12;14;1534
7;2025-12-12;15;1652
7;2025-12-12;16;1826
7;2025-12-12;17;2030
7;2025-12-12;18;1791
7;2025-12-12;19;1259
7;2025-12-12;20;908
7;2025-12-12;21;556
7;2025-12-12;22;314
7;2025-12-12;23;224
7;2025-12-13;0;96
7;2025-12-13;1;23
7;2025-12-13;2;0
7;2025-12-13;3;0
7;2025-12-13;4;0
7;2025-12-13;5;51
7;2025-12-13;6;290
7;2025-12-13;7;451
7;2025-12-13;8;749
7;2025-12-13;9;859
7;2025-12-13;10;923
7;2025-12-13;11;1093
7;2025-12-13;12;1214
7;2025-12-13;13;1263
7;2025-12-13;14;1360
7;2025-12-13;15;1176
7;2025-12-13;16;1166
7;2025-12-13;17;1120
7;2025-12-13;18;1037
7;2025-12-13;19;1024
7;2025-12-13;20;759
7;2025-12-13;21;621
7;2025-12-13;22;339
7;2025-12-13;23;168
7;2025-12-14;0;93
7;2025-12-14;1;18
7;2025-12-14;2;0
7;2025-12-14;3;0
7;2025-12-14;4;0
7;2025-12-14;5;35
7;2025-12-14;6;205
7;2025-12-14;7;299
7;2025-12-14;8;500
7;2025-12-14;9;630
7;2025-12-14;10;739
7;2025-12-14;11;922
7;2025-12-14;12;1027
7;2025-12-14;13;1027
7;2025-12-14;14;1165
7;2025-12-14;15;1081
7;2025-12-14;16;1027
7;2025-12-14;17;1023
7;2025-12-14;18;869
7;2025-12-14;19;721
7;2025-12-14;20;625
7;2025-12-14;21;485
7;2025-12-14;22;282
7;2025-12-14;23;125
7;2025-12-15;0;58
7;2025-12-15;1;10
7;2025-12-15;2;0
7;2025-12-15;3;0
7;2025-12-15;4;1
7;2025-12-15;5;176
7;2025-12-15;6;556
7;2025-12-15;7;1451
7;2025-12-15;8;2291
7;2025-12-15;9;1619
7;2025-12-15;10;1432
7;2025-12-15;11;1342
7;2025-12-15;12;1361
7;2025-12-15;13;1379
7;2025-12-15;14;1407
7;2025-12-15;15;1545
7;2025-12-15;16;1595
7;2025-12-15;17;2170
7;2025-12-15;18;2314
7;2025-12-15;19;1561
7;2025-12-15;20;974
7;2025-12-15;21;544
7;2025-12-15;22;272
7;2025-12-15;23;148
7;2025-12-16;0;53
7;2025-12-16;1;11
7;2025-12-16;2;0
7;2025-12-16;3;0
7;2025-12-16;4;2
7;2025-12-16;5;178
7;2025-12-16;6;566
7;2025-12-16;7;1525
7;2025-12-16;8;2205
7;2025-12-16;9;1708
7;2025-12-16;10;1512
7;2025-12-16;11;1424
7;2025-12-16;12;1507
7;2025-12-16;13;1446
7;2025-12-16;14;1378
7;2025-12-16;15;1611
7;2025-12-16;16;1620
7;2025-12-16;17;2087
7;2025-12-16;18;2397
7;2025-12-16;19;1620
7;2025-12-16;20;1052
7;2025-12-16;21;627
7;2025-12-16;22;304
7;2025-12-16;23;192
7;2025-12-17;0;55
7;2025-12-17;1;10
7;2025-12-17;2;0
7;2025-12-17;3;0
7;2025-12-17;4;2
7;2025-12-17;5;183
7;2025-12-17;6;576
7;2025-12-17;7;1409
7;2025-12-17;8;2250
7;2025-12-17;9;1704
7;2025-12-17;10;1559
7;2025-12-17;11;1392
7;2025-12-17;12;1546
7;2025-12-17;13;1407
7;2025-12-17;14;1452
7;2025-12-17;15;1597
7;2025-12-17;16;1699
7;2025-12-17;17;2213
7;2025-12-17;18;2310
7;2025-12-17;19;1503
7;2025-12-17;20;986
7;2025-12-17;21;592
7;2025-12-17;22;299
7;2025-12-17;23;183
7;2025-12-18;0;61
7;2025-12-18;1;16
7;2025-12-18;2;0
7;2025-12-18;3;0
7;2025-12-18;4;1
7;2025-12-18;5;170
7;2025-12-18;6;582
7;2025-12-18;7;1446
7;2025-12-18;8;2216
7;2025-12-18;9;1645
7;2025-12-18;10;1427
7;2025-12-18;11;1384
7;2025-12-18;12;1522
7;2025-12-18;13;1405
7;2025-12-18;14;1567
7;2025-12-18;15;1543
7;2025-12-18;16;1668
7;2025-12-18;17;2031
7;2025-12-18;18;2373
7;2025-12-18;19;1484
7;2025-12-18;20;968
7;2025-12-18;21;580
7;2025-12-18;22;294
7;2025-12-18;23;205
7;2025-12-19;0;70
7;2025-12-19;1;13
7;2025-12-19;2;0
7;2025-12-19;3;0
7;2025-12-19;4;2
7;2025-12-19;5;164
7;2025-12-19;6;545
7;2025-12-19;7;1342
7;2025-12-19;8;2012
7;2025-12-19;9;1505
7;2025-12-19;10;1477
7;2025-12-19;11;1380
7;2025-12-19;12;1467
7;2025-12-19;13;1495
7;2025-12-19;14;1534
7;2025-12-19;15;1652
7;2025-12-19;16;1826
7;2025-12-19;17;2030
7;2025-12-19;18;1791
7;2025-12-19;19;1259
7;2025-12-19;20;908
7;2025-12-19;21;556
7;2025-12-19;22;314
7;2025-12-19;23;224
7;2025-12-20;0;96
7;2025-12-20;1;23
7;2025-12-20;2;0
7;2025-12-20;3;0
7;2025-12-20;4;0
7;2025-12-20;5;51
7;2025-12-20;6;290
7;2025-12-20;7;451
7;2025-12-20;8;749
7;2025-12-20;9;859
7;2025-12-20;10;923
7;2025-12-20;11;1093
7;2025-12-20;12;1214
7;2025-12-20;13;1263
7;2025-12-20;14;1360
7;2025-12-20;15;1176
7;2025-12-20;16;1166
7;2025-12-20;17;1120
7;2025-12-20;18;1037
7;2025-12-20;19;1024
7;2025-12-20;20;759
7;2025-12-20;21;621
7;2025-12-20;22;339
7;2025-12-20;23;168
7;2025-12-21;0;93
7;2025-12-21;1;18
7;2025-12-21;2;0
7;2025-12-21;3;0
7;2025-12-21;4;0
7;2025-12-21;5;35
7;2025-12-21;6;205
7;2025-12-21;7;299
7;2025-12-21;8;500
7;2025-12-21;9;630
7;2025-12-21;10;739
7;2025-12-21;11;922
7;2025-12-21;12;1027
7;2025-12-21;13;1027
7;2025-12-21;14;1165
7;2025-12-21;15;1081
7;2025-12-21;16;1027
7;2025-12-21;17;1023
7;2025-12-21;18;869
7;2025-12-21;19;721
7;2025-12-21;20;625
7;2025-12-21;21;485
7;2025-12-21;22;282
7;2025-12-21;23;125
7;2025-12-22;0;58
7;2025-12-22;1;10
7;2025-12-22;2;0
7;2025-12-22;3;0
7;2025-12-22;4;1
7;2025-12-22;5;176
7;2025-12-22;6;556
7;2025-12-22;7;1451
7;2025-12-22;8;2291
7;2025-12-22;9;1619
7;2025-12-22;10;1432
7;2025-12-22;11;1342
7;2025-12-22;12;1361
7;2025-12-22;13;1379
7;2025-12-22;14;1407
7;2025-12-22;15;1545
7;2025-12-22;16;1595
7;2025-12-22;17;2170
7;2025-12-22;18;2314
7;2025-12-22;19;1561
7;2025-12-22;20;974
7;2025-12-22;21;544
7;2025-12-22;22;272
7;2025-12-22;23;148
7;2025-12-23;0;53
7;2025-12-23;1;11
7;2025-12-23;2;0
7;2025-12-23;3;0
7;2025-12-23;4;2
7;2025-12-23;5;178
7;2025-12-23;6;566
7;2025-12-23;7;1525
7;2025-12-23;8;2205
7;2025-12-23;9;1708
7;2025-12-23;10;1512
7;2025-12-23;11;1424
7;2025-12-23;12;1507
7;2025-12-23;13;1446
7;2025-12-23;14;1378
7;2025-12-23;15;1611
7;2025-12-23;16;1620
7;2025-12-23;17;2087
7;2025-12-23;18;2397
7;2025-12-23;19;1620
7;2025-12-23;20;1052
7;2025-12-23;21;627
7;2025-12-23;22;304
7;2025-12-23;23;192
7;2025-12-24;0;55
7;2025-12-24;1;10
7;2025-12-24;2;0
7;2025-12-24;3;0
7;2025-12-24;4;2
7;2025-12-24;5;183
7;2025-12-24;6;576
7;2025-12-24;7;1409
7;2025-12-24;8;2250
7;2025-12-24;9;1704
7;2025-12-24;10;1559
7;2025-12-24;11;1392
7;2025-12-24;12;1546
7;2025-12-24;13;1407
7;2025-12-24;14;1452
7;2025-12-24;15;1597
7;2025-12-24;16;1699
7;2025-12-24;17;2213
7;2025-12-24;18;2310
7;2025-12-24;19;1503
7;2025-12-24;20;986
7;2025-12-24;21;592
7;2025-12-24;22;299
7;2025-12-24;23;183
7;2025-12-25;0;61
7;2025-12-25;1;16
7;2025-12-25;2;0
7;2025-12-25;3;0
7;2025-12-25;4;1
7;2025-12-25;5;170
7;2025-12-25;6;582
7;2025-12-25;7;1446
7;2025-12-25;8;2216
7;2025-12-25;9;1645
7;2025-12-25;10;1427
7;2025-12-25;11;1384
7;2025-12-25;12;1522
7;2025-12-25;13;1405
7;2025-12-25;14;1567
7;2025-12-25;15;1543
7;2025-12-25;16;1668
7;2025-12-25;17;2031
7;2025-12-25;18;2373
7;2025-12-25;19;1484
7;2025-12-25;20;968
7;2025-12-25;21;580
7;2025-12-25;22;294
7;2025-12-25;23;205
7;2025-12-26;0;70
7;2025-12-26;1;13
7;2025-12-26;2;0
7;2025-12-26;3;0
7;2025-12-26;4;2
7;2025-12-26;5;164
7;2025-12-26;6;545
7;2025-12-26;7;1342
7;2025-12-26;8;2012
7;2025-12-26;9;1505
7;2025-12-26;10;1477
7;2025-12-26;11;1380
7;2025-12-26;12;1467
7;2025-12-26;13;1495
7;2025-12-26;14;1534
7;2025-12-26;15;1652
7;2025-12-26;16;1826
7;2025-12-26;17;2030
7;2025-12-26;18;1791
7;2025-12-26;19;1259
7;2025-12-26;20;908
7;2025-12-26;21;556
7;2025-12-26;22;314
7;2025-12-26;23;224
7;2025-12-27;0;96
7;2025-12-27;1;23
7;2025-12-27;2;0
7;2025-12-27;3;0
7;2025-12-27;4;0
7;2025-12-27;5;51
7;2025-12-27;6;290
7;2025-12-27;7;451
7;2025-12-27;8;749
7;2025-12-27;9;859
7;2025-12-27;10;923
7;2025-12-27;11;1093
7;2025-12-27;12;1214
7;2025-12-27;13;1263
7;2025-12-27;14;1360
7;2025-12-27;15;1176
7;2025-12-27;16;1166
7;2025-12-27;17;1120
7;2025-12-27;18;1037
7;2025-12-27;19;1024
7;2025-12-27;20;759
7;2025-12-27;21;621
7;2025-12-27;22;339
7;2025-12-27;23;168
7;2025-12-28;0;93
7;2025-12-28;1;18
7;2025-12-28;2;0
7;2025-12-28;3;0
7;2025-12-28;4;0
7;2025-12-28;5;35
7;2025-12-28;6;205
7;2025-12-28;7;299
7;2025-12-28;8;500
7;2025-12-28;9;630
7;2025-12-28;10;739
7;2025-12-28;11;922
7;2025-12-28;12;1027
7;2025-12-28;13;1027
7;2025-12-28;14;1165
7;2025-12-28;15;1081
7;2025-12-28;16;1027
7;2025-12-28;17;1023
7;2025-12-28;18;869
7;2025-12-28;19;721
7;2025-12-28;20;625
7;2025-12-28;21;485
7;2025-12-28;22;282
7;2025-12-28;23;125
7;2025-12-29;0;58
7;2025-12-29;1;10
7;2025-12-29;2;0
7;2025-12-29;3;0
7;2025-12-29;4;1
7;2025-12-29;5;176
7;2025-12-29;6;556
7;2025-12-29;7;1451
7;2025-12-29;8;2291
7;2025-12-29;9;1619
7;2025-12-29;10;1432
7;2025-12-29;11;1342
7;2025-12-29;12;1361
7;2025-12-29;13;1379
7;2025-12-29;14;1407
7;2025-12-29;15;1545
7;2025-12-29;16;1595
7;2025-12-29;17;2170
7;2025-12-29;18;2314
7;2025-12-29;19;1561
7;2025-12-29;20;974
7;2025-12-29;21;544
7;2025-12-29;22;272
7;2025-12-29;23;148
7;2025-12-30;0;53
7;2025-12-30;1;11
7;2025-12-30;2;0
7;2025-12-30;3;0
7;2025-12-30;4;2
7;2025-12-30;5;178
7;2025-12-30;6;566
7;2025-12-30;7;1525
7;2025-12-30;8;2205
7;2025-12-30;9;1708
7;2025-12-30;10;1512
7;2025-12-30;11;1424
7;2025-12-30;12;1507
7;2025-12-30;13;1446
7;2025-12-30;14;1378
7;2025-12-30;15;1611
7;2025-12-30;16;1620
7;2025-12-30;17;2087
7;2025-12-30;18;2397
7;2025-12-30;19;1620
7;2025-12-30;20;1052
7;2025-12-30;21;627
7;2025-12-30;22;304
7;2025-12-30;23;192
7;2025-12-31;0;88
7;2025-12-31;1;20
7;2025-12-31;2;0
7;2025-12-31;3;1
7;2025-12-31;4;1
7;2025-12-31;5;28
7;2025-12-31;6;124
7;2025-12-31;7;176
7;2025-12-31;8;353
7;2025-12-31;9;457
7;2025-12-31;10;394
7;2025-12-31;11;552
7;2025-12-31;12;600
7;2025-12-31;13;605
7;2025-12-31;14;638
7;2025-12-31;15;662
7;2025-12-31;16;581
7;2025-12-31;17;600
7;2025-12-31;18;603
7;2025-12-31;19;472
7;2025-12-31;20;390
7;2025-12-31;21;293
7;2025-12-31;22;158
7;2025-12-31;23;114
11;2025-11-01;0;80
11;2025-11-01;1;2
11;2025-11-01;2;0
11;2025-11-01;3;0
11;2025-11-01;4;3
11;2025-11-01;5;278
11;2025-11-01;6;1219
11;2025-11-01;7;2036
11;2025-11-01;8;2703
11;2025-11-01;9;2154
11;2025-11-01;10;1780
11;2025-11-01;11;1815
11;2025-11-01;12;1863
11;2025-11-01;13;1920
11;2025-11-01;14;1989
11;2025-11-01;15;2177
11;2025-11-01;16;2374
11;2025-11-01;17;2734
11;2025-11-01;18;2362
11;2025-11-01;19;1960
11;2025-11-01;20;1389
11;2025-11-01;21;894
11;2025-11-01;22;486
11;2025-11-01;23;304
11;2025-11-02;0;108
11;2025-11-02;1;14
11;2025-11-02;2;0
11;2025-11-02;3;0
11;2025-11-02;4;2
11;2025-11-02;5;122
11;2025-11-02;6;495
11;2025-11-02;7;513
11;2025-11-02;8;659
11;2025-11-02;9;919
11;2025-11-02;10;1029
11;2025-11-02;11;1458
11;2025-11-02;12;1608
11;2025-11-02;13;1551
11;2025-11-02;14;1624
11;2025-11-02;15;1652
11;2025-11-02;16;1594
11;2025-11-02;17;1651
11;2025-11-02;18;1335
11;2025-11-02;19;1107
11;2025-11-02;20;903
11;2025-11-02;21;651
11;2025-11-02;22;372
11;2025-11-02;23;248
11;2025-11-03;0;108
11;2025-11-03;1;14
11;2025-11-03;2;0
11;2025-11-03;3;0
11;2025-11-03;4;2
11;2025-11-03;5;122
11;2025-11-03;6;495
11;2025-11-03;7;513
11;2025-11-03;8;659
11;2025-11-03;9;919
11;2025-11-03;10;1029
11;2025-11-03;11;1458
11;2025-11-03;12;1608
11;2025-11-03;13;1551
11;2025-11-03;14;1624
11;2025-11-03;15;1652
11;2025-11-03;16;1594
11;2025-11-03;17;1651
11;2025-11-03;18;1335
11;2025-11-03;19;1107
11;2025-11-03;20;903
11;2025-11-03;21;651
11;2025-11-03;22;372
11;2025-11-03;23;248
11;2025-11-04;0;108
11;2025-11-04;1;14
11;2025-11-04;2;0
11;2025-11-04;3;0
11;2025-11-04;4;2
11;2025-11-04;5;122
11;2025-11-04;6;495
11;2025-11-04;7;513
11;2025-11-04;8;659
11;2025-11-04;9;919
11;2025-11-04;10;1029
11;2025-11-04;11;1458
11;2025-11-04;12;1608
11;2025-11-04;13;1551
11;2025-11-04;14;1624
11;2025-11-04;15;1652
11;2025-11-04;16;1594
11;2025-11-04;17;1651
11;2025-11-04;18;1335
11;2025-11-04;19;1107
11;2025-11-04;20;903
11;2025-11-04;21;651
11;2025-11-04;22;372
11;2025-11-04;23;248
11;2025-11-05;0;66
11;2025-11-05;1;1
11;2025-11-05;2;0
11;2025-11-05;3;0
11;2025-11-05;4;2
11;2025-11-05;5;301
11;2025-11-05;6;1311
11;2025-11-05;7;2465
11;2025-11-05;8;3254
11;2025-11-05;9;2408
11;2025-11-05;10;1889
11;2025-11-05;11;1900
11;2025-11-05;12;1917
11;2025-11-05;13;2048
11;2025-11-05;14;1979
11;2025-11-05;15;2076
11;2025-11-05;16;2200
11;2025-11-05;17;2829
11;2025-11-05;18;3109
11;2025-11-05;19;2337
11;2025-11-05;20;1555
11;2025-11-05;21;919
11;2025-11-05;22;469
11;2025-11-05;23;249
11;2025-11-06;0;70
11;2025-11-06;1;1
11;2025-11-06;2;0
11;2025-11-06;3;0
11;2025-11-06;4;3
11;2025-11-06;5;301
11;2025-11-06;6;1301
11;2025-11-06;7;2341
11;2025-11-06;8;3047
11;2025-11-06;9;2456
11;2025-11-06;10;1958
11;2025-11-06;11;1839
11;2025-11-06;12;1907
11;2025-11-06;13;2061
11;2025-11-06;14;1993
11;2025-11-06;15;2059
11;2025-11-06;16;2285
11;2025-11-06;17;2782
11;2025-11-06;18;3111
11;2025-11-06;19;2267
11;2025-11-06;20;1493
11;2025-11-06;21;914
11;2025-11-06;22;473
11;2025-11-06;23;246
11;2025-11-07;0;76
11;2025-11-07;1;2
11;2025-11-07;2;0
11;2025-11-07;3;0
11;2025-11-07;4;3
11;2025-11-07;5;290
11;2025-11-07;6;1299
11;2025-11-07;7;2270
11;2025-11-07;8;3006
11;2025-11-07;9;2331
11;2025-11-07;10;1873
11;2025-11-07;11;1839
11;2025-11-07;12;1863
11;2025-11-07;13;1945
11;2025-11-07;14;2021
11;2025-11-07;15;2249
11;2025-11-07;16;2478
11;2025-11-07;17;2898
11;2025-11-07;18;2502
11;2025-11-07;19;2046
11;2025-11-07;20;1439
11;2025-11-07;21;913
11;2025-11-07;22;492
11;2025-11-07;23;303
11;2025-11-08;0;102
11;2025-11-08;1;3
11;2025-11-08;2;0
11;2025-11-08;3;0
11;2025-11-08;4;4
11;2025-11-08;5;208
11;2025-11-08;6;770
11;2025-11-08;7;711
11;2025-11-08;8;988
11;2025-11-08;9;1149
11;2025-11-08;10;1252
11;2025-11-08;11;1674
11;2025-11-08;12;1865
11;2025-11-08;13;1777
11;2025-11-08;14;1808
11;2025-11-08;15;1765
11;2025-11-08;16;1786
11;2025-11-08;17;1802
11;2025-11-08;18;1566
11;2025-11-08;19;1467
11;2025-11-08;20;1105
11;2025-11-08;21;789
11;2025-11-08;22;453
11;2025-11-08;23;313
11;2025-11-09;0;108
11;2025-11-09;1;14
11;2025-11-09;2;0
11;2025-11-09;3;0
11;2025-11-09;4;2
11;2025-11-09;5;122
11;2025-11-09;6;495
11;2025-11-09;7;513
11;2025-11-09;8;659
11;2025-11-09;9;919
11;2025-11-09;10;1029
11;2025-11-09;11;1458
11;2025-11-09;12;1608
11;2025-11-09;13;1551
11;2025-11-09;14;1624
11;2025-11-09;15;1652
11;2025-11-09;16;1594
11;2025-11-09;17;1651
11;2025-11-09;18;1335
11;2025-11-09;19;1107
11;2025-11-09;20;903
11;2025-11-09;21;651
11;2025-11-09;22;372
11;2025-11-09;23;248
11;2025-11-10;0;75
11;2025-11-10;1;7
11;2025-11-10;2;0
11;2025-11-10;3;0
11;2025-11-10;4;3
11;2025-11-10;5;294
11;2025-11-10;6;1360
11;2025-11-10;7;2367
11;2025-11-10;8;3129
11;2025-11-10;9;2421
11;2025-11-10;10;1810
11;2025-11-10;11;1851
11;2025-11-10;12;1741
11;2025-11-10;13;1905
11;2025-11-10;14;1878
11;2025-11-10;15;2042
11;2025-11-10;16;2272
11;2025-11-10;17;2811
11;2025-11-10;18;3163
11;2025-11-10;19;2360
11;2025-11-10;20;1511
11;2025-11-10;21;861
11;2025-11-10;22;435
11;2025-11-10;23;211
11;2025-11-11;0;64
11;2025-11-11;1;2
11;2025-11-11;2;0
11;2025-11-11;3;0
11;2025-11-11;4;2
11;2025-11-11;5;286
11;2025-11-11;6;1371
11;2025-11-11;7;2435
11;2025-11-11;8;3238
11;2025-11-11;9;2470
11;2025-11-11;10;1861
11;2025-11-11;11;1833
11;2025-11-11;12;1806
11;2025-11-11;13;1995
11;2025-11-11;14;1977
11;2025-11-11;15;2090
11;2025-11-11;16;2296
11;2025-11-11;17;2870
11;2025-11-11;18;3118
11;2025-11-11;19;2327
11;2025-11-11;20;1510
11;2025-11-11;21;901
11;2025-11-11;22;450
11;2025-11-11;23;226
11;2025-11-12;0;66
11;2025-11-12;1;1
11;2025-11-12;2;0
11;2025-11-12;3;0
11;2025-11-12;4;2
11;2025-11-12;5;301
11;2025-11-12;6;1311
11;2025-11-12;7;2465
11;2025-11-12;8;3254
11;2025-11-12;9;2408
11;2025-11-12;10;1889
11;2025-11-12;11;1900
11;2025-11-12;12;1917
11;2025-11-12;13;2048
11;2025-11-12;14;1979
11;2025-11-12;15;2076
11;2025-11-12;16;2200
11;2025-11-12;17;2829
11;2025-11-12;18;3109
11;2025-11-12;19;2337
11;2025-11-12;20;1555
11;2025-11-12;21;919
11;2025-11-12;22;469
11;2025-11-12;23;249
11;2025-11-13;0;70
11;2025-11-13;1;1
11;2025-11-13;2;0
11;2025-11-13;3;0
11;2025-11-13;4;3
11;2025-11-13;5;301
11;2025-11-13;6;1301
11;2025-11-13;7;2341
11;2025-11-13;8;3047
11;2025-11-13;9;2456
11;2025-11-13;10;1958
11;2025-11-13;11;1839
11;2025-11-13;12;1907
11;2025-11-13;13;2061
11;2025-11-13;14;1993
11;2025-11-13;15;2059
11;2025-11-13;16;2285
11;2025-11-13;17;2782
11;2025-11-13;18;3111
11;2025-11-13;19;2267
11;2025-11-13;20;1493
11;2025-11-13;21;914
11;2025-11-13;22;473
11;2025-11-13;23;246
11;2025-11-14;0;76
11;2025-11-14;1;2
11;2025-11-14;2;0
11;2025-11-14;3;0
11;2025-11-14;4;3
11;2025-11-14;5;290
11;2025-11-14;6;1299
11;2025-11-14;7;2270
11;2025-11-14;8;3006
11;2025-11-14;9;2331
11;2025-11-14;10;1873
11;2025-11-14;11;1839
11;2025-11-14;12;1863
11;2025-11-14;13;1945
11;2025-11-14;14;2021
11;2025-11-14;15;2249
11;2025-11-14;16;2478
11;2025-11-14;17;2898
11;2025-11-14;18;2502
11;2025-11-14;19;2046
11;2025-11-14;20;1439
11;2025-11-14;21;913
11;2025-11-14;22;492
11;2025-11-14;23;303
11;2025-11-15;0;102
11;2025-11-15;1;3
11;2025-11-15;2;0
11;2025-11-15;3;0
11;2025-11-15;4;4
11;2025-11-15;5;208
11;2025-11-15;6;770
11;2025-11-15;7;711
11;2025-11-15;8;988
11;2025-11-15;9;1149
11;2025-11-15;10;1252
11;2025-11-15;11;1674
11;2025-11-15;12;1865
11;2025-11-15;13;1777
11;2025-11-15;14;1808
11;2025-11-15;15;1765
11;2025-11-15;16;1786
11;2025-11-15;17;1802
11;2025-11-15;18;1566
11;2025-11-15;19;1467
11;2025-11-15;20;1105
11;2025-11-15;21;789
11;2025-11-15;22;453
11;2025-11-15;23;313
11;2025-11-16;0;108
11;2025-11-16;1;14
11;2025-11-16;2;0
11;2025-11-16;3;0
11;2025-11-16;4;2
11;2025-11-16;5;122
11;2025-11-16;6;495
11;2025-11-16;7;513
11;2025-11-16;8;659
11;2025-11-16;9;919
11;2025-11-16;10;1029
11;2025-11-16;11;1458
11;2025-11-16;12;1608
11;2025-11-16;13;1551
11;2025-11-16;14;1624
11;2025-11-16;15;1652
11;2025-11-16;16;1594
11;2025-11-16;17;1651
11;2025-11-16;18;1335
11;2025-11-16;19;1107
11;2025-11-16;20;903
11;2025-11-16;21;651
11;2025-11-16;22;372
11;2025-11-16;23;248
11;2025-11-17;0;75
11;2025-11-17;1;7
11;2025-11-17;2;0
11;2025-11-17;3;0
11;2025-11-17;4;3
11;2025-11-17;5;294
11;2025-11-17;6;1360
11;2025-11-17;7;2367
11;2025-11-17;8;3129
11;2025-11-17;9;2421
11;2025-11-17;10;1810
11;2025-11-17;11;1851
11;2025-11-17;12;1741
11;2025-11-17;13;1905
11;2025-11-17;14;1878
11;2025-11-17;15;2042
11;2025-11-17;16;2272
11;2025-11-17;17;2811
11;2025-11-17;18;3163
11;2025-11-17;19;2360
11;2025-11-17;20;1511
11;2025-11-17;21;861
11;2025-11-17;22;435
11;2025-11-17;23;211
11;2025-11-18;0;64
11;2025-11-18;1;2
11;2025-11-18;2;0
11;2025-11-18;3;0
11;2025-11-18;4;2
11;2025-11-18;5;286
11;2025-11-18;6;1371
11;2025-11-18;7;2435
11;2025-11-18;8;3238
11;2025-11-18;9;2470
11;2025-11-18;10;1861
11;2025-11-18;11;1833
11;2025-11-18;12;1806
11;2025-11-18;13;1995
11;2025-11-18;14;1977
11;2025-11-18;15;2090
11;2025-11-18;16;2296
11;2025-11-18;17;2870
11;2025-11-18;18;3118
11;2025-11-18;19;2327
11;2025-11-18;20;1510
11;2025-11-18;21;901
11;2025-11-18;22;450
11;2025-11-18;23;226
11;2025-11-19;0;66
11;2025-11-19;1;1
11;2025-11-19;2;0
11;2025-11-19;3;0
11;2025-11-19;4;2
11;2025-11-19;5;301
11;2025-11-19;6;1311
11;2025-11-19;7;2465
11;2025-11-19;8;3254
11;2025-11-19;9;2408
11;2025-11-19;10;1889
11;2025-11-19;11;1900
11;2025-11-19;12;1917
11;2025-11-19;13;2048
11;2025-11-19;14;1979
11;2025-11-19;15;2076
11;2025-11-19;16;2200
11;2025-11-19;17;2829
11;2025-11-19;18;3109
11;2025-11-19;19;2337
11;2025-11-19;20;1555
11;2025-11-19;21;919
11;2025-11-19;22;469
11;2025-11-19;23;249
11;2025-11-20;0;70
11;2025-11-20;1;1
11;2025-11-20;2;0
11;2025-11-20;3;0
11;2025-11-20;4;3
11;2025-11-20;5;301
11;2025-11-20;6;1301
11;2025-11-20;7;2341
11;2025-11-20;8;3047
11;2025-11-20;9;2456
11;2025-11-20;10;1958
11;2025-11-20;11;1839
11;2025-11-20;12;1907
11;2025-11-20;13;2061
11;2025-11-20;14;1993
11;2025-11-20;15;2059
11;2025-11-20;16;2285
11;2025-11-20;17;2782
11;2025-11-20;18;3111
11;2025-11-20;19;2267
11;2025-11-20;20;1493
11;2025-11-20;21;914
11;2025-11-20;22;473
11;2025-11-20;23;246
11;2025-11-21;0;76
11;2025-11-21;1;2
11;2025-11-21;2;0
11;2025-11-21;3;0
11;2025-11-21;4;3
11;2025-11-21;5;290
11;2025-11-21;6;1299
11;2025-11-21;7;2270
11;2025-11-21;8;3006
11;2025-11-21;9;2331
11;2025-11-21;10;1873
11;2025-11-21;11;1839
11;2025-11-21;12;1863
11;2025-11-21;13;1945
11;2025-11-21;14;2021
11;2025-11-21;15;2249
11;2025-11-21;16;2478
11;2025-11-21;17;2898
11;2025-11-21;18;2502
11;2025-11-21;19;2046
11;2025-11-21;20;1439
11;2025-11-21;21;913
11;2025-11-21;22;492
11;2025-11-21;23;303
11;2025-11-22;0;102
11;2025-11-22;1;3
11;2025-11-22;2;0
11;2025-11-22;3;0
11;2025-11-22;4;4
11;2025-11-22;5;208
11;2025-11-22;6;770
11;2025-11-22;7;711
11;2025-11-22;8;988
11;2025-11-22;9;1149
11;2025-11-22;10;1252
11;2025-11-22;11;1674
11;2025-11-22;12;1865
11;2025-11-22;13;1777
11;2025-11-22;14;1808
11;2025-11-22;15;1765
11;2025-11-22;16;1786
11;2025-11-22;17;1802
11;2025-11-22;18;1566
11;2025-11-22;19;1467
11;2025-11-22;20;1105
11;2025-11-22;21;789
11;2025-11-22;22;453
11;2025-11-22;23;313
11;2025-11-23;0;108
11;2025-11-23;1;14
11;2025-11-23;2;0
11;2025-11-23;3;0
11;2025-11-23;4;2
11;2025-11-23;5;122
11;2025-11-23;6;495
11;2025-11-23;7;513
11;2025-11-23;8;659
11;2025-11-23;9;919
11;2025-11-23;10;1029
11;2025-11-23;11;1458
11;2025-11-23;12;1608
11;2025-11-23;13;1551
11;2025-11-23;14;1624
11;2025-11-23;15;1652
11;2025-11-23;16;1594
11;2025-11-23;17;1651
11;2025-11-23;18;1335
11;2025-11-23;19;1107
11;2025-11-23;20;903
11;2025-11-23;21;651
11;2025-11-23;22;372
11;2025-11-23;23;248
11;2025-11-24;0;75
11;2025-11-24;1;7
11;2025-11-24;2;0
11;2025-11-24;3;0
11;2025-11-24;4;3
11;2025-11-24;5;294
11;2025-11-24;6;1360
11;2025-11-24;7;2367
11;2025-11-24;8;3129
11;2025-11-24;9;2421
11;2025-11-24;10;1810
11;2025-11-24;11;1851
11;2025-11-24;12;1741
11;2025-11-24;13;1905
11;2025-11-24;14;1878
11;2025-11-24;15;2042
11;2025-11-24;16;2272
11;2025-11-24;17;2811
11;2025-11-24;18;3163
11;2025-11-24;19;2360
11;2025-11-24;20;1511
11;2025-11-24;21;861
11;2025-11-24;22;435
11;2025-11-24;23;211
11;2025-11-25;0;64
11;2025-11-25;1;2
11;2025-11-25;2;0
11;2025-11-25;3;0
11;2025-11-25;4;2
11;2025-11-25;5;286
11;2025-11-25;6;1371
11;2025-11-25;7;2435
11;2025-11-25;8;3238
11;2025-11-25;9;2470
11;2025-11-25;10;1861
11;2025-11-25;11;1833
11;2025-11-25;12;1806
11;2025-11-25;13;1995
11;2025-11-25;14;1977
11;2025-11-25;15;2090
11;2025-11-25;16;2296
11;2025-11-25;17;2870
11;2025-11-25;18;3118
11;2025-11-25;19;2327
11;2025-11-25;20;1510
11;2025-11-25;21;901
11;2025-11-25;22;450
11;2025-11-25;23;226
11;2025-11-26;0;66
11;2025-11-26;1;1
11;2025-11-26;2;0
11;2025-11-26;3;0
11;2025-11-26;4;2
11;2025-11-26;5;301
11;2025-11-26;6;1311
11;2025-11-26;7;2465
11;2025-11-26;8;3254
11;2025-11-26;9;2408
11;2025-11-26;10;1889
11;2025-11-26;11;1900
11;2025-11-26;12;1917
11;2025-11-26;13;2048
11;2025-11-26;14;1979
11;2025-11-26;15;2076
11;2025-11-26;16;2200
11;2025-11-26;17;2829
11;2025-11-26;18;3109
11;2025-11-26;19;2337
11;2025-11-26;20;1555
11;2025-11-26;21;919
11;2025-11-26;22;469
11;2025-11-26;23;249
11;2025-11-27;0;70
11;2025-11-27;1;1
11;2025-11-27;2;0
11;2025-11-27;3;0
11;2025-11-27;4;3
11;2025-11-27;5;301
11;2025-11-27;6;1301
11;2025-11-27;7;2341
11;2025-11-27;8;3047
11;2025-11-27;9;2456
11;2025-11-27;10;1958
11;2025-11-27;11;1839
11;2025-11-27;12;1907
11;2025-11-27;13;2061
11;2025-11-27;14;1993
11;2025-11-27;15;2059
11;2025-11-27;16;2285
11;2025-11-27;17;2782
11;2025-11-27;18;3111
11;2025-11-27;19;2267
11;2025-11-27;20;1493
11;2025-11-27;21;914
11;2025-11-27;22;473
11;2025-11-27;23;246
11;2025-11-28;0;76
11;2025-11-28;1;2
11;2025-11-28;2;0
11;2025-11-28;3;0
11;2025-11-28;4;3
11;2025-11-28;5;290
11;2025-11-28;6;1299
11;2025-11-28;7;2270
11;2025-11-28;8;3006
11;2025-11-28;9;2331
11;2025-11-28;10;1873
11;2025-11-28;11;1839
11;2025-11-28;12;1863
11;2025-11-28;13;1945
11;2025-11-28;14;2021
11;2025-11-28;15;2249
11;2025-11-28;16;2478
11;2025-11-28;17;2898
11;2025-11-28;18;2502
11;2025-11-28;19;2046
11;2025-11-28;20;1439
11;2025-11-28;21;913
11;2025-11-28;22;492
11;2025-11-28;23;303
11;2025-11-29;0;102
11;2025-11-29;1;3
11;2025-11-29;2;0
11;2025-11-29;3;0
11;2025-11-29;4;4
11;2025-11-29;5;208
11;2025-11-29;6;770
11;2025-11-29;7;711
11;2025-11-29;8;988
11;2025-11-29;9;1149
11;2025-11-29;10;1252
11;2025-11-29;11;1674
11;2025-11-29;12;1865
11;2025-11-29;13;1777
11;2025-11-29;14;1808
11;2025-11-29;15;1765
11;2025-11-29;16;1786
11;2025-11-29;17;1802
11;2025-11-29;18;1566
11;2025-11-29;19;1467
11;2025-11-29;20;1105
11;2025-11-29;21;789
11;2025-11-29;22;453
11;2025-11-29;23;313
11;2025-11-30;0;108
11;2025-11-30;1;14
11;2025-11-30;2;0
11;2025-11-30;3;0
11;2025-11-30;4;2
11;2025-11-30;5;122
11;2025-11-30;6;495
11;2025-11-30;7;513
11;2025-11-30;8;659
11;2025-11-30;9;919
11;2025-11-30;10;1029
11;2025-11-30;11;1458
11;2025-11-30;12;1608
11;2025-11-30;13;1551
11;2025-11-30;14;1624
11;2025-11-30;15;1652
11;2025-11-30;16;1594
11;2025-11-30;17;1651
11;2025-11-30;18;1335
11;2025-11-30;19;1107
11;2025-11-30;20;903
11;2025-11-30;21;651
11;2025-11-30;22;372
11;2025-11-30;23;248
11;2025-12-01;0;75
11;2025-12-01;1;7
11;2025-12-01;2;0
11;2025-12-01;3;0
11;2025-12-01;4;3
11;2025-12-01;5;294
11;2025-12-01;6;1360
11;2025-12-01;7;2367
11;2025-12-01;8;3129
11;2025-12-01;9;2421
11;2025-12-01;10;1810
11;2025-12-01;11;1851
11;2025-12-01;12;1741
11;2025-12-01;13;1905
11;2025-12-01;14;1878
11;2025-12-01;15;2042
11;2025-12-01;16;2272
11;2025-12-01;17;2811
11;2025-12-01;18;3163
11;2025-12-01;19;2360
11;2025-12-01;20;1511
11;2025-12-01;21;861
11;2025-12-01;22;435
11;2025-12-01;23;211
11;2025-12-02;0;64
11;2025-12-02;1;2
11;2025-12-02;2;0
11;2025-12-02;3;0
11;2025-12-02;4;2
11;2025-12-02;5;286
11;2025-12-02;6;1371
11;2025-12-02;7;2435
11;2025-12-02;8;3238
11;2025-12-02;9;2470
11;2025-12-02;10;1861
11;2025-12-02;11;1833
11;2025-12-02;12;1806
11;2025-12-02;13;1995
11;2025-12-02;14;1977
11;2025-12-02;15;2090
11;2025-12-02;16;2296
11;2025-12-02;17;2870
11;2025-12-02;18;3118
11;2025-12-02;19;2327
11;2025-12-02;20;1510
11;2025-12-02;21;901
11;2025-12-02;22;450
11;2025-12-02;23;226
11;2025-12-03;0;66
11;2025-12-03;1;1
11;2025-12-03;2;0
11;2025-12-03;3;0
11;2025-12-03;4;2
11;2025-12-03;5;301
11;2025-12-03;6;1311
11;2025-12-03;7;2465
11;2025-12-03;8;3254
11;2025-12-03;9;2408
11;2025-12-03;10;1889
11;2025-12-03;11;1900
11;2025-12-03;12;1917
11;2025-12-03;13;2048
11;2025-12-03;14;1979
11;2025-12-03;15;2076
11;2025-12-03;16;2200
11;2025-12-03;17;2829
11;2025-12-03;18;3109
11;2025-12-03;19;2337
11;2025-12-03;20;1555
11;2025-12-03;21;919
11;2025-12-03;22;469
11;2025-12-03;23;249
11;2025-12-04;0;70
11;2025-12-04;1;1
11;2025-12-04;2;0
11;2025-12-04;3;0
11;2025-12-04;4;3
11;2025-12-04;5;301
11;2025-12-04;6;1301
11;2025-12-04;7;2341
11;2025-12-04;8;3047
11;2025-12-04;9;2456
11;2025-12-04;10;1958
11;2025-12-04;11;1839
11;2025-12-04;12;1907
11;2025-12-04;13;2061
11;2025-12-04;14;1993
11;2025-12-04;15;2059
11;2025-12-04;16;2285
11;2025-12-04;17;2782
11;2025-12-04;18;3111
11;2025-12-04;19;2267
11;2025-12-04;20;1493
11;2025-12-04;21;914
11;2025-12-04;22;473
11;2025-12-04;23;246
11;2025-12-05;0;76
11;2025-12-05;1;2
11;2025-12-05;2;0
11;2025-12-05;3;0
11;2025-12-05;4;3
11;2025-12-05;5;290
11;2025-12-05;6;1299
11;2025-12-05;7;2270
11;2025-12-05;8;3006
11;2025-12-05;9;2331
11;2025-12-05;10;1873
11;2025-12-05;11;1839
11;2025-12-05;12;1863
11;2025-12-05;13;1945
11;2025-12-05;14;2021
11;2025-12-05;15;2249
11;2025-12-05;16;2478
11;2025-12-05;17;2898
11;2025-12-05;18;2502
11;2025-12-05;19;2046
11;2025-12-05;20;1439
11;2025-12-05;21;913
11;2025-12-05;22;492
11;2025-12-05;23;303
11;2025-12-06;0;102
11;2025-12-06;1;3
11;2025-12-06;2;0
11;2025-12-06;3;0
11;2025-12-06;4;4
11;2025-12-06;5;208
11;2025-12-06;6;770
11;2025-12-06;7;711
11;2025-12-06;8;988
11;2025-12-06;9;1149
11;2025-12-06;10;1252
11;2025-12-06;11;1674
11;2025-12-06;12;1865
11;2025-12-06;13;1777
11;2025-12-06;14;1808
11;2025-12-06;15;1765
11;2025-12-06;16;1786
11;2025-12-06;17;1802
11;2025-12-06;18;1566
11;2025-12-06;19;1467
11;2025-12-06;20;1105
11;2025-12-06;21;789
11;2025-12-06;22;453
11;2025-12-06;23;313
11;2025-12-07;0;108
11;2025-12-07;1;14
11;2025-12-07;2;0
11;2025-12-07;3;0
11;2025-12-07;4;2
11;2025-12-07;5;122
11;2025-12-07;6;495
11;2025-12-07;7;513
11;2025-12-07;8;659
11;2025-12-07;9;919
11;2025-12-07;10;1029
11;2025-12-07;11;1458
11;2025-12-07;12;1608
11;2025-12-07;13;1551
11;2025-12-07;14;1624
11;2025-12-07;15;1652
11;2025-12-07;16;1594
11;2025-12-07;17;1651
11;2025-12-07;18;1335
11;2025-12-07;19;1107
11;2025-12-07;20;903
11;2025-12-07;21;651
11;2025-12-07;22;372
11;2025-12-07;23;248
11;2025-12-08;0;75
11;2025-12-08;1;7
11;2025-12-08;2;0
11;2025-12-08;3;0
11;2025-12-08;4;3
11;2025-12-08;5;294
11;2025-12-08;6;1360
11;2025-12-08;7;2367
11;2025-12-08;8;3129
11;2025-12-08;9;2421
11;2025-12-08;10;1810
11;2025-12-08;11;1851
11;2025-12-08;12;1741
11;2025-12-08;13;1905
11;2025-12-08;14;1878
11;2025-12-08;15;2042
11;2025-12-08;16;2272
11;2025-12-08;17;2811
11;2025-12-08;18;3163
11;2025-12-08;19;2360
11;2025-12-08;20;1511
11;2025-12-08;21;861
11;2025-12-08;22;435
11;2025-12-08;23;211
11;2025-12-09;0;64
11;2025-12-09;1;2
11;2025-12-09;2;0
11;2025-12-09;3;0
11;2025-12-09;4;2
11;2025-12-09;5;286
11;2025-12-09;6;1371
11;2025-12-09;7;2435
11;2025-12-09;8;3238
11;2025-12-09;9;2470
11;2025-12-09;10;1861
11;2025-12-09;11;1833
11;2025-12-09;12;1806
11;2025-12-09;13;1995
11;2025-12-09;14;1977
11;2025-12-09;15;2090
11;2025-12-09;16;2296
11;2025-12-09;17;2870
11;2025-12-09;18;3118
11;2025-12-09;19;2327
11;2025-12-09;20;1510
11;2025-12-09;21;901
11;2025-12-09;22;450
11;2025-12-09;23;226
11;2025-12-10;0;66
11;2025-12-10;1;1
11;2025-12-10;2;0
11;2025-12-10;3;0
11;2025-12-10;4;2
11;2025-12-10;5;301
11;2025-12-10;6;1311
11;2025-12-10;7;2465
11;2025-12-10;8;3254
11;2025-12-10;9;2408
11;2025-12-10;10;1889
11;2025-12-10;11;1900
11;2025-12-10;12;1917
11;2025-12-10;13;2048
11;2025-12-10;14;1979
11;2025-12-10;15;2076
11;2025-12-10;16;2200
11;2025-12-10;17;2829
11;2025-12-10;18;3109
11;2025-12-10;19;2337
11;2025-12-10;20;1555
11;2025-12-10;21;919
11;2025-12-10;22;469
11;2025-12-10;23;249
11;2025-12-11;0;70
11;2025-12-11;1;1
11;2025-12-11;2;0
11;2025-12-11;3;0
11;2025-12-11;4;3
11;2025-12-11;5;301
11;2025-12-11;6;1301
11;2025-12-11;7;2341
11;2025-12-11;8;3047
11;2025-12-11;9;2456
11;2025-12-11;10;1958
11;2025-12-11;11;1839
11;2025-12-11;12;1907
11;2025-12-11;13;2061
11;2025-12-11;14;1993
11;2025-12-11;15;2059
11;2025-12-11;16;2285
11;2025-12-11;17;2782
11;2025-12-11;18;3111
11;2025-12-11;19;2267
11;2025-12-11;20;1493
11;2025-12-11;21;914
11;2025-12-11;22;473
11;2025-12-11;23;246
11;2025-12-12;0;76
11;2025-12-12;1;2
11;2025-12-12;2;0
11;2025-12-12;3;0
11;2025-12-12;4;3
11;2025-12-12;5;290
11;2025-12-12;6;1299
11;2025-12-12;7;2270
11;2025-12-12;8;3006
11;2025-12-12;9;2331
11;2025-12-12;10;1873
11;2025-12-12;11;1839
11;2025-12-12;12;1863
11;2025-12-12;13;1945
11;2025-12-12;14;2021
11;2025-12-12;15;2249
11;2025-12-12;16;2478
11;2025-12-12;17;2898
11;2025-12-12;18;2502
11;2025-12-12;19;2046
11;2025-12-12;20;1439
11;2025-12-12;21;913
11;2025-12-12;22;492
11;2025-12-12;23;303
11;2025-12-13;0;102
11;2025-12-13;1;3
11;2025-12-13;2;0
11;2025-12-13;3;0
11;2025-12-13;4;4
11;2025-12-13;5;208
11;2025-12-13;6;770
11;2025-12-13;7;711
11;2025-12-13;8;988
11;2025-12-13;9;1149
11;2025-12-13;10;1252
11;2025-12-13;11;1674
11;2025-12-13;12;1865
11;2025-12-13;13;1777
11;2025-12-13;14;1808
11;2025-12-13;15;1765
11;2025-12-13;16;1786
11;2025-12-13;17;1802
11;2025-12-13;18;1566
11;2025-12-13;19;1467
11;2025-12-13;20;1105
11;2025-12-13;21;789
11;2025-12-13;22;453
11;2025-12-13;23;313
11;2025-12-14;0;108
11;2025-12-14;1;14
11;2025-12-14;2;0
11;2025-12-14;3;0
11;2025-12-14;4;2
11;2025-12-14;5;122
11;2025-12-14;6;495
11;2025-12-14;7;513
11;2025-12-14;8;659
11;2025-12-14;9;919
11;2025-12-14;10;1029
11;2025-12-14;11;1458
11;2025-12-14;12;1608
11;2025-12-14;13;1551
11;2025-12-14;14;1624
11;2025-12-14;15;1652
11;2025-12-14;16;1594
11;2025-12-14;17;1651
11;2025-12-14;18;1335
11;2025-12-14;19;1107
11;2025-12-14;20;903
11;2025-12-14;21;651
11;2025-12-14;22;372
11;2025-12-14;23;248
11;2025-12-15;0;75
11;2025-12-15;1;7
11;2025-12-15;2;0
11;2025-12-15;3;0
11;2025-12-15;4;3
11;2025-12-15;5;294
11;2025-12-15;6;1360
11;2025-12-15;7;2367
11;2025-12-15;8;3129
11;2025-12-15;9;2421
11;2025-12-15;10;1810
11;2025-12-15;11;1851
11;2025-12-15;12;1741
11;2025-12-15;13;1905
11;2025-12-15;14;1878
11;2025-12-15;15;2042
11;2025-12-15;16;2272
11;2025-12-15;17;2811
11;2025-12-15;18;3163
11;2025-12-15;19;2360
11;2025-12-15;20;1511
11;2025-12-15;21;861
11;2025-12-15;22;435
11;2025-12-15;23;211
11;2025-12-16;0;64
11;2025-12-16;1;2
11;2025-12-16;2;0
11;2025-12-16;3;0
11;2025-12-16;4;2
11;2025-12-16;5;286
11;2025-12-16;6;1371
11;2025-12-16;7;2435
11;2025-12-16;8;3238
11;2025-12-16;9;2470
11;2025-12-16;10;1861
11;2025-12-16;11;1833
11;2025-12-16;12;1806
11;2025-12-16;13;1995
11;2025-12-16;14;1977
11;2025-12-16;15;2090
11;2025-12-16;16;2296
11;2025-12-16;17;2870
11;2025-12-16;18;3118
11;2025-12-16;19;2327
11;2025-12-16;20;1510
11;2025-12-16;21;901
11;2025-12-16;22;450
11;2025-12-16;23;226
11;2025-12-17;0;66
11;2025-12-17;1;1
11;2025-12-17;2;0
11;2025-12-17;3;0
11;2025-12-17;4;2
11;2025-12-17;5;301
11;2025-12-17;6;1311
11;2025-12-17;7;2465
11;2025-12-17;8;3254
11;2025-12-17;9;2408
11;2025-12-17;10;1889
11;2025-12-17;11;1900
11;2025-12-17;12;1917
11;2025-12-17;13;2048
11;2025-12-17;14;1979
11;2025-12-17;15;2076
11;2025-12-17;16;2200
11;2025-12-17;17;2829
11;2025-12-17;18;3109
11;2025-12-17;19;2337
11;2025-12-17;20;1555
11;2025-12-17;21;919
11;2025-12-17;22;469
11;2025-12-17;23;249
11;2025-12-18;0;70
11;2025-12-18;1;1
11;2025-12-18;2;0
11;2025-12-18;3;0
11;2025-12-18;4;3
11;2025-12-18;5;301
11;2025-12-18;6;1301
11;2025-12-18;7;2341
11;2025-12-18;8;3047
11;2025-12-18;9;2456
11;2025-12-18;10;1958
11;2025-12-18;11;1839
11;2025-12-18;12;1907
11;2025-12-18;13;2061
11;2025-12-18;14;1993
11;2025-12-18;15;2059
11;2025-12-18;16;2285
11;2025-12-18;17;2782
11;2025-12-18;18;3111
11;2025-12-18;19;2267
11;2025-12-18;20;1493
11;2025-12-18;21;914
11;2025-12-18;22;473
11;2025-12-18;23;246
11;2025-12-19;0;76
11;2025-12-19;1;2
11;2025-12-19;2;0
11;2025-12-19;3;0
11;2025-12-19;4;3
11;2025-12-19;5;290
11;2025-12-19;6;1299
11;2025-12-19;7;2270
11;2025-12-19;8;3006
11;2025-12-19;9;2331
11;2025-12-19;10;1873
11;2025-12-19;11;1839
11;2025-12-19;12;1863
11;2025-12-19;13;1945
11;2025-12-19;14;2021
11;2025-12-19;15;2249
11;2025-12-19;16;2478
11;2025-12-19;17;2898
11;2025-12-19;18;2502
11;2025-12-19;19;2046
11;2025-12-19;20;1439
11;2025-12-19;21;913
11;2025-12-19;22;492
11;2025-12-19;23;303
11;2025-12-20;0;102
11;2025-12-20;1;3
11;2025-12-20;2;0
11;2025-12-20;3;0
11;2025-12-20;4;4
11;2025-12-20;5;208
11;2025-12-20;6;770
11;2025-12-20;7;711
11;2025-12-20;8;988
11;2025-12-20;9;1149
11;2025-12-20;10;1252
11;2025-12-20;11;1674
11;2025-12-20;12;1865
11;2025-12-20;13;1777
11;2025-12-20;14;1808
11;2025-12-20;15;1765
11;2025-12-20;16;1786
11;2025-12-20;17;1802
11;2025-12-20;18;1566
11;2025-12-20;19;1467
11;2025-12-20;20;1105
11;2025-12-20;21;789
11;2025-12-20;22;453
11;2025-12-20;23;313
11;2025-12-21;0;108
11;2025-12-21;1;14
11;2025-12-21;2;0
11;2025-12-21;3;0
11;2025-12-21;4;2
11;2025-12-21;5;122
11;2025-12-21;6;495
11;2025-12-21;7;513
11;2025-12-21;8;659
11;2025-12-21;9;919
11;2025-12-21;10;1029
11;2025-12-21;11;1458
11;2025-12-21;12;1608
11;2025-12-21;13;1551
11;2025-12-21;14;1624
11;2025-12-21;15;1652
11;2025-12-21;16;1594
11;2025-12-21;17;1651
11;2025-12-21;18;1335
11;2025-12-21;19;1107
11;2025-12-21;20;903
11;2025-12-21;21;651
11;2025-12-21;22;372
11;2025-12-21;23;248
11;2025-12-22;0;75
11;2025-12-22;1;7
11;2025-12-22;2;0
11;2025-12-22;3;0
11;2025-12-22;4;3
11;2025-12-22;5;294
11;2025-12-22;6;1360
11;2025-12-22;7;2367
11;2025-12-22;8;3129
11;2025-12-22;9;2421
11;2025-12-22;10;1810
11;2025-12-22;11;1851
11;2025-12-22;12;1741
11;2025-12-22;13;1905
11;2025-12-22;14;1878
11;2025-12-22;15;2042
11;2025-12-22;16;2272
11;2025-12-22;17;2811
11;2025-12-22;18;3163
11;2025-12-22;19;2360
11;2025-12-22;20;1511
11;2025-12-22;21;861
11;2025-12-22;22;435
11;2025-12-22;23;211
11;2025-12-23;0;64
11;2025-12-23;1;2
11;2025-12-23;2;0
11;2025-12-23;3;0
11;2025-12-23;4;2
11;2025-12-23;5;286
11;2025-12-23;6;1371
11;2025-12-23;7;2435
11;2025-12-23;8;3238
11;2025-12-23;9;2470
11;2025-12-23;10;1861
11;2025-12-23;11;1833
11;2025-12-23;12;1806
11;2025-12-23;13;1995
11;2025-12-23;14;1977
11;2025-12-23;15;2090
11;2025-12-23;16;2296
11;2025-12-23;17;2870
11;2025-12-23;18;3118
11;2025-12-23;19;2327
11;2025-12-23;20;1510
11;2025-12-23;21;901
11;2025-12-23;22;450
11;2025-12-23;23;226
11;2025-12-24;0;66
11;2025-12-24;1;1
11;2025-12-24;2;0
11;2025-12-24;3;0
11;2025-12-24;4;2
11;2025-12-24;5;301
11;2025-12-24;6;1311
11;2025-12-24;7;2465
11;2025-12-24;8;3254
11;2025-12-24;9;2408
11;2025-12-24;10;1889
11;2025-12-24;11;1900
11;2025-12-24;12;1917
11;2025-12-24;13;2048
11;2025-12-24;14;1979
11;2025-12-24;15;2076
11;2025-12-24;16;2200
11;2025-12-24;17;2829
11;2025-12-24;18;3109
11;2025-12-24;19;2337
11;2025-12-24;20;1555
11;2025-12-24;21;919
11;2025-12-24;22;469
11;2025-12-24;23;249
11;2025-12-25;0;70
11;2025-12-25;1;1
11;2025-12-25;2;0
11;2025-12-25;3;0
11;2025-12-25;4;3
11;2025-12-25;5;301
11;2025-12-25;6;1301
11;2025-12-25;7;2341
11;2025-12-25;8;3047
11;2025-12-25;9;2456
11;2025-12-25;10;1958
11;2025-12-25;11;1839
11;2025-12-25;12;1907
11;2025-12-25;13;2061
11;2025-12-25;14;1993
11;2025-12-25;15;2059
11;2025-12-25;16;2285
11;2025-12-25;17;2782
11;2025-12-25;18;3111
11;2025-12-25;19;2267
11;2025-12-25;20;1493
11;2025-12-25;21;914
11;2025-12-25;22;473
11;2025-12-25;23;246
11;2025-12-26;0;76
11;2025-12-26;1;2
11;2025-12-26;2;0
11;2025-12-26;3;0
11;2025-12-26;4;3
11;2025-12-26;5;290
11;2025-12-26;6;1299
11;2025-12-26;7;2270
11;2025-12-26;8;3006
11;2025-12-26;9;2331
11;2025-12-26;10;1873
11;2025-12-26;11;1839
11;2025-12-26;12;1863
11;2025-12-26;13;1945
11;2025-12-26;14;2021
11;2025-12-26;15;2249
11;2025-12-26;16;2478
11;2025-12-26;17;2898
11;2025-12-26;18;2502
11;2025-12-26;19;2046
11;2025-12-26;20;1439
11;2025-12-26;21;913
11;2025-12-26;22;492
11;2025-12-26;23;303
11;2025-12-27;0;102
11;2025-12-27;1;3
11;2025-12-27;2;0
11;2025-12-27;3;0
11;2025-12-27;4;4
11;2025-12-27;5;208
11;2025-12-27;6;770
11;2025-12-27;7;711
11;2025-12-27;8;988
11;2025-12-27;9;1149
11;2025-12-27;10;1252
11;2025-12-27;11;1674
11;2025-12-27;12;1865
11;2025-12-27;13;1777
11;2025-12-27;14;1808
11;2025-12-27;15;1765
11;2025-12-27;16;1786
11;2025-12-27;17;1802
11;2025-12-27;18;1566
11;2025-12-27;19;1467
11;2025-12-27;20;1105
11;2025-12-27;21;789
11;2025-12-27;22;453
11;2025-12-27;23;313
11;2025-12-28;0;108
11;2025-12-28;1;14
11;2025-12-28;2;0
11;2025-12-28;3;0
11;2025-12-28;4;2
11;2025-12-28;5;122
11;2025-12-28;6;495
11;2025-12-28;7;513
11;2025-12-28;8;659
11;2025-12-28;9;919
11;2025-12-28;10;1029
11;2025-12-28;11;1458
11;2025-12-28;12;1608
11;2025-12-28;13;1551
11;2025-12-28;14;1624
11;2025-12-28;15;1652
11;2025-12-28;16;1594
11;2025-12-28;17;1651
11;2025-12-28;18;1335
11;2025-12-28;19;1107
11;2025-12-28;20;903
11;2025-12-28;21;651
11;2025-12-28;22;372
11;2025-12-28;23;248
11;2025-12-29;0;75
11;2025-12-29;1;7
11;2025-12-29;2;0
11;2025-12-29;3;0
11;2025-12-29;4;3
11;2025-12-29;5;294
11;2025-12-29;6;1360
11;2025-12-29;7;2367
11;2025-12-29;8;3129
11;2025-12-29;9;2421
11;2025-12-29;10;1810
11;2025-12-29;11;1851
11;2025-12-29;12;1741
11;2025-12-29;13;1905
11;2025-12-29;14;1878
11;2025-12-29;15;2042
11;2025-12-29;16;2272
11;2025-12-29;17;2811
11;2025-12-29;18;3163
11;2025-12-29;19;2360
11;2025-12-29;20;1511
11;2025-12-29;21;861
11;2025-12-29;22;435
11;2025-12-29;23;211
11;2025-12-30;0;64
11;2025-12-30;1;2
11;2025-12-30;2;0
11;2025-12-30;3;0
11;2025-12-30;4;2
11;2025-12-30;5;286
11;2025-12-30;6;1371
11;2025-12-30;7;2435
11;2025-12-30;8;3238
11;2025-12-30;9;2470
11;2025-12-30;10;1861
11;2025-12-30;11;1833
11;2025-12-30;12;1806
11;2025-12-30;13;1995
11;2025-12-30;14;1977
11;2025-12-30;15;2090
11;2025-12-30;16;2296
11;2025-12-30;17;2870
11;2025-12-30;18;3118
11;2025-12-30;19;2327
11;2025-12-30;20;1510
11;2025-12-30;21;901
11;2025-12-30;22;450
11;2025-12-30;23;226
11;2025-12-31;0;108
11;2025-12-31;1;14
11;2025-12-31;2;0
11;2025-12-31;3;0
11;2025-12-31;4;2
11;2025-12-31;5;122
11;2025-12-31;6;495
11;2025-12-31;7;513
11;2025-12-31;8;659
11;2025-12-31;9;919
11;2025-12-31;10;1029
11;2025-12-31;11;1458
11;2025-12-31;12;1608
11;2025-12-31;13;1551
11;2025-12-31;14;1624
11;2025-12-31;15;1652
11;2025-12-31;16;1594
11;2025-12-31;17;1651
11;2025-12-31;18;1335
11;2025-12-31;19;1107
11;2025-12-31;20;903
11;2025-12-31;21;651
11;2025-12-31;22;372
11;2025-12-31;23;248
12;2025-11-01;0;63
12;2025-11-01;1;3
12;2025-11-01;2;0
12;2025-11-01;3;0
12;2025-11-01;4;5
12;2025-11-01;5;316
12;2025-11-01;6;1282
12;2025-11-01;7;2358
12;2025-11-01;8;3008
12;2025-11-01;9;2136
12;2025-11-01;10;1837
12;2025-11-01;11;1872
12;2025-11-01;12;1903
12;2025-11-01;13;1953
12;2025-11-01;14;1993
12;2025-11-01;15;2232
12;2025-11-01;16;2763
12;2025-11-01;17;2733
12;2025-11-01;18;2383
12;2025-11-01;19;2092
12;2025-11-01;20;1401
12;2025-11-01;21;955
12;2025-11-01;22;528
12;2025-11-01;23;299
12;2025-11-02;0;89
12;2025-11-02;1;7
12;2025-11-02;2;0
12;2025-11-02;3;0
12;2025-11-02;4;2
12;2025-11-02;5;161
12;2025-11-02;6;522
12;2025-11-02;7;626
12;2025-11-02;8;729
12;2025-11-02;9;945
12;2025-11-02;10;1143
12;2025-11-02;11;1294
12;2025-11-02;12;1349
12;2025-11-02;13;1568
12;2025-11-02;14;1514
12;2025-11-02;15;1384
12;2025-11-02;16;1468
12;2025-11-02;17;1512
12;2025-11-02;18;1288
12;2025-11-02;19;1016
12;2025-11-02;20;763
12;2025-11-02;21;594
12;2025-11-02;22;391
12;2025-11-02;23;215
12;2025-11-03;0;89
12;2025-11-03;1;7
12;2025-11-03;2;0
12;2025-11-03;3;0
12;2025-11-03;4;2
12;2025-11-03;5;161
12;2025-11-03;6;522
12;2025-11-03;7;626
12;2025-11-03;8;729
12;2025-11-03;9;945
12;2025-11-03;10;1143
12;2025-11-03;11;1294
12;2025-11-03;12;1349
12;2025-11-03;13;1568
12;2025-11-03;14;1514
12;2025-11-03;15;1384
12;2025-11-03;16;1468
12;2025-11-03;17;1512
12;2025-11-03;18;1288
12;2025-11-03;19;1016
12;2025-11-03;20;763
12;2025-11-03;21;594
12;2025-11-03;22;391
12;2025-11-03;23;215
12;2025-11-04;0;89
12;2025-11-04;1;7
12;2025-11-04;2;0
12;2025-11-04;3;0
12;2025-11-04;4;2
12;2025-11-04;5;161
12;2025-11-04;6;522
12;2025-11-04;7;626
12;2025-11-04;8;729
12;2025-11-04;9;945
12;2025-11-04;10;1143
12;2025-11-04;11;1294
12;2025-11-04;12;1349
12;2025-11-04;13;1568
12;2025-11-04;14;1514
12;2025-11-04;15;1384
12;2025-11-04;16;1468
12;2025-11-04;17;1512
12;2025-11-04;18;1288
12;2025-11-04;19;1016
12;2025-11-04;20;763
12;2025-11-04;21;594
12;2025-11-04;22;391
12;2025-11-04;23;215
12;2025-11-05;0;56
12;2025-11-05;1;2
12;2025-11-05;2;0
12;2025-11-05;3;0
12;2025-11-05;4;7
12;2025-11-05;5;356
12;2025-11-05;6;1466
12;2025-11-05;7;2751
12;2025-11-05;8;3582
12;2025-11-05;9;2561
12;2025-11-05;10;2125
12;2025-11-05;11;2052
12;2025-11-05;12;2070
12;2025-11-05;13;2068
12;2025-11-05;14;2065
12;2025-11-05;15;2315
12;2025-11-05;16;2795
12;2025-11-05;17;3051
12;2025-11-05;18;3206
12;2025-11-05;19;2567
12;2025-11-05;20;1571
12;2025-11-05;21;998
12;2025-11-05;22;530
12;2025-11-05;23;267
12;2025-11-06;0;53
12;2025-11-06;1;3
12;2025-11-06;2;0
12;2025-11-06;3;0
12;2025-11-06;4;6
12;2025-11-06;5;334
12;2025-11-06;6;1360
12;2025-11-06;7;2651
12;2025-11-06;8;3460
12;2025-11-06;9;2368
12;2025-11-06;10;1997
12;2025-11-06;11;1995
12;2025-11-06;12;2051
12;2025-11-06;13;2017
12;2025-11-06;14;2040
12;2025-11-06;15;2258
12;2025-11-06;16;2727
12;2025-11-06;17;3039
12;2025-11-06;18;3148
12;2025-11-06;19;2527
12;2025-11-06;20;1566
12;2025-11-06;21;942
12;2025-11-06;22;502
12;2025-11-06;23;271
12;2025-11-07;0;59
12;2025-11-07;1;2
12;2025-11-07;2;0
12;2025-11-07;3;0
12;2025-11-07;4;6
12;2025-11-07;5;329
12;2025-11-07;6;1360
12;2025-11-07;7;2616
12;2025-11-07;8;3365
12;2025-11-07;9;2307
12;2025-11-07;10;1915
12;2025-11-07;11;1938
12;2025-11-07;12;1980
12;2025-11-07;13;1993
12;2025-11-07;14;2060
12;2025-11-07;15;2361
12;2025-11-07;16;2972
12;2025-11-07;17;2948
12;2025-11-07;18;2547
12;2025-11-07;19;2209
12;2025-11-07;20;1474
12;2025-11-07;21;998
12;2025-11-07;22;543
12;2025-11-07;23;301
12;2025-11-08;0;84
12;2025-11-08;1;5
12;2025-11-08;2;0
12;2025-11-08;3;0
12;2025-11-08;4;3
12;2025-11-08;5;243
12;2025-11-08;6;841
12;2025-11-08;7;899
12;2025-11-08;8;984
12;2025-11-08;9;1167
12;2025-11-08;10;1396
12;2025-11-08;11;1497
12;2025-11-08;12;1466
12;2025-11-08;13;1724
12;2025-11-08;14;1619
12;2025-11-08;15;1502
12;2025-11-08;16;1577
12;2025-11-08;17;1516
12;2025-11-08;18;1456
12;2025-11-08;19;1427
12;2025-11-08;20;985
12;2025-11-08;21;716
12;2025-11-08;22;442
12;2025-11-08;23;287
12;2025-11-09;0;89
12;2025-11-09;1;7
12;2025-11-09;2;0
12;2025-11-09;3;0
12;2025-11-09;4;2
12;2025-11-09;5;161
12;2025-11-09;6;522
12;2025-11-09;7;626
12;2025-11-09;8;729
12;2025-11-09;9;945
12;2025-11-09;10;1143
12;2025-11-09;11;1294
12;2025-11-09;12;1349
12;2025-11-09;13;1568
12;2025-11-09;14;1514
12;2025-11-09;15;1384
12;2025-11-09;16;1468
12;2025-11-09;17;1512
12;2025-11-09;18;1288
12;2025-11-09;19;1016
12;2025-11-09;20;763
12;2025-11-09;21;594
12;2025-11-09;22;391
12;2025-11-09;23;215
12;2025-11-10;0;67
12;2025-11-10;1;3
12;2025-11-10;2;0
12;2025-11-10;3;0
12;2025-11-10;4;6
12;2025-11-10;5;342
12;2025-11-10;6;1410
12;2025-11-10;7;2695
12;2025-11-10;8;3539
12;2025-11-10;9;2438
12;2025-11-10;10;1936
12;2025-11-10;11;1885
12;2025-11-10;12;1999
12;2025-11-10;13;1915
12;2025-11-10;14;1907
12;2025-11-10;15;2234
12;2025-11-10;16;2680
12;2025-11-10;17;3000
12;2025-11-10;18;3209
12;2025-11-10;19;2503
12;2025-11-10;20;1584
12;2025-11-10;21;919
12;2025-11-10;22;459
12;2025-11-10;23;237
12;2025-11-11;0;48
12;2025-11-11;1;2
12;2025-11-11;2;0
12;2025-11-11;3;0
12;2025-11-11;4;6
12;2025-11-11;5;357
12;2025-11-11;6;1445
12;2025-11-11;7;2825
12;2025-11-11;8;3768
12;2025-11-11;9;2509
12;2025-11-11;10;2093
12;2025-11-11;11;2041
12;2025-11-11;12;2066
12;2025-11-11;13;2073
12;2025-11-11;14;2058
12;2025-11-11;15;2269
12;2025-11-11;16;2765
12;2025-11-11;17;3085
12;2025-11-11;18;3268
12;2025-11-11;19;2590
12;2025-11-11;20;1564
12;2025-11-11;21;928
12;2025-11-11;22;495
12;2025-11-11;23;244
12;2025-11-12;0;56
12;2025-11-12;1;2
12;2025-11-12;2;0
12;2025-11-12;3;0
12;2025-11-12;4;7
12;2025-11-12;5;356
12;2025-11-12;6;1466
12;2025-11-12;7;2751
12;2025-11-12;8;3582
12;2025-11-12;9;2561
12;2025-11-12;10;2125
12;2025-11-12;11;2052
12;2025-11-12;12;2070
12;2025-11-12;13;2068
12;2025-11-12;14;2065
12;2025-11-12;15;2315
12;2025-11-12;16;2795
12;2025-11-12;17;3051
12;2025-11-12;18;3206
12;2025-11-12;19;2567
12;2025-11-12;20;1571
12;2025-11-12;21;998
12;2025-11-12;22;530
12;2025-11-12;23;267
12;2025-11-13;0;53
12;2025-11-13;1;3
12;2025-11-13;2;0
12;2025-11-13;3;0
12;2025-11-13;4;6
12;2025-11-13;5;334
12;2025-11-13;6;1360
12;2025-11-13;7;2651
12;2025-11-13;8;3460
12;2025-11-13;9;2368
12;2025-11-13;10;1997
12;2025-11-13;11;1995
12;2025-11-13;12;2051
12;2025-11-13;13;2017
12;2025-11-13;14;2040
12;2025-11-13;15;2258
12;2025-11-13;16;2727
12;2025-11-13;17;3039
12;2025-11-13;18;3148
12;2025-11-13;19;2527
12;2025-11-13;20;1566
12;2025-11-13;21;942
12;2025-11-13;22;502
12;2025-11-13;23;271
12;2025-11-14;0;59
12;2025-11-14;1;2
12;2025-11-14;2;0
12;2025-11-14;3;0
12;2025-11-14;4;6
12;2025-11-14;5;329
12;2025-11-14;6;1360
12;2025-11-14;7;2616
12;2025-11-14;8;3365
12;2025-11-14;9;2307
12;2025-11-14;10;1915
12;2025-11-14;11;1938
12;2025-11-14;12;1980
12;2025-11-14;13;1993
12;2025-11-14;14;2060
12;2025-11-14;15;2361
12;2025-11-14;16;2972
12;2025-11-14;17;2948
12;2025-11-14;18;2547
12;2025-11-14;19;2209
12;2025-11-14;20;1474
12;2025-11-14;21;998
12;2025-11-14;22;543
12;2025-11-14;23;301
12;2025-11-15;0;84
12;2025-11-15;1;5
12;2025-11-15;2;0
12;2025-11-15;3;0
12;2025-11-15;4;3
12;2025-11-15;5;243
12;2025-11-15;6;841
12;2025-11-15;7;899
12;2025-11-15;8;984
12;2025-11-15;9;1167
12;2025-11-15;10;1396
12;2025-11-15;11;1497
12;2025-11-15;12;1466
12;2025-11-15;13;1724
12;2025-11-15;14;1619
12;2025-11-15;15;1502
12;2025-11-15;16;1577
12;2025-11-15;17;1516
12;2025-11-15;18;1456
12;2025-11-15;19;1427
12;2025-11-15;20;985
12;2025-11-15;21;716
12;2025-11-15;22;442
12;2025-11-15;23;287
12;2025-11-16;0;89
12;2025-11-16;1;7
12;2025-11-16;2;0
12;2025-11-16;3;0
12;2025-11-16;4;2
12;2025-11-16;5;161
12;2025-11-16;6;522
12;2025-11-16;7;626
12;2025-11-16;8;729
12;2025-11-16;9;945
12;2025-11-16;10;1143
12;2025-11-16;11;1294
12;2025-11-16;12;1349
12;2025-11-16;13;1568
12;2025-11-16;14;1514
12;2025-11-16;15;1384
12;2025-11-16;16;1468
12;2025-11-16;17;1512
12;2025-11-16;18;1288
12;2025-11-16;19;1016
12;2025-11-16;20;763
12;2025-11-16;21;594
12;2025-11-16;22;391
12;2025-11-16;23;215
12;2025-11-17;0;67
12;2025-11-17;1;3
12;2025-11-17;2;0
12;2025-11-17;3;0
12;2025-11-17;4;6
12;2025-11-17;5;342
12;2025-11-17;6;1410
12;2025-11-17;7;2695
12;2025-11-17;8;3539
12;2025-11-17;9;2438
12;2025-11-17;10;1936
12;2025-11-17;11;1885
12;2025-11-17;12;1999
12;2025-11-17;13;1915
12;2025-11-17;14;1907
12;2025-11-17;15;2234
12;2025-11-17;16;2680
12;2025-11-17;17;3000
12;2025-11-17;18;3209
12;2025-11-17;19;2503
12;2025-11-17;20;1584
12;2025-11-17;21;919
12;2025-11-17;22;459
12;2025-11-17;23;237
12;2025-11-18;0;48
12;2025-11-18;1;2
12;2025-11-18;2;0
12;2025-11-18;3;0
12;2025-11-18;4;6
12;2025-11-18;5;357
12;2025-11-18;6;1445
12;2025-11-18;7;2825
12;2025-11-18;8;3768
12;2025-11-18;9;2509
12;2025-11-18;10;2093
12;2025-11-18;11;2041
12;2025-11-18;12;2066
12;2025-11-18;13;2073
12;2025-11-18;14;2058
12;2025-11-18;15;2269
12;2025-11-18;16;2765
12;2025-11-18;17;3085
12;2025-11-18;18;3268
12;2025-11-18;19;2590
12;2025-11-18;20;1564
12;2025-11-18;21;928
12;2025-11-18;22;495
12;2025-11-18;23;244
12;2025-11-19;0;56
12;2025-11-19;1;2
12;2025-11-19;2;0
12;2025-11-19;3;0
12;2025-11-19;4;7
12;2025-11-19;5;356
12;2025-11-19;6;1466
12;2025-11-19;7;2751
12;2025-11-19;8;3582
12;2025-11-19;9;2561
12;2025-11-19;10;2125
12;2025-11-19;11;2052
12;2025-11-19;12;2070
12;2025-11-19;13;2068
12;2025-11-19;14;2065
12;2025-11-19;15;2315
12;2025-11-19;16;2795
12;2025-11-19;17;3051
12;2025-11-19;18;3206
12;2025-11-19;19;2567
12;2025-11-19;20;1571
12;2025-11-19;21;998
12;2025-11-19;22;530
12;2025-11-19;23;267
12;2025-11-20;0;53
12;2025-11-20;1;3
12;2025-11-20;2;0
12;2025-11-20;3;0
12;2025-11-20;4;6
12;2025-11-20;5;334
12;2025-11-20;6;1360
12;2025-11-20;7;2651
12;2025-11-20;8;3460
12;2025-11-20;9;2368
12;2025-11-20;10;1997
12;2025-11-20;11;1995
12;2025-11-20;12;2051
12;2025-11-20;13;2017
12;2025-11-20;14;2040
12;2025-11-20;15;2258
12;2025-11-20;16;2727
12;2025-11-20;17;3039
12;2025-11-20;18;3148
12;2025-11-20;19;2527
12;2025-11-20;20;1566
12;2025-11-20;21;942
12;2025-11-20;22;502
12;2025-11-20;23;271
12;2025-11-21;0;59
12;2025-11-21;1;2
12;2025-11-21;2;0
12;2025-11-21;3;0
12;2025-11-21;4;6
12;2025-11-21;5;329
12;2025-11-21;6;1360
12;2025-11-21;7;2616
12;2025-11-21;8;3365
12;2025-11-21;9;2307
12;2025-11-21;10;1915
12;2025-11-21;11;1938
12;2025-11-21;12;1980
12;2025-11-21;13;1993
12;2025-11-21;14;2060
12;2025-11-21;15;2361
12;2025-11-21;16;2972
12;2025-11-21;17;2948
12;2025-11-21;18;2547
12;2025-11-21;19;2209
12;2025-11-21;20;1474
12;2025-11-21;21;998
12;2025-11-21;22;543
12;2025-11-21;23;301
12;2025-11-22;0;84
12;2025-11-22;1;5
12;2025-11-22;2;0
12;2025-11-22;3;0
12;2025-11-22;4;3
12;2025-11-22;5;243
12;2025-11-22;6;841
12;2025-11-22;7;899
12;2025-11-22;8;984
12;2025-11-22;9;1167
12;2025-11-22;10;1396
12;2025-11-22;11;1497
12;2025-11-22;12;1466
12;2025-11-22;13;1724
12;2025-11-22;14;1619
12;2025-11-22;15;1502
12;2025-11-22;16;1577
12;2025-11-22;17;1516
12;2025-11-22;18;1456
12;2025-11-22;19;1427
12;2025-11-22;20;985
12;2025-11-22;21;716
12;2025-11-22;22;442
12;2025-11-22;23;287
12;2025-11-23;0;89
12;2025-11-23;1;7
12;2025-11-23;2;0
12;2025-11-23;3;0
12;2025-11-23;4;2
12;2025-11-23;5;161
12;2025-11-23;6;522
12;2025-11-23;7;626
12;2025-11-23;8;729
12;2025-11-23;9;945
12;2025-11-23;10;1143
12;2025-11-23;11;1294
12;2025-11-23;12;1349
12;2025-11-23;13;1568
12;2025-11-23;14;1514
12;2025-11-23;15;1384
12;2025-11-23;16;1468
12;2025-11-23;17;1512
12;2025-11-23;18;1288
12;2025-11-23;19;1016
12;2025-11-23;20;763
12;2025-11-23;21;594
12;2025-11-23;22;391
12;2025-11-23;23;215
12;2025-11-24;0;67
12;2025-11-24;1;3
12;2025-11-24;2;0
12;2025-11-24;3;0
12;2025-11-24;4;6
12;2025-11-24;5;342
12;2025-11-24;6;1410
12;2025-11-24;7;2695
12;2025-11-24;8;3539
12;2025-11-24;9;2438
12;2025-11-24;10;1936
12;2025-11-24;11;1885
12;2025-11-24;12;1999
12;2025-11-24;13;1915
12;2025-11-24;14;1907
12;2025-11-24;15;2234
12;2025-11-24;16;2680
12;2025-11-24;17;3000
12;2025-11-24;18;3209
12;2025-11-24;19;2503
12;2025-11-24;20;1584
12;2025-11-24;21;919
12;2025-11-24;22;459
12;2025-11-24;23;237
12;2025-11-25;0;48
12;2025-11-25;1;2
12;2025-11-25;2;0
12;2025-11-25;3;0
12;2025-11-25;4;6
12;2025-11-25;5;357
12;2025-11-25;6;1445
12;2025-11-25;7;2825
12;2025-11-25;8;3768
12;2025-11-25;9;2509
12;2025-11-25;10;2093
12;2025-11-25;11;2041
12;2025-11-25;12;2066
12;2025-11-25;13;2073
12;2025-11-25;14;2058
12;2025-11-25;15;2269
12;2025-11-25;16;2765
12;2025-11-25;17;3085
12;2025-11-25;18;3268
12;2025-11-25;19;2590
12;2025-11-25;20;1564
12;2025-11-25;21;928
12;2025-11-25;22;495
12;2025-11-25;23;244
12;2025-11-26;0;56
12;2025-11-26;1;2
12;2025-11-26;2;0
12;2025-11-26;3;0
12;2025-11-26;4;7
12;2025-11-26;5;356
12;2025-11-26;6;1466
12;2025-11-26;7;2751
12;2025-11-26;8;3582
12;2025-11-26;9;2561
12;2025-11-26;10;2125
12;2025-11-26;11;2052
12;2025-11-26;12;2070
12;2025-11-26;13;2068
12;2025-11-26;14;2065
12;2025-11-26;15;2315
12;2025-11-26;16;2795
12;2025-11-26;17;3051
12;2025-11-26;18;3206
12;2025-11-26;19;2567
12;2025-11-26;20;1571
12;2025-11-26;21;998
12;2025-11-26;22;530
12;2025-11-26;23;267
12;2025-11-27;0;53
12;2025-11-27;1;3
12;2025-11-27;2;0
12;2025-11-27;3;0
12;2025-11-27;4;6
12;2025-11-27;5;334
12;2025-11-27;6;1360
12;2025-11-27;7;2651
12;2025-11-27;8;3460
12;2025-11-27;9;2368
12;2025-11-27;10;1997
12;2025-11-27;11;1995
12;2025-11-27;12;2051
12;2025-11-27;13;2017
12;2025-11-27;14;2040
12;2025-11-27;15;2258
12;2025-11-27;16;2727
12;2025-11-27;17;3039
12;2025-11-27;18;3148
12;2025-11-27;19;2527
12;2025-11-27;20;1566
12;2025-11-27;21;942
12;2025-11-27;22;502
12;2025-11-27;23;271
12;2025-11-28;0;59
12;2025-11-28;1;2
12;2025-11-28;2;0
12;2025-11-28;3;0
12;2025-11-28;4;6
12;2025-11-28;5;329
12;2025-11-28;6;1360
12;2025-11-28;7;2616
12;2025-11-28;8;3365
12;2025-11-28;9;2307
12;2025-11-28;10;1915
12;2025-11-28;11;1938
12;2025-11-28;12;1980
12;2025-11-28;13;1993
12;2025-11-28;14;2060
12;2025-11-28;15;2361
12;2025-11-28;16;2972
12;2025-11-28;17;2948
12;2025-11-28;18;2547
12;2025-11-28;19;2209
12;2025-11-28;20;1474
12;2025-11-28;21;998
12;2025-11-28;22;543
12;2025-11-28;23;301
12;2025-11-29;0;84
12;2025-11-29;1;5
12;2025-11-29;2;0
12;2025-11-29;3;0
12;2025-11-29;4;3
12;2025-11-29;5;243
12;2025-11-29;6;841
12;2025-11-29;7;899
12;2025-11-29;8;984
12;2025-11-29;9;1167
12;2025-11-29;10;1396
12;2025-11-29;11;1497
12;2025-11-29;12;1466
12;2025-11-29;13;1724
12;2025-11-29;14;1619
12;2025-11-29;15;1502
12;2025-11-29;16;1577
12;2025-11-29;17;1516
12;2025-11-29;18;1456
12;2025-11-29;19;1427
12;2025-11-29;20;985
12;2025-11-29;21;716
12;2025-11-29;22;442
12;2025-11-29;23;287
12;2025-11-30;0;89
12;2025-11-30;1;7
12;2025-11-30;2;0
12;2025-11-30;3;0
12;2025-11-30;4;2
12;2025-11-30;5;161
12;2025-11-30;6;522
12;2025-11-30;7;626
12;2025-11-30;8;729
12;2025-11-30;9;945
12;2025-11-30;10;1143
12;2025-11-30;11;1294
12;2025-11-30;12;1349
12;2025-11-30;13;1568
12;2025-11-30;14;1514
12;2025-11-30;15;1384
12;2025-11-30;16;1468
12;2025-11-30;17;1512
12;2025-11-30;18;1288
12;2025-11-30;19;1016
12;2025-11-30;20;763
12;2025-11-30;21;594
12;2025-11-30;22;391
12;2025-11-30;23;215
12;2025-12-01;0;67
12;2025-12-01;1;3
12;2025-12-01;2;0
12;2025-12-01;3;0
12;2025-12-01;4;6
12;2025-12-01;5;342
12;2025-12-01;6;1410
12;2025-12-01;7;2695
12;2025-12-01;8;3539
12;2025-12-01;9;2438
12;2025-12-01;10;1936
12;2025-12-01;11;1885
12;2025-12-01;12;1999
12;2025-12-01;13;1915
12;2025-12-01;14;1907
12;2025-12-01;15;2234
12;2025-12-01;16;2680
12;2025-12-01;17;3000
12;2025-12-01;18;3209
12;2025-12-01;19;2503
12;2025-12-01;20;1584
12;2025-12-01;21;919
12;2025-12-01;22;459
12;2025-12-01;23;237
12;2025-12-02;0;48
12;2025-12-02;1;2
12;2025-12-02;2;0
12;2025-12-02;3;0
12;2025-12-02;4;6
12;2025-12-02;5;357
12;2025-12-02;6;1445
12;2025-12-02;7;2825
12;2025-12-02;8;3768
12;2025-12-02;9;2509
12;2025-12-02;10;2093
12;2025-12-02;11;2041
12;2025-12-02;12;2066
12;2025-12-02;13;2073
12;2025-12-02;14;2058
12;2025-12-02;15;2269
12;2025-12-02;16;2765
12;2025-12-02;17;3085
12;2025-12-02;18;3268
12;2025-12-02;19;2590
12;2025-12-02;20;1564
12;2025-12-02;21;928
12;2025-12-02;22;495
12;2025-12-02;23;244
12;2025-12-03;0;56
12;2025-12-03;1;2
12;2025-12-03;2;0
12;2025-12-03;3;0
12;2025-12-03;4;7
12;2025-12-03;5;356
12;2025-12-03;6;1466
12;2025-12-03;7;2751
12;2025-12-03;8;3582
12;2025-12-03;9;2561
12;2025-12-03;10;2125
12;2025-12-03;11;2052
12;2025-12-03;12;2070
12;2025-12-03;13;2068
12;2025-12-03;14;2065
12;2025-12-03;15;2315
12;2025-12-03;16;2795
12;2025-12-03;17;3051
12;2025-12-03;18;3206
12;2025-12-03;19;2567
12;2025-12-03;20;1571
12;2025-12-03;21;998
12;2025-12-03;22;530
12;2025-12-03;23;267
12;2025-12-04;0;53
12;2025-12-04;1;3
12;2025-12-04;2;0
12;2025-12-04;3;0
12;2025-12-04;4;6
12;2025-12-04;5;334
12;2025-12-04;6;1360
12;2025-12-04;7;2651
12;2025-12-04;8;3460
12;2025-12-04;9;2368
12;2025-12-04;10;1997
12;2025-12-04;11;1995
12;2025-12-04;12;2051
12;2025-12-04;13;2017
12;2025-12-04;14;2040
12;2025-12-04;15;2258
12;2025-12-04;16;2727
12;2025-12-04;17;3039
12;2025-12-04;18;3148
12;2025-12-04;19;2527
12;2025-12-04;20;1566
12;2025-12-04;21;942
12;2025-12-04;22;502
12;2025-12-04;23;271
12;2025-12-05;0;59
12;2025-12-05;1;2
12;2025-12-05;2;0
12;2025-12-05;3;0
12;2025-12-05;4;6
12;2025-12-05;5;329
12;2025-12-05;6;1360
12;2025-12-05;7;2616
12;2025-12-05;8;3365
12;2025-12-05;9;2307
12;2025-12-05;10;1915
12;2025-12-05;11;1938
12;2025-12-05;12;1980
12;2025-12-05;13;1993
12;2025-12-05;14;2060
12;2025-12-05;15;2361
12;2025-12-05;16;2972
12;2025-12-05;17;2948
12;2025-12-05;18;2547
12;2025-12-05;19;2209
12;2025-12-05;20;1474
12;2025-12-05;21;998
12;2025-12-05;22;543
12;2025-12-05;23;301
12;2025-12-06;0;84
12;2025-12-06;1;5
12;2025-12-06;2;0
12;2025-12-06;3;0
12;2025-12-06;4;3
12;2025-12-06;5;243
12;2025-12-06;6;841
12;2025-12-06;7;899
12;2025-12-06;8;984
12;2025-12-06;9;1167
12;2025-12-06;10;1396
12;2025-12-06;11;1497
12;2025-12-06;12;1466
12;2025-12-06;13;1724
12;2025-12-06;14;1619
12;2025-12-06;15;1502
12;2025-12-06;16;1577
12;2025-12-06;17;1516
12;2025-12-06;18;1456
12;2025-12-06;19;1427
12;2025-12-06;20;985
12;2025-12-06;21;716
12;2025-12-06;22;442
12;2025-12-06;23;287
12;2025-12-07;0;89
12;2025-12-07;1;7
12;2025-12-07;2;0
12;2025-12-07;3;0
12;2025-12-07;4;2
12;2025-12-07;5;161
12;2025-12-07;6;522
12;2025-12-07;7;626
12;2025-12-07;8;729
12;2025-12-07;9;945
12;2025-12-07;10;1143
12;2025-12-07;11;1294
12;2025-12-07;12;1349
12;2025-12-07;13;1568
12;2025-12-07;14;1514
12;2025-12-07;15;1384
12;2025-12-07;16;1468
12;2025-12-07;17;1512
12;2025-12-07;18;1288
12;2025-12-07;19;1016
12;2025-12-07;20;763
12;2025-12-07;21;594
12;2025-12-07;22;391
12;2025-12-07;23;215
12;2025-12-08;0;67
12;2025-12-08;1;3
12;2025-12-08;2;0
12;2025-12-08;3;0
12;2025-12-08;4;6
12;2025-12-08;5;342
12;2025-12-08;6;1410
12;2025-12-08;7;2695
12;2025-12-08;8;3539
12;2025-12-08;9;2438
12;2025-12-08;10;1936
12;2025-12-08;11;1885
12;2025-12-08;12;1999
12;2025-12-08;13;1915
12;2025-12-08;14;1907
12;2025-12-08;15;2234
12;2025-12-08;16;2680
12;2025-12-08;17;3000
12;2025-12-08;18;3209
12;2025-12-08;19;2503
12;2025-12-08;20;1584
12;2025-12-08;21;919
12;2025-12-08;22;459
12;2025-12-08;23;237
12;2025-12-09;0;48
12;2025-12-09;1;2
12;2025-12-09;2;0
12;2025-12-09;3;0
12;2025-12-09;4;6
12;2025-12-09;5;357
12;2025-12-09;6;1445
12;2025-12-09;7;2825
12;2025-12-09;8;3768
12;2025-12-09;9;2509
12;2025-12-09;10;2093
12;2025-12-09;11;2041
12;2025-12-09;12;2066
12;2025-12-09;13;2073
12;2025-12-09;14;2058
12;2025-12-09;15;2269
12;2025-12-09;16;2765
12;2025-12-09;17;3085
12;2025-12-09;18;3268
12;2025-12-09;19;2590
12;2025-12-09;20;1564
12;2025-12-09;21;928
12;2025-12-09;22;495
12;2025-12-09;23;244
12;2025-12-10;0;56
12;2025-12-10;1;2
12;2025-12-10;2;0
12;2025-12-10;3;0
12;2025-12-10;4;7
12;2025-12-10;5;356
12;2025-12-10;6;1466
12;2025-12-10;7;2751
12;2025-12-10;8;3582
12;2025-12-10;9;2561
12;2025-12-10;10;2125
12;2025-12-10;11;2052
12;2025-12-10;12;2070
12;2025-12-10;13;2068
12;2025-12-10;14;2065
12;2025-12-10;15;2315
12;2025-12-10;16;2795
12;2025-12-10;17;3051
12;2025-12-10;18;3206
12;2025-12-10;19;2567
12;2025-12-10;20;1571
12;2025-12-10;21;998
12;2025-12-10;22;530
12;2025-12-10;23;267
12;2025-12-11;0;53
12;2025-12-11;1;3
12;2025-12-11;2;0
12;2025-12-11;3;0
12;2025-12-11;4;6
12;2025-12-11;5;334
12;2025-12-11;6;1360
12;2025-12-11;7;2651
12;2025-12-11;8;3460
12;2025-12-11;9;2368
12;2025-12-11;10;1997
12;2025-12-11;11;1995
12;2025-12-11;12;2051
12;2025-12-11;13;2017
12;2025-12-11;14;2040
12;2025-12-11;15;2258
12;2025-12-11;16;2727
12;2025-12-11;17;3039
12;2025-12-11;18;3148
12;2025-12-11;19;2527
12;2025-12-11;20;1566
12;2025-12-11;21;942
12;2025-12-11;22;502
12;2025-12-11;23;271
12;2025-12-12;0;59
12;2025-12-12;1;2
12;2025-12-12;2;0
12;2025-12-12;3;0
12;2025-12-12;4;6
12;2025-12-12;5;329
12;2025-12-12;6;1360
12;2025-12-12;7;2616
12;2025-12-12;8;3365
12;2025-12-12;9;2307
12;2025-12-12;10;1915
12;2025-12-12;11;1938
12;2025-12-12;12;1980
12;2025-12-12;13;1993
12;2025-12-12;14;2060
12;2025-12-12;15;2361
12;2025-12-12;16;2972
12;2025-12-12;17;2948
12;2025-12-12;18;2547
12;2025-12-12;19;2209
12;2025-12-12;20;1474
12;2025-12-12;21;998
12;2025-12-12;22;543
12;2025-12-12;23;301
12;2025-12-13;0;84
12;2025-12-13;1;5
12;2025-12-13;2;0
12;2025-12-13;3;0
12;2025-12-13;4;3
12;2025-12-13;5;243
12;2025-12-13;6;841
12;2025-12-13;7;899
12;2025-12-13;8;984
12;2025-12-13;9;1167
12;2025-12-13;10;1396
12;2025-12-13;11;1497
12;2025-12-13;12;1466
12;2025-12-13;13;1724
12;2025-12-13;14;1619
12;2025-12-13;15;1502
12;2025-12-13;16;1577
12;2025-12-13;17;1516
12;2025-12-13;18;1456
12;2025-12-13;19;1427
12;2025-12-13;20;985
12;2025-12-13;21;716
12;2025-12-13;22;442
12;2025-12-13;23;287
12;2025-12-14;0;89
12;2025-12-14;1;7
12;2025-12-14;2;0
12;2025-12-14;3;0
12;2025-12-14;4;2
12;2025-12-14;5;161
12;2025-12-14;6;522
12;2025-12-14;7;626
12;2025-12-14;8;729
12;2025-12-14;9;945
12;2025-12-14;10;1143
12;2025-12-14;11;1294
12;2025-12-14;12;1349
12;2025-12-14;13;1568
12;2025-12-14;14;1514
12;2025-12-14;15;1384
12;2025-12-14;16;1468
12;2025-12-14;17;1512
12;2025-12-14;18;1288
12;2025-12-14;19;1016
12;2025-12-14;20;763
12;2025-12-14;21;594
12;2025-12-14;22;391
12;2025-12-14;23;215
12;2025-12-15;0;67
12;2025-12-15;1;3
12;2025-12-15;2;0
12;2025-12-15;3;0
12;2025-12-15;4;6
12;2025-12-15;5;342
12;2025-12-15;6;1410
12;2025-12-15;7;2695
12;2025-12-15;8;3539
12;2025-12-15;9;2438
12;2025-12-15;10;1936
12;2025-12-15;11;1885
12;2025-12-15;12;1999
12;2025-12-15;13;1915
12;2025-12-15;14;1907
12;2025-12-15;15;2234
12;2025-12-15;16;2680
12;2025-12-15;17;3000
12;2025-12-15;18;3209
12;2025-12-15;19;2503
12;2025-12-15;20;1584
12;2025-12-15;21;919
12;2025-12-15;22;459
12;2025-12-15;23;237
12;2025-12-16;0;48
12;2025-12-16;1;2
12;2025-12-16;2;0
12;2025-12-16;3;0
12;2025-12-16;4;6
12;2025-12-16;5;357
12;2025-12-16;6;1445
12;2025-12-16;7;2825
12;2025-12-16;8;3768
12;2025-12-16;9;2509
12;2025-12-16;10;2093
12;2025-12-16;11;2041
12;2025-12-16;12;2066
12;2025-12-16;13;2073
12;2025-12-16;14;2058
12;2025-12-16;15;2269
12;2025-12-16;16;2765
12;2025-12-16;17;3085
12;2025-12-16;18;3268
12;2025-12-16;19;2590
12;2025-12-16;20;1564
12;2025-12-16;21;928
12;2025-12-16;22;495
12;2025-12-16;23;244
12;2025-12-17;0;56
12;2025-12-17;1;2
12;2025-12-17;2;0
12;2025-12-17;3;0
12;2025-12-17;4;7
12;2025-12-17;5;356
12;2025-12-17;6;1466
12;2025-12-17;7;2751
12;2025-12-17;8;3582
12;2025-12-17;9;2561
12;2025-12-17;10;2125
12;2025-12-17;11;2052
12;2025-12-17;12;2070
12;2025-12-17;13;2068
12;2025-12-17;14;2065
12;2025-12-17;15;2315
12;2025-12-17;16;2795
12;2025-12-17;17;3051
12;2025-12-17;18;3206
12;2025-12-17;19;2567
12;2025-12-17;20;1571
12;2025-12-17;21;998
12;2025-12-17;22;530
12;2025-12-17;23;267
12;2025-12-18;0;53
12;2025-12-18;1;3
12;2025-12-18;2;0
12;2025-12-18;3;0
12;2025-12-18;4;6
12;2025-12-18;5;334
12;2025-12-18;6;1360
12;2025-12-18;7;2651
12;2025-12-18;8;3460
12;2025-12-18;9;2368
12;2025-12-18;10;1997
12;2025-12-18;11;1995
12;2025-12-18;12;2051
12;2025-12-18;13;2017
12;2025-12-18;14;2040
12;2025-12-18;15;2258
12;2025-12-18;16;2727
12;2025-12-18;17;3039
12;2025-12-18;18;3148
12;2025-12-18;19;2527
12;2025-12-18;20;1566
12;2025-12-18;21;942
12;2025-12-18;22;502
12;2025-12-18;23;271
12;2025-12-19;0;59
12;2025-12-19;1;2
12;2025-12-19;2;0
12;2025-12-19;3;0
12;2025-12-19;4;6
12;2025-12-19;5;329
12;2025-12-19;6;1360
12;2025-12-19;7;2616
12;2025-12-19;8;3365
12;2025-12-19;9;2307
12;2025-12-19;10;1915
12;2025-12-19;11;1938
12;2025-12-19;12;1980
12;2025-12-19;13;1993
12;2025-12-19;14;2060
12;2025-12-19;15;2361
12;2025-12-19;16;2972
12;2025-12-19;17;2948
12;2025-12-19;18;2547
12;2025-12-19;19;2209
12;2025-12-19;20;1474
12;2025-12-19;21;998
12;2025-12-19;22;543
12;2025-12-19;23;301
12;2025-12-20;0;84
12;2025-12-20;1;5
12;2025-12-20;2;0
12;2025-12-20;3;0
12;2025-12-20;4;3
12;2025-12-20;5;243
12;2025-12-20;6;841
12;2025-12-20;7;899
12;2025-12-20;8;984
12;2025-12-20;9;1167
12;2025-12-20;10;1396
12;2025-12-20;11;1497
12;2025-12-20;12;1466
12;2025-12-20;13;1724
12;2025-12-20;14;1619
12;2025-12-20;15;1502
12;2025-12-20;16;1577
12;2025-12-20;17;1516
12;2025-12-20;18;1456
12;2025-12-20;19;1427
12;2025-12-20;20;985
12;2025-12-20;21;716
12;2025-12-20;22;442
12;2025-12-20;23;287
12;2025-12-21;0;89
12;2025-12-21;1;7
12;2025-12-21;2;0
12;2025-12-21;3;0
12;2025-12-21;4;2
12;2025-12-21;5;161
12;2025-12-21;6;522
12;2025-12-21;7;626
12;2025-12-21;8;729
12;2025-12-21;9;945
12;2025-12-21;10;1143
12;2025-12-21;11;1294
12;2025-12-21;12;1349
12;2025-12-21;13;1568
12;2025-12-21;14;1514
12;2025-12-21;15;1384
12;2025-12-21;16;1468
12;2025-12-21;17;1512
12;2025-12-21;18;1288
12;2025-12-21;19;1016
12;2025-12-21;20;763
12;2025-12-21;21;594
12;2025-12-21;22;391
12;2025-12-21;23;215
12;2025-12-22;0;67
12;2025-12-22;1;3
12;2025-12-22;2;0
12;2025-12-22;3;0
12;2025-12-22;4;6
12;2025-12-22;5;342
12;2025-12-22;6;1410
12;2025-12-22;7;2695
12;2025-12-22;8;3539
12;2025-12-22;9;2438
12;2025-12-22;10;1936
12;2025-12-22;11;1885
12;2025-12-22;12;1999
12;2025-12-22;13;1915
12;2025-12-22;14;1907
12;2025-12-22;15;2234
12;2025-12-22;16;2680
12;2025-12-22;17;3000
12;2025-12-22;18;3209
12;2025-12-22;19;2503
12;2025-12-22;20;1584
12;2025-12-22;21;919
12;2025-12-22;22;459
12;2025-12-22;23;237
12;2025-12-23;0;48
12;2025-12-23;1;2
12;2025-12-23;2;0
12;2025-12-23;3;0
12;2025-12-23;4;6
12;2025-12-23;5;357
12;2025-12-23;6;1445
12;2025-12-23;7;2825
12;2025-12-23;8;3768
12;2025-12-23;9;2509
12;2025-12-23;10;2093
12;2025-12-23;11;2041
12;2025-12-23;12;2066
12;2025-12-23;13;2073
12;2025-12-23;14;2058
12;2025-12-23;15;2269
12;2025-12-23;16;2765
12;2025-12-23;17;3085
12;2025-12-23;18;3268
12;2025-12-23;19;2590
12;2025-12-23;20;1564
12;2025-12-23;21;928
12;2025-12-23;22;495
12;2025-12-23;23;244
12;2025-12-24;0;56
12;2025-12-24;1;2
12;2025-12-24;2;0
12;2025-12-24;3;0
12;2025-12-24;4;7
12;2025-12-24;5;356
12;2025-12-24;6;1466
12;2025-12-24;7;2751
12;2025-12-24;8;3582
12;2025-12-24;9;2561
12;2025-12-24;10;2125
12;2025-12-24;11;2052
12;2025-12-24;12;2070
12;2025-12-24;13;2068
12;2025-12-24;14;2065
12;2025-12-24;15;2315
12;2025-12-24;16;2795
12;2025-12-24;17;3051
12;2025-12-24;18;3206
12;2025-12-24;19;2567
12;2025-12-24;20;1571
12;2025-12-24;21;998
12;2025-12-24;22;530
12;2025-12-24;23;267
12;2025-12-25;0;53
12;2025-12-25;1;3
12;2025-12-25;2;0
12;2025-12-25;3;0
12;2025-12-25;4;6
12;2025-12-25;5;334
12;2025-12-25;6;1360
12;2025-12-25;7;2651
12;2025-12-25;8;3460
12;2025-12-25;9;2368
12;2025-12-25;10;1997
12;2025-12-25;11;1995
12;2025-12-25;12;2051
12;2025-12-25;13;2017
12;2025-12-25;14;2040
12;2025-12-25;15;2258
12;2025-12-25;16;2727
12;2025-12-25;17;3039
12;2025-12-25;18;3148
12;2025-12-25;19;2527
12;2025-12-25;20;1566
12;2025-12-25;21;942
12;2025-12-25;22;502
12;2025-12-25;23;271
12;2025-12-26;0;59
12;2025-12-26;1;2
12;2025-12-26;2;0
12;2025-12-26;3;0
12;2025-12-26;4;6
12;2025-12-26;5;329
12;2025-12-26;6;1360
12;2025-12-26;7;2616
12;2025-12-26;8;3365
12;2025-12-26;9;2307
12;2025-12-26;10;1915
12;2025-12-26;11;1938
12;2025-12-26;12;1980
12;2025-12-26;13;1993
12;2025-12-26;14;2060
12;2025-12-26;15;2361
12;2025-12-26;16;2972
12;2025-12-26;17;2948
12;2025-12-26;18;2547
12;2025-12-26;19;2209
12;2025-12-26;20;1474
12;2025-12-26;21;998
12;2025-12-26;22;543
12;2025-12-26;23;301
12;2025-12-27;0;84
12;2025-12-27;1;5
12;2025-12-27;2;0
12;2025-12-27;3;0
12;2025-12-27;4;3
12;2025-12-27;5;243
12;2025-12-27;6;841
12;2025-12-27;7;899
12;2025-12-27;8;984
12;2025-12-27;9;1167
12;2025-12-27;10;1396
12;2025-12-27;11;1497
12;2025-12-27;12;1466
12;2025-12-27;13;1724
12;2025-12-27;14;1619
12;2025-12-27;15;1502
12;2025-12-27;16;1577
12;2025-12-27;17;1516
12;2025-12-27;18;1456
12;2025-12-27;19;1427
12;2025-12-27;20;985
12;2025-12-27;21;716
12;2025-12-27;22;442
12;2025-12-27;23;287
12;2025-12-28;0;89
12;2025-12-28;1;7
12;2025-12-28;2;0
12;2025-12-28;3;0
12;2025-12-28;4;2
12;2025-12-28;5;161
12;2025-12-28;6;522
12;2025-12-28;7;626
12;2025-12-28;8;729
12;2025-12-28;9;945
12;2025-12-28;10;1143
12;2025-12-28;11;1294
12;2025-12-28;12;1349
12;2025-12-28;13;1568
12;2025-12-28;14;1514
12;2025-12-28;15;1384
12;2025-12-28;16;1468
12;2025-12-28;17;1512
12;2025-12-28;18;1288
12;2025-12-28;19;1016
12;2025-12-28;20;763
12;2025-12-28;21;594
12;2025-12-28;22;391
12;2025-12-28;23;215
12;2025-12-29;0;67
12;2025-12-29;1;3
12;2025-12-29;2;0
12;2025-12-29;3;0
12;2025-12-29;4;6
12;2025-12-29;5;342
12;2025-12-29;6;1410
12;2025-12-29;7;2695
12;2025-12-29;8;3539
12;2025-12-29;9;2438
12;2025-12-29;10;1936
12;2025-12-29;11;1885
12;2025-12-29;12;1999
12;2025-12-29;13;1915
12;2025-12-29;14;1907
12;2025-12-29;15;2234
12;2025-12-29;16;2680
12;2025-12-29;17;3000
12;2025-12-29;18;3209
12;2025-12-29;19;2503
12;2025-12-29;20;1584
12;2025-12-29;21;919
12;2025-12-29;22;459
12;2025-12-29;23;237
12;2025-12-30;0;48
12;2025-12-30;1;2
12;2025-12-30;2;0
12;2025-12-30;3;0
12;2025-12-30;4;6
12;2025-12-30;5;357
12;2025-12-30;6;1445
12;2025-12-30;7;2825
12;2025-12-30;8;3768
12;2025-12-30;9;2509
12;2025-12-30;10;2093
12;2025-12-30;11;2041
12;2025-12-30;12;2066
12;2025-12-30;13;2073
12;2025-12-30;14;2058
12;2025-12-30;15;2269
12;2025-12-30;16;2765
12;2025-12-30;17;3085
12;2025-12-30;18;3268
12;2025-12-30;19;2590
12;2025-12-30;20;1564
12;2025-12-30;21;928
12;2025-12-30;22;495
12;2025-12-30;23;244
12;2025-12-31;0;89
12;2025-12-31;1;7
12;2025-12-31;2;0
12;2025-12-31;3;0
12;2025-12-31;4;2
12;2025-12-31;5;161
12;2025-12-31;6;522
12;2025-12-31;7;626
12;2025-12-31;8;729
12;2025-12-31;9;945
12;2025-12-31;10;1143
12;2025-12-31;11;1294
12;2025-12-31;12;1349
12;2025-12-31;13;1568
12;2025-12-31;14;1514
12;2025-12-31;15;1384
12;2025-12-31;16;1468
12;2025-12-31;17;1512
12;2025-12-31;18;1288
12;2025-12-31;19;1016
12;2025-12-31;20;763
12;2025-12-31;21;594
12;2025-12-31;22;391
12;2025-12-31;23;215
17;2025-11-01;0;154
17;2025-11-01;1;15
17;2025-11-01;2;0
17;2025-11-01;3;0
17;2025-11-01;4;22
17;2025-11-01;5;283
17;2025-11-01;6;1376
17;2025-11-01;7;3498
17;2025-11-01;8;4601
17;2025-11-01;9;3472
17;2025-11-01;10;2868
17;2025-11-01;11;2896
17;2025-11-01;12;3026
17;2025-11-01;13;3099
17;2025-11-01;14;3132
17;2025-11-01;15;3428
17;2025-11-01;16;3937
17;2025-11-01;17;4325
17;2025-11-01;18;4123
17;2025-11-01;19;3150
17;2025-11-01;20;2277
17;2025-11-01;21;1590
17;2025-11-01;22;884
17;2025-11-01;23;453
17;2025-11-02;0;170
17;2025-11-02;1;21
17;2025-11-02;2;0
17;2025-11-02;3;0
17;2025-11-02;4;4
17;2025-11-02;5;102
17;2025-11-02;6;404
17;2025-11-02;7;734
17;2025-11-02;8;1176
17;2025-11-02;9;1646
17;2025-11-02;10;1898
17;2025-11-02;11;2447
17;2025-11-02;12;2782
17;2025-11-02;13;2912
17;2025-11-02;14;3058
17;2025-11-02;15;3068
17;2025-11-02;16;2955
17;2025-11-02;17;2884
17;2025-11-02;18;2532
17;2025-11-02;19;2038
17;2025-11-02;20;1570
17;2025-11-02;21;1137
17;2025-11-02;22;688
17;2025-11-02;23;315
17;2025-11-03;0;170
17;2025-11-03;1;21
17;2025-11-03;2;0
17;2025-11-03;3;0
17;2025-11-03;4;4
17;2025-11-03;5;102
17;2025-11-03;6;404
17;2025-11-03;7;734
17;2025-11-03;8;1176
17;2025-11-03;9;1646
17;2025-11-03;10;1898
17;2025-11-03;11;2447
17;2025-11-03;12;2782
17;2025-11-03;13;2912
17;2025-11-03;14;3058
17;2025-11-03;15;3068
17;2025-11-03;16;2955
17;2025-11-03;17;2884
17;2025-11-03;18;2532
17;2025-11-03;19;2038
17;2025-11-03;20;1570
17;2025-11-03;21;1137
17;2025-11-03;22;688
17;2025-11-03;23;315
17;2025-11-04;0;170
17;2025-11-04;1;21
17;2025-11-04;2;0
17;2025-11-04;3;0
17;2025-11-04;4;4
17;2025-11-04;5;102
17;2025-11-04;6;404
17;2025-11-04;7;734
17;2025-11-04;8;1176
17;2025-11-04;9;1646
17;2025-11-04;10;1898
17;2025-11-04;11;2447
17;2025-11-04;12;2782
17;2025-11-04;13;2912
17;2025-11-04;14;3058
17;2025-11-04;15;3068
17;2025-11-04;16;2955
17;2025-11-04;17;2884
17;2025-11-04;18;2532
17;2025-11-04;19;2038
17;2025-11-04;20;1570
17;2025-11-04;21;1137
17;2025-11-04;22;688
17;2025-11-04;23;315
17;2025-11-05;0;122
17;2025-11-05;1;10
17;2025-11-05;2;0
17;2025-11-05;3;0
17;2025-11-05;4;26
17;2025-11-05;5;318
17;2025-11-05;6;1534
17;2025-11-05;7;3980
17;2025-11-05;8;5252
17;2025-11-05;9;3792
17;2025-11-05;10;3015
17;2025-11-05;11;2920
17;2025-11-05;12;2910
17;2025-11-05;13;3021
17;2025-11-05;14;3034
17;2025-11-05;15;3192
17;2025-11-05;16;3594
17;2025-11-05;17;4349
17;2025-11-05;18;4838
17;2025-11-05;19;3382
17;2025-11-05;20;2340
17;2025-11-05;21;1492
17;2025-11-05;22;814
17;2025-11-05;23;388
17;2025-11-06;0;139
17;2025-11-06;1;10
17;2025-11-06;2;0
17;2025-11-06;3;0
17;2025-11-06;4;24
17;2025-11-06;5;320
17;2025-11-06;6;1510
17;2025-11-06;7;3943
17;2025-11-06;8;5253
17;2025-11-06;9;3772
17;2025-11-06;10;2993
17;2025-11-06;11;2908
17;2025-11-06;12;2962
17;2025-11-06;13;2996
17;2025-11-06;14;3020
17;2025-11-06;15;3208
17;2025-11-06;16;3674
17;2025-11-06;17;4462
17;2025-11-06;18;4892
17;2025-11-06;19;3482
17;2025-11-06;20;2441
17;2025-11-06;21;1516
17;2025-11-06;22;838
17;2025-11-06;23;388
17;2025-11-07;0;146
17;2025-11-07;1;14
17;2025-11-07;2;0
17;2025-11-07;3;0
17;2025-11-07;4;25
17;2025-11-07;5;311
17;2025-11-07;6;1522
17;2025-11-07;7;3910
17;2025-11-07;8;5112
17;2025-11-07;9;3702
17;2025-11-07;10;2956
17;2025-11-07;11;2914
17;2025-11-07;12;3014
17;2025-11-07;13;3077
17;2025-11-07;14;3116
17;2025-11-07;15;3452
17;2025-11-07;16;4055
17;2025-11-07;17;4528
17;2025-11-07;18;4332
17;2025-11-07;19;3276
17;2025-11-07;20;2344
17;2025-11-07;21;1632
17;2025-11-07;22;892
17;2025-11-07;23;459
17;2025-11-08;0;194
17;2025-11-08;1;20
17;2025-11-08;2;0
17;2025-11-08;3;0
17;2025-11-08;4;5
17;2025-11-08;5;125
17;2025-11-08;6;548
17;2025-11-08;7;1160
17;2025-11-08;8;1710
17;2025-11-08;9;2165
17;2025-11-08;10;2366
17;2025-11-08;11;2790
17;2025-11-08;12;3090
17;2025-11-08;13;3222
17;2025-11-08;14;3223
17;2025-11-08;15;3290
17;2025-11-08;16;3266
17;2025-11-08;17;3176
17;2025-11-08;18;2940
17;2025-11-08;19;2432
17;2025-11-08;20;1902
17;2025-11-08;21;1348
17;2025-11-08;22;840
17;2025-11-08;23;420
17;2025-11-09;0;170
17;2025-11-09;1;21
17;2025-11-09;2;0
17;2025-11-09;3;0
17;2025-11-09;4;4
17;2025-11-09;5;102
17;2025-11-09;6;404
17;2025-11-09;7;734
17;2025-11-09;8;1176
17;2025-11-09;9;1646
17;2025-11-09;10;1898
17;2025-11-09;11;2447
17;2025-11-09;12;2782
17;2025-11-09;13;2912
17;2025-11-09;14;3058
17;2025-11-09;15;3068
17;2025-11-09;16;2955
17;2025-11-09;17;2884
17;2025-11-09;18;2532
17;2025-11-09;19;2038
17;2025-11-09;20;1570
17;2025-11-09;21;1137
17;2025-11-09;22;688
17;2025-11-09;23;315
17;2025-11-10;0;104
17;2025-11-10;1;12
17;2025-11-10;2;0
17;2025-11-10;3;0
17;2025-11-10;4;25
17;2025-11-10;5;304
17;2025-11-10;6;1498
17;2025-11-10;7;3947
17;2025-11-10;8;5218
17;2025-11-10;9;3716
17;2025-11-10;10;2836
17;2025-11-10;11;2804
17;2025-11-10;12;2864
17;2025-11-10;13;2877
17;2025-11-10;14;2918
17;2025-11-10;15;3101
17;2025-11-10;16;3555
17;2025-11-10;17;4358
17;2025-11-10;18;4872
17;2025-11-10;19;3466
17;2025-11-10;20;2329
17;2025-11-10;21;1368
17;2025-11-10;22;737
17;2025-11-10;23;323
17;2025-11-11;0;107
17;2025-11-11;1;10
17;2025-11-11;2;0
17;2025-11-11;3;0
17;2025-11-11;4;26
17;2025-11-11;5;316
17;2025-11-11;6;1530
17;2025-11-11;7;4034
17;2025-11-11;8;5368
17;2025-11-11;9;3824
17;2025-11-11;10;2980
17;2025-11-11;11;2860
17;2025-11-11;12;2952
17;2025-11-11;13;2995
17;2025-11-11;14;3084
17;2025-11-11;15;3158
17;2025-11-11;16;3541
17;2025-11-11;17;4480
17;2025-11-11;18;4914
17;2025-11-11;19;3489
17;2025-11-11;20;2391
17;2025-11-11;21;1440
17;2025-11-11;22;774
17;2025-11-11;23;354
17;2025-11-12;0;122
17;2025-11-12;1;10
17;2025-11-12;2;0
17;2025-11-12;3;0
17;2025-11-12;4;26
17;2025-11-12;5;318
17;2025-11-12;6;1534
17;2025-11-12;7;3980
17;2025-11-12;8;5252
17;2025-11-12;9;3792
17;2025-11-12;10;3015
17;2025-11-12;11;2920
17;2025-11-12;12;2910
17;2025-11-12;13;3021
17;2025-11-12;14;3034
17;2025-11-12;15;3192
17;2025-11-12;16;3594
17;2025-11-12;17;4349
17;2025-11-12;18;4838
17;2025-11-12;19;3382
17;2025-11-12;20;2340
17;2025-11-12;21;1492
17;2025-11-12;22;814
17;2025-11-12;23;388
17;2025-11-13;0;139
17;2025-11-13;1;10
17;2025-11-13;2;0
17;2025-11-13;3;0
17;2025-11-13;4;24
17;2025-11-13;5;320
17;2025-11-13;6;1510
17;2025-11-13;7;3943
17;2025-11-13;8;5253
17;2025-11-13;9;3772
17;2025-11-13;10;2993
17;2025-11-13;11;2908
17;2025-11-13;12;2962
17;2025-11-13;13;2996
17;2025-11-13;14;3020
17;2025-11-13;15;3208
17;2025-11-13;16;3674
17;2025-11-13;17;4462
17;2025-11-13;18;4892
17;2025-11-13;19;3482
17;2025-11-13;20;2441
17;2025-11-13;21;1516
17;2025-11-13;22;838
17;2025-11-13;23;388
17;2025-11-14;0;146
17;2025-11-14;1;14
17;2025-11-14;2;0
17;2025-11-14;3;0
17;2025-11-14;4;25
17;2025-11-14;5;311
17;2025-11-14;6;1522
17;2025-11-14;7;3910
17;2025-11-14;8;5112
17;2025-11-14;9;3702
17;2025-11-14;10;2956
17;2025-11-14;11;2914
17;2025-11-14;12;3014
17;2025-11-14;13;3077
17;2025-11-14;14;3116
17;2025-11-14;15;3452
17;2025-11-14;16;4055
17;2025-11-14;17;4528
17;2025-11-14;18;4332
17;2025-11-14;19;3276
17;2025-11-14;20;2344
17;2025-11-14;21;1632
17;2025-11-14;22;892
17;2025-11-14;23;459
17;2025-11-15;0;194
17;2025-11-15;1;20
17;2025-11-15;2;0
17;2025-11-15;3;0
17;2025-11-15;4;5
17;2025-11-15;5;125
17;2025-11-15;6;548
17;2025-11-15;7;1160
17;2025-11-15;8;1710
17;2025-11-15;9;2165
17;2025-11-15;10;2366
17;2025-11-15;11;2790
17;2025-11-15;12;3090
17;2025-11-15;13;3222
17;2025-11-15;14;3223
17;2025-11-15;15;3290
17;2025-11-15;16;3266
17;2025-11-15;17;3176
17;2025-11-15;18;2940
17;2025-11-15;19;2432
17;2025-11-15;20;1902
17;2025-11-15;21;1348
17;2025-11-15;22;840
17;2025-11-15;23;420
17;2025-11-16;0;170
17;2025-11-16;1;21
17;2025-11-16;2;0
17;2025-11-16;3;0
17;2025-11-16;4;4
17;2025-11-16;5;102
17;2025-11-16;6;404
17;2025-11-16;7;734
17;2025-11-16;8;1176
17;2025-11-16;9;1646
17;2025-11-16;10;1898
17;2025-11-16;11;2447
17;2025-11-16;12;2782
17;2025-11-16;13;2912
17;2025-11-16;14;3058
17;2025-11-16;15;3068
17;2025-11-16;16;2955
17;2025-11-16;17;2884
17;2025-11-16;18;2532
17;2025-11-16;19;2038
17;2025-11-16;20;1570
17;2025-11-16;21;1137
17;2025-11-16;22;688
17;2025-11-16;23;315
17;2025-11-17;0;104
17;2025-11-17;1;12
17;2025-11-17;2;0
17;2025-11-17;3;0
17;2025-11-17;4;25
17;2025-11-17;5;304
17;2025-11-17;6;1498
17;2025-11-17;7;3947
17;2025-11-17;8;5218
17;2025-11-17;9;3716
17;2025-11-17;10;2836
17;2025-11-17;11;2804
17;2025-11-17;12;2864
17;2025-11-17;13;2877
17;2025-11-17;14;2918
17;2025-11-17;15;3101
17;2025-11-17;16;3555
17;2025-11-17;17;4358
17;2025-11-17;18;4872
17;2025-11-17;19;3466
17;2025-11-17;20;2329
17;2025-11-17;21;1368
17;2025-11-17;22;737
17;2025-11-17;23;323
17;2025-11-18;0;107
17;2025-11-18;1;10
17;2025-11-18;2;0
17;2025-11-18;3;0
17;2025-11-18;4;26
17;2025-11-18;5;316
17;2025-11-18;6;1530
17;2025-11-18;7;4034
17;2025-11-18;8;5368
17;2025-11-18;9;3824
17;2025-11-18;10;2980
17;2025-11-18;11;2860
17;2025-11-18;12;2952
17;2025-11-18;13;2995
17;2025-11-18;14;3084
17;2025-11-18;15;3158
17;2025-11-18;16;3541
17;2025-11-18;17;4480
17;2025-11-18;18;4914
17;2025-11-18;19;3489
17;2025-11-18;20;2391
17;2025-11-18;21;1440
17;2025-11-18;22;774
17;2025-11-18;23;354
17;2025-11-19;0;122
17;2025-11-19;1;10
17;2025-11-19;2;0
17;2025-11-19;3;0
17;2025-11-19;4;26
17;2025-11-19;5;318
17;2025-11-19;6;1534
17;2025-11-19;7;3980
17;2025-11-19;8;5252
17;2025-11-19;9;3792
17;2025-11-19;10;3015
17;2025-11-19;11;2920
17;2025-11-19;12;2910
17;2025-11-19;13;3021
17;2025-11-19;14;3034
17;2025-11-19;15;3192
17;2025-11-19;16;3594
17;2025-11-19;17;4349
17;2025-11-19;18;4838
17;2025-11-19;19;3382
17;2025-11-19;20;2340
17;2025-11-19;21;1492
17;2025-11-19;22;814
17;2025-11-19;23;388
17;2025-11-20;0;139
17;2025-11-20;1;10
17;2025-11-20;2;0
17;2025-11-20;3;0
17;2025-11-20;4;24
17;2025-11-20;5;320
17;2025-11-20;6;1510
17;2025-11-20;7;3943
17;2025-11-20;8;5253
17;2025-11-20;9;3772
17;2025-11-20;10;2993
17;2025-11-20;11;2908
17;2025-11-20;12;2962
17;2025-11-20;13;2996
17;2025-11-20;14;3020
17;2025-11-20;15;3208
17;2025-11-20;16;3674
17;2025-11-20;17;4462
17;2025-11-20;18;4892
17;2025-11-20;19;3482
17;2025-11-20;20;2441
17;2025-11-20;21;1516
17;2025-11-20;22;838
17;2025-11-20;23;388
17;2025-11-21;0;146
17;2025-11-21;1;14
17;2025-11-21;2;0
17;2025-11-21;3;0
17;2025-11-21;4;25
17;2025-11-21;5;311
17;2025-11-21;6;1522
17;2025-11-21;7;3910
17;2025-11-21;8;5112
17;2025-11-21;9;3702
17;2025-11-21;10;2956
17;2025-11-21;11;2914
17;2025-11-21;12;3014
17;2025-11-21;13;3077
17;2025-11-21;14;3116
17;2025-11-21;15;3452
17;2025-11-21;16;4055
17;2025-11-21;17;4528
17;2025-11-21;18;4332
17;2025-11-21;19;3276
17;2025-11-21;20;2344
17;2025-11-21;21;1632
17;2025-11-21;22;892
17;2025-11-21;23;459
17;2025-11-22;0;194
17;2025-11-22;1;20
17;2025-11-22;2;0
17;2025-11-22;3;0
17;2025-11-22;4;5
17;2025-11-22;5;125
17;2025-11-22;6;548
17;2025-11-22;7;1160
17;2025-11-22;8;1710
17;2025-11-22;9;2165
17;2025-11-22;10;2366
17;2025-11-22;11;2790
17;2025-11-22;12;3090
17;2025-11-22;13;3222
17;2025-11-22;14;3223
17;2025-11-22;15;3290
17;2025-11-22;16;3266
17;2025-11-22;17;3176
17;2025-11-22;18;2940
17;2025-11-22;19;2432
17;2025-11-22;20;1902
17;2025-11-22;21;1348
17;2025-11-22;22;840
17;2025-11-22;23;420
17;2025-11-23;0;170
17;2025-11-23;1;21
17;2025-11-23;2;0
17;2025-11-23;3;0
17;2025-11-23;4;4
17;2025-11-23;5;102
17;2025-11-23;6;404
17;2025-11-23;7;734
17;2025-11-23;8;1176
17;2025-11-23;9;1646
17;2025-11-23;10;1898
17;2025-11-23;11;2447
17;2025-11-23;12;2782
17;2025-11-23;13;2912
17;2025-11-23;14;3058
17;2025-11-23;15;3068
17;2025-11-23;16;2955
17;2025-11-23;17;2884
17;2025-11-23;18;2532
17;2025-11-23;19;2038
17;2025-11-23;20;1570
17;2025-11-23;21;1137
17;2025-11-23;22;688
17;2025-11-23;23;315
17;2025-11-24;0;104
17;2025-11-24;1;12
17;2025-11-24;2;0
17;2025-11-24;3;0
17;2025-11-24;4;25
17;2025-11-24;5;304
17;2025-11-24;6;1498
17;2025-11-24;7;3947
17;2025-11-24;8;5218
17;2025-11-24;9;3716
17;2025-11-24;10;2836
17;2025-11-24;11;2804
17;2025-11-24;12;2864
17;2025-11-24;13;2877
17;2025-11-24;14;2918
17;2025-11-24;15;3101
17;2025-11-24;16;3555
17;2025-11-24;17;4358
17;2025-11-24;18;4872
17;2025-11-24;19;3466
17;2025-11-24;20;2329
17;2025-11-24;21;1368
17;2025-11-24;22;737
17;2025-11-24;23;323
17;2025-11-25;0;107
17;2025-11-25;1;10
17;2025-11-25;2;0
17;2025-11-25;3;0
17;2025-11-25;4;26
17;2025-11-25;5;316
17;2025-11-25;6;1530
17;2025-11-25;7;4034
17;2025-11-25;8;5368
17;2025-11-25;9;3824
17;2025-11-25;10;2980
17;2025-11-25;11;2860
17;2025-11-25;12;2952
17;2025-11-25;13;2995
17;2025-11-25;14;3084
17;2025-11-25;15;3158
17;2025-11-25;16;3541
17;2025-11-25;17;4480
17;2025-11-25;18;4914
17;2025-11-25;19;3489
17;2025-11-25;20;2391
17;2025-11-25;21;1440
17;2025-11-25;22;774
17;2025-11-25;23;354
17;2025-11-26;0;122
17;2025-11-26;1;10
17;2025-11-26;2;0
17;2025-11-26;3;0
17;2025-11-26;4;26
17;2025-11-26;5;318
17;2025-11-26;6;1534
17;2025-11-26;7;3980
17;2025-11-26;8;5252
17;2025-11-26;9;3792
17;2025-11-26;10;3015
17;2025-11-26;11;2920
17;2025-11-26;12;2910
17;2025-11-26;13;3021
17;2025-11-26;14;3034
17;2025-11-26;15;3192
17;2025-11-26;16;3594
17;2025-11-26;17;4349
17;2025-11-26;18;4838
17;2025-11-26;19;3382
17;2025-11-26;20;2340
17;2025-11-26;21;1492
17;2025-11-26;22;814
17;2025-11-26;23;388
17;2025-11-27;0;139
17;2025-11-27;1;10
17;2025-11-27;2;0
17;2025-11-27;3;0
17;2025-11-27;4;24
17;2025-11-27;5;320
17;2025-11-27;6;1510
17;2025-11-27;7;3943
17;2025-11-27;8;5253
17;2025-11-27;9;3772
17;2025-11-27;10;2993
17;2025-11-27;11;2908
17;2025-11-27;12;2962
17;2025-11-27;13;2996
17;2025-11-27;14;3020
17;2025-11-27;15;3208
17;2025-11-27;16;3674
17;2025-11-27;17;4462
17;2025-11-27;18;4892
17;2025-11-27;19;3482
17;2025-11-27;20;2441
17;2025-11-27;21;1516
17;2025-11-27;22;838
17;2025-11-27;23;388
17;2025-11-28;0;146
17;2025-11-28;1;14
17;2025-11-28;2;0
17;2025-11-28;3;0
17;2025-11-28;4;25
17;2025-11-28;5;311
17;2025-11-28;6;1522
17;2025-11-28;7;3910
17;2025-11-28;8;5112
17;2025-11-28;9;3702
17;2025-11-28;10;2956
17;2025-11-28;11;2914
17;2025-11-28;12;3014
17;2025-11-28;13;3077
17;2025-11-28;14;3116
17;2025-11-28;15;3452
17;2025-11-28;16;4055
17;2025-11-28;17;4528
17;2025-11-28;18;4332
17;2025-11-28;19;3276
17;2025-11-28;20;2344
17;2025-11-28;21;1632
17;2025-11-28;22;892
17;2025-11-28;23;459
17;2025-11-29;0;194
17;2025-11-29;1;20
17;2025-11-29;2;0
17;2025-11-29;3;0
17;2025-11-29;4;5
17;2025-11-29;5;125
17;2025-11-29;6;548
17;2025-11-29;7;1160
17;2025-11-29;8;1710
17;2025-11-29;9;2165
17;2025-11-29;10;2366
17;2025-11-29;11;2790
17;2025-11-29;12;3090
17;2025-11-29;13;3222
17;2025-11-29;14;3223
17;2025-11-29;15;3290
17;2025-11-29;16;3266
17;2025-11-29;17;3176
17;2025-11-29;18;2940
17;2025-11-29;19;2432
17;2025-11-29;20;1902
17;2025-11-29;21;1348
17;2025-11-29;22;840
17;2025-11-29;23;420
17;2025-11-30;0;170
17;2025-11-30;1;21
17;2025-11-30;2;0
17;2025-11-30;3;0
17;2025-11-30;4;4
17;2025-11-30;5;102
17;2025-11-30;6;404
17;2025-11-30;7;734
17;2025-11-30;8;1176
17;2025-11-30;9;1646
17;2025-11-30;10;1898
17;2025-11-30;11;2447
17;2025-11-30;12;2782
17;2025-11-30;13;2912
17;2025-11-30;14;3058
17;2025-11-30;15;3068
17;2025-11-30;16;2955
17;2025-11-30;17;2884
17;2025-11-30;18;2532
17;2025-11-30;19;2038
17;2025-11-30;20;1570
17;2025-11-30;21;1137
17;2025-11-30;22;688
17;2025-11-30;23;315
17;2025-12-01;0;104
17;2025-12-01;1;12
17;2025-12-01;2;0
17;2025-12-01;3;0
17;2025-12-01;4;25
17;2025-12-01;5;304
17;2025-12-01;6;1498
17;2025-12-01;7;3947
17;2025-12-01;8;5218
17;2025-12-01;9;3716
17;2025-12-01;10;2836
17;2025-12-01;11;2804
17;2025-12-01;12;2864
17;2025-12-01;13;2877
17;2025-12-01;14;2918
17;2025-12-01;15;3101
17;2025-12-01;16;3555
17;2025-12-01;17;4358
17;2025-12-01;18;4872
17;2025-12-01;19;3466
17;2025-12-01;20;2329
17;2025-12-01;21;1368
17;2025-12-01;22;737
17;2025-12-01;23;323
17;2025-12-02;0;107
17;2025-12-02;1;10
17;2025-12-02;2;0
17;2025-12-02;3;0
17;2025-12-02;4;26
17;2025-12-02;5;316
17;2025-12-02;6;1530
17;2025-12-02;7;4034
17;2025-12-02;8;5368
17;2025-12-02;9;3824
17;2025-12-02;10;2980
17;2025-12-02;11;2860
17;2025-12-02;12;2952
17;2025-12-02;13;2995
17;2025-12-02;14;3084
17;2025-12-02;15;3158
17;2025-12-02;16;3541
17;2025-12-02;17;4480
17;2025-12-02;18;4914
17;2025-12-02;19;3489
17;2025-12-02;20;2391
17;2025-12-02;21;1440
17;2025-12-02;22;774
17;2025-12-02;23;354
17;2025-12-03;0;122
17;2025-12-03;1;10
17;2025-12-03;2;0
17;2025-12-03;3;0
17;2025-12-03;4;26
17;2025-12-03;5;318
17;2025-12-03;6;1534
17;2025-12-03;7;3980
17;2025-12-03;8;5252
17;2025-12-03;9;3792
17;2025-12-03;10;3015
17;2025-12-03;11;2920
17;2025-12-03;12;2910
17;2025-12-03;13;3021
17;2025-12-03;14;3034
17;2025-12-03;15;3192
17;2025-12-03;16;3594
17;2025-12-03;17;4349
17;2025-12-03;18;4838
17;2025-12-03;19;3382
17;2025-12-03;20;2340
17;2025-12-03;21;1492
17;2025-12-03;22;814
17;2025-12-03;23;388
17;2025-12-04;0;139
17;2025-12-04;1;10
17;2025-12-04;2;0
17;2025-12-04;3;0
17;2025-12-04;4;24
17;2025-12-04;5;320
17;2025-12-04;6;1510
17;2025-12-04;7;3943
17;2025-12-04;8;5253
17;2025-12-04;9;3772
17;2025-12-04;10;2993
17;2025-12-04;11;2908
17;2025-12-04;12;2962
17;2025-12-04;13;2996
17;2025-12-04;14;3020
17;2025-12-04;15;3208
17;2025-12-04;16;3674
17;2025-12-04;17;4462
17;2025-12-04;18;4892
17;2025-12-04;19;3482
17;2025-12-04;20;2441
17;2025-12-04;21;1516
17;2025-12-04;22;838
17;2025-12-04;23;388
17;2025-12-05;0;146
17;2025-12-05;1;14
17;2025-12-05;2;0
17;2025-12-05;3;0
17;2025-12-05;4;25
17;2025-12-05;5;311
17;2025-12-05;6;1522
17;2025-12-05;7;3910
17;2025-12-05;8;5112
17;2025-12-05;9;3702
17;2025-12-05;10;2956
17;2025-12-05;11;2914
17;2025-12-05;12;3014
17;2025-12-05;13;3077
17;2025-12-05;14;3116
17;2025-12-05;15;3452
17;2025-12-05;16;4055
17;2025-12-05;17;4528
17;2025-12-05;18;4332
17;2025-12-05;19;3276
17;2025-12-05;20;2344
17;2025-12-05;21;1632
17;2025-12-05;22;892
17;2025-12-05;23;459
17;2025-12-06;0;194
17;2025-12-06;1;20
17;2025-12-06;2;0
17;2025-12-06;3;0
17;2025-12-06;4;5
17;2025-12-06;5;125
17;2025-12-06;6;548
17;2025-12-06;7;1160
17;2025-12-06;8;1710
17;2025-12-06;9;2165
17;2025-12-06;10;2366
17;2025-12-06;11;2790
17;2025-12-06;12;3090
17;2025-12-06;13;3222
17;2025-12-06;14;3223
17;2025-12-06;15;3290
17;2025-12-06;16;3266
17;2025-12-06;17;3176
17;2025-12-06;18;2940
17;2025-12-06;19;2432
17;2025-12-06;20;1902
17;2025-12-06;21;1348
17;2025-12-06;22;840
17;2025-12-06;23;420
17;2025-12-07;0;170
17;2025-12-07;1;21
17;2025-12-07;2;0
17;2025-12-07;3;0
17;2025-12-07;4;4
17;2025-12-07;5;102
17;2025-12-07;6;404
17;2025-12-07;7;734
17;2025-12-07;8;1176
17;2025-12-07;9;1646
17;2025-12-07;10;1898
17;2025-12-07;11;2447
17;2025-12-07;12;2782
17;2025-12-07;13;2912
17;2025-12-07;14;3058
17;2025-12-07;15;3068
17;2025-12-07;16;2955
17;2025-12-07;17;2884
17;2025-12-07;18;2532
17;2025-12-07;19;2038
17;2025-12-07;20;1570
17;2025-12-07;21;1137
17;2025-12-07;22;688
17;2025-12-07;23;315
17;2025-12-08;0;104
17;2025-12-08;1;12
17;2025-12-08;2;0
17;2025-12-08;3;0
17;2025-12-08;4;25
17;2025-12-08;5;304
17;2025-12-08;6;1498
17;2025-12-08;7;3947
17;2025-12-08;8;5218
17;2025-12-08;9;3716
17;2025-12-08;10;2836
17;2025-12-08;11;2804
17;2025-12-08;12;2864
17;2025-12-08;13;2877
17;2025-12-08;14;2918
17;2025-12-08;15;3101
17;2025-12-08;16;3555
17;2025-12-08;17;4358
17;2025-12-08;18;4872
17;2025-12-08;19;3466
17;2025-12-08;20;2329
17;2025-12-08;21;1368
17;2025-12-08;22;737
17;2025-12-08;23;323
17;2025-12-09;0;107
17;2025-12-09;1;10
17;2025-12-09;2;0
17;2025-12-09;3;0
17;2025-12-09;4;26
17;2025-12-09;5;316
17;2025-12-09;6;1530
17;2025-12-09;7;4034
17;2025-12-09;8;5368
17;2025-12-09;9;3824
17;2025-12-09;10;2980
17;2025-12-09;11;2860
17;2025-12-09;12;2952
17;2025-12-09;13;2995
17;2025-12-09;14;3084
17;2025-12-09;15;3158
17;2025-12-09;16;3541
17;2025-12-09;17;4480
17;2025-12-09;18;4914
17;2025-12-09;19;3489
17;2025-12-09;20;2391
17;2025-12-09;21;1440
17;2025-12-09;22;774
17;2025-12-09;23;354
17;2025-12-10;0;122
17;2025-12-10;1;10
17;2025-12-10;2;0
17;2025-12-10;3;0
17;2025-12-10;4;26
17;2025-12-10;5;318
17;2025-12-10;6;1534
17;2025-12-10;7;3980
17;2025-12-10;8;5252
17;2025-12-10;9;3792
17;2025-12-10;10;3015
17;2025-12-10;11;2920
17;2025-12-10;12;2910
17;2025-12-10;13;3021
17;2025-12-10;14;3034
17;2025-12-10;15;3192
17;2025-12-10;16;3594
17;2025-12-10;17;4349
17;2025-12-10;18;4838
17;2025-12-10;19;3382
17;2025-12-10;20;2340
17;2025-12-10;21;1492
17;2025-12-10;22;814
17;2025-12-10;23;388
17;2025-12-11;0;139
17;2025-12-11;1;10
17;2025-12-11;2;0
17;2025-12-11;3;0
17;2025-12-11;4;24
17;2025-12-11;5;320
17;2025-12-11;6;1510
17;2025-12-11;7;3943
17;2025-12-11;8;5253
17;2025-12-11;9;3772
17;2025-12-11;10;2993
17;2025-12-11;11;2908
17;2025-12-11;12;2962
17;2025-12-11;13;2996
17;2025-12-11;14;3020
17;2025-12-11;15;3208
17;2025-12-11;16;3674
17;2025-12-11;17;4462
17;2025-12-11;18;4892
17;2025-12-11;19;3482
17;2025-12-11;20;2441
17;2025-12-11;21;1516
17;2025-12-11;22;838
17;2025-12-11;23;388
17;2025-12-12;0;146
17;2025-12-12;1;14
17;2025-12-12;2;0
17;2025-12-12;3;0
17;2025-12-12;4;25
17;2025-12-12;5;311
17;2025-12-12;6;1522
17;2025-12-12;7;3910
17;2025-12-12;8;5112
17;2025-12-12;9;3702
17;2025-12-12;10;2956
17;2025-12-12;11;2914
17;2025-12-12;12;3014
17;2025-12-12;13;3077
17;2025-12-12;14;3116
17;2025-12-12;15;3452
17;2025-12-12;16;4055
17;2025-12-12;17;4528
17;2025-12-12;18;4332
17;2025-12-12;19;3276
17;2025-12-12;20;2344
17;2025-12-12;21;1632
17;2025-12-12;22;892
17;2025-12-12;23;459
17;2025-12-13;0;194
17;2025-12-13;1;20
17;2025-12-13;2;0
17;2025-12-13;3;0
17;2025-12-13;4;5
17;2025-12-13;5;125
17;2025-12-13;6;548
17;2025-12-13;7;1160
17;2025-12-13;8;1710
17;2025-12-13;9;2165
17;2025-12-13;10;2366
17;2025-12-13;11;2790
17;2025-12-13;12;3090
17;2025-12-13;13;3222
17;2025-12-13;14;3223
17;2025-12-13;15;3290
17;2025-12-13;16;3266
17;2025-12-13;17;3176
17;2025-12-13;18;2940
17;2025-12-13;19;2432
17;2025-12-13;20;1902
17;2025-12-13;21;1348
17;2025-12-13;22;840
17;2025-12-13;23;420
17;2025-12-14;0;170
17;2025-12-14;1;21
17;2025-12-14;2;0
17;2025-12-14;3;0
17;2025-12-14;4;4
17;2025-12-14;5;102
17;2025-12-14;6;404
17;2025-12-14;7;734
17;2025-12-14;8;1176
17;2025-12-14;9;1646
17;2025-12-14;10;1898
17;2025-12-14;11;2447
17;2025-12-14;12;2782
17;2025-12-14;13;2912
17;2025-12-14;14;3058
17;2025-12-14;15;3068
17;2025-12-14;16;2955
17;2025-12-14;17;2884
17;2025-12-14;18;2532
17;2025-12-14;19;2038
17;2025-12-14;20;1570
17;2025-12-14;21;1137
17;2025-12-14;22;688
17;2025-12-14;23;315
17;2025-12-15;0;104
17;2025-12-15;1;12
17;2025-12-15;2;0
17;2025-12-15;3;0
17;2025-12-15;4;25
17;2025-12-15;5;304
17;2025-12-15;6;1498
17;2025-12-15;7;3947
17;2025-12-15;8;5218
17;2025-12-15;9;3716
17;2025-12-15;10;2836
17;2025-12-15;11;2804
17;2025-12-15;12;2864
17;2025-12-15;13;2877
17;2025-12-15;14;2918
17;2025-12-15;15;3101
17;2025-12-15;16;3555
17;2025-12-15;17;4358
17;2025-12-15;18;4872
17;2025-12-15;19;3466
17;2025-12-15;20;2329
17;2025-12-15;21;1368
17;2025-12-15;22;737
17;2025-12-15;23;323
17;2025-12-16;0;107
17;2025-12-16;1;10
17;2025-12-16;2;0
17;2025-12-16;3;0
17;2025-12-16;4;26
17;2025-12-16;5;316
17;2025-12-16;6;1530
17;2025-12-16;7;4034
17;2025-12-16;8;5368
17;2025-12-16;9;3824
17;2025-12-16;10;2980
17;2025-12-16;11;2860
17;2025-12-16;12;2952
17;2025-12-16;13;2995
17;2025-12-16;14;3084
17;2025-12-16;15;3158
17;2025-12-16;16;3541
17;2025-12-16;17;4480
17;2025-12-16;18;4914
17;2025-12-16;19;3489
17;2025-12-16;20;2391
17;2025-12-16;21;1440
17;2025-12-16;22;774
17;2025-12-16;23;354
17;2025-12-17;0;122
17;2025-12-17;1;10
17;2025-12-17;2;0
17;2025-12-17;3;0
17;2025-12-17;4;26
17;2025-12-17;5;318
17;2025-12-17;6;1534
17;2025-12-17;7;3980
17;2025-12-17;8;5252
17;2025-12-17;9;3792
17;2025-12-17;10;3015
17;2025-12-17;11;2920
17;2025-12-17;12;2910
17;2025-12-17;13;3021
17;2025-12-17;14;3034
17;2025-12-17;15;3192
17;2025-12-17;16;3594
17;2025-12-17;17;4349
17;2025-12-17;18;4838
17;2025-12-17;19;3382
17;2025-12-17;20;2340
17;2025-12-17;21;1492
17;2025-12-17;22;814
17;2025-12-17;23;388
17;2025-12-18;0;139
17;2025-12-18;1;10
17;2025-12-18;2;0
17;2025-12-18;3;0
17;2025-12-18;4;24
17;2025-12-18;5;320
17;2025-12-18;6;1510
17;2025-12-18;7;3943
17;2025-12-18;8;5253
17;2025-12-18;9;3772
17;2025-12-18;10;2993
17;2025-12-18;11;2908
17;2025-12-18;12;2962
17;2025-12-18;13;2996
17;2025-12-18;14;3020
17;2025-12-18;15;3208
17;2025-12-18;16;3674
17;2025-12-18;17;4462
17;2025-12-18;18;4892
17;2025-12-18;19;3482
17;2025-12-18;20;2441
17;2025-12-18;21;1516
17;2025-12-18;22;838
17;2025-12-18;23;388
17;2025-12-19;0;146
17;2025-12-19;1;14
17;2025-12-19;2;0
17;2025-12-19;3;0
17;2025-12-19;4;25
17;2025-12-19;5;311
17;2025-12-19;6;1522
17;2025-12-19;7;3910
17;2025-12-19;8;5112
17;2025-12-19;9;3702
17;2025-12-19;10;2956
17;2025-12-19;11;2914
17;2025-12-19;12;3014
17;2025-12-19;13;3077
17;2025-12-19;14;3116
17;2025-12-19;15;3452
17;2025-12-19;16;4055
17;2025-12-19;17;4528
17;2025-12-19;18;4332
17;2025-12-19;19;3276
17;2025-12-19;20;2344
17;2025-12-19;21;1632
17;2025-12-19;22;892
17;2025-12-19;23;459
17;2025-12-20;0;194
17;2025-12-20;1;20
17;2025-12-20;2;0
17;2025-12-20;3;0
17;2025-12-20;4;5
17;2025-12-20;5;125
17;2025-12-20;6;548
17;2025-12-20;7;1160
17;2025-12-20;8;1710
17;2025-12-20;9;2165
17;2025-12-20;10;2366
17;2025-12-20;11;2790
17;2025-12-20;12;3090
17;2025-12-20;13;3222
17;2025-12-20;14;3223
17;2025-12-20;15;3290
17;2025-12-20;16;3266
17;2025-12-20;17;3176
17;2025-12-20;18;2940
17;2025-12-20;19;2432
17;2025-12-20;20;1902
17;2025-12-20;21;1348
17;2025-12-20;22;840
17;2025-12-20;23;420
17;2025-12-21;0;170
17;2025-12-21;1;21
17;2025-12-21;2;0
17;2025-12-21;3;0
17;2025-12-21;4;4
17;2025-12-21;5;102
17;2025-12-21;6;404
17;2025-12-21;7;734
17;2025-12-21;8;1176
17;2025-12-21;9;1646
17;2025-12-21;10;1898
17;2025-12-21;11;2447
17;2025-12-21;12;2782
17;2025-12-21;13;2912
17;2025-12-21;14;3058
17;2025-12-21;15;3068
17;2025-12-21;16;2955
17;2025-12-21;17;2884
17;2025-12-21;18;2532
17;2025-12-21;19;2038
17;2025-12-21;20;1570
17;2025-12-21;21;1137
17;2025-12-21;22;688
17;2025-12-21;23;315
17;2025-12-22;0;104
17;2025-12-22;1;12
17;2025-12-22;2;0
17;2025-12-22;3;0
17;2025-12-22;4;25
17;2025-12-22;5;304
17;2025-12-22;6;1498
17;2025-12-22;7;3947
17;2025-12-22;8;5218
17;2025-12-22;9;3716
17;2025-12-22;10;2836
17;2025-12-22;11;2804
17;2025-12-22;12;2864
17;2025-12-22;13;2877
17;2025-12-22;14;2918
17;2025-12-22;15;3101
17;2025-12-22;16;3555
17;2025-12-22;17;4358
17;2025-12-22;18;4872
17;2025-12-22;19;3466
17;2025-12-22;20;2329
17;2025-12-22;21;1368
17;2025-12-22;22;737
17;2025-12-22;23;323
17;2025-12-23;0;107
17;2025-12-23;1;10
17;2025-12-23;2;0
17;2025-12-23;3;0
17;2025-12-23;4;26
17;2025-12-23;5;316
17;2025-12-23;6;1530
17;2025-12-23;7;4034
17;2025-12-23;8;5368
17;2025-12-23;9;3824
17;2025-12-23;10;2980
17;2025-12-23;11;2860
17;2025-12-23;12;2952
17;2025-12-23;13;2995
17;2025-12-23;14;3084
17;2025-12-23;15;3158
17;2025-12-23;16;3541
17;2025-12-23;17;4480
17;2025-12-23;18;4914
17;2025-12-23;19;3489
17;2025-12-23;20;2391
17;2025-12-23;21;1440
17;2025-12-23;22;774
17;2025-12-23;23;354
17;2025-12-24;0;122
17;2025-12-24;1;10
17;2025-12-24;2;0
17;2025-12-24;3;0
17;2025-12-24;4;26
17;2025-12-24;5;318
17;2025-12-24;6;1534
17;2025-12-24;7;3980
17;2025-12-24;8;5252
17;2025-12-24;9;3792
17;2025-12-24;10;3015
17;2025-12-24;11;2920
17;2025-12-24;12;2910
17;2025-12-24;13;3021
17;2025-12-24;14;3034
17;2025-12-24;15;3192
17;2025-12-24;16;3594
17;2025-12-24;17;4349
17;2025-12-24;18;4838
17;2025-12-24;19;3382
17;2025-12-24;20;2340
17;2025-12-24;21;1492
17;2025-12-24;22;814
17;2025-12-24;23;388
17;2025-12-25;0;139
17;2025-12-25;1;10
17;2025-12-25;2;0
17;2025-12-25;3;0
17;2025-12-25;4;24
17;2025-12-25;5;320
17;2025-12-25;6;1510
17;2025-12-25;7;3943
17;2025-12-25;8;5253
17;2025-12-25;9;3772
17;2025-12-25;10;2993
17;2025-12-25;11;2908
17;2025-12-25;12;2962
17;2025-12-25;13;2996
17;2025-12-25;14;3020
17;2025-12-25;15;3208
17;2025-12-25;16;3674
17;2025-12-25;17;4462
17;2025-12-25;18;4892
17;2025-12-25;19;3482
17;2025-12-25;20;2441
17;2025-12-25;21;1516
17;2025-12-25;22;838
17;2025-12-25;23;388
17;2025-12-26;0;146
17;2025-12-26;1;14
17;2025-12-26;2;0
17;2025-12-26;3;0
17;2025-12-26;4;25
17;2025-12-26;5;311
17;2025-12-26;6;1522
17;2025-12-26;7;3910
17;2025-12-26;8;5112
17;2025-12-26;9;3702
17;2025-12-26;10;2956
17;2025-12-26;11;2914
17;2025-12-26;12;3014
17;2025-12-26;13;3077
17;2025-12-26;14;3116
17;2025-12-26;15;3452
17;2025-12-26;16;4055
17;2025-12-26;17;4528
17;2025-12-26;18;4332
17;2025-12-26;19;3276
17;2025-12-26;20;2344
17;2025-12-26;21;1632
17;2025-12-26;22;892
17;2025-12-26;23;459
17;2025-12-27;0;194
17;2025-12-27;1;20
17;2025-12-27;2;0
17;2025-12-27;3;0
17;2025-12-27;4;5
17;2025-12-27;5;125
17;2025-12-27;6;548
17;2025-12-27;7;1160
17;2025-12-27;8;1710
17;2025-12-27;9;2165
17;2025-12-27;10;2366
17;2025-12-27;11;2790
17;2025-12-27;12;3090
17;2025-12-27;13;3222
17;2025-12-27;14;3223
17;2025-12-27;15;3290
17;2025-12-27;16;3266
17;2025-12-27;17;3176
17;2025-12-27;18;2940
17;2025-12-27;19;2432
17;2025-12-27;20;1902
17;2025-12-27;21;1348
17;2025-12-27;22;840
17;2025-12-27;23;420
17;2025-12-28;0;170
17;2025-12-28;1;21
17;2025-12-28;2;0
17;2025-12-28;3;0
17;2025-12-28;4;4
17;2025-12-28;5;102
17;2025-12-28;6;404
17;2025-12-28;7;734
17;2025-12-28;8;1176
17;2025-12-28;9;1646
17;2025-12-28;10;1898
17;2025-12-28;11;2447
17;2025-12-28;12;2782
17;2025-12-28;13;2912
17;2025-12-28;14;3058
17;2025-12-28;15;3068
17;2025-12-28;16;2955
17;2025-12-28;17;2884
17;2025-12-28;18;2532
17;2025-12-28;19;2038
17;2025-12-28;20;1570
17;2025-12-28;21;1137
17;2025-12-28;22;688
17;2025-12-28;23;315
17;2025-12-29;0;104
17;2025-12-29;1;12
17;2025-12-29;2;0
17;2025-12-29;3;0
17;2025-12-29;4;25
17;2025-12-29;5;304
17;2025-12-29;6;1498
17;2025-12-29;7;3947
17;2025-12-29;8;5218
17;2025-12-29;9;3716
17;2025-12-29;10;2836
17;2025-12-29;11;2804
17;2025-12-29;12;2864
17;2025-12-29;13;2877
17;2025-12-29;14;2918
17;2025-12-29;15;3101
17;2025-12-29;16;3555
17;2025-12-29;17;4358
17;2025-12-29;18;4872
17;2025-12-29;19;3466
17;2025-12-29;20;2329
17;2025-12-29;21;1368
17;2025-12-29;22;737
17;2025-12-29;23;323
17;2025-12-30;0;107
17;2025-12-30;1;10
17;2025-12-30;2;0
17;2025-12-30;3;0
17;2025-12-30;4;26
17;2025-12-30;5;316
17;2025-12-30;6;1530
17;2025-12-30;7;4034
17;2025-12-30;8;5368
17;2025-12-30;9;3824
17;2025-12-30;10;2980
17;2025-12-30;11;2860
17;2025-12-30;12;2952
17;2025-12-30;13;2995
17;2025-12-30;14;3084
17;2025-12-30;15;3158
17;2025-12-30;16;3541
17;2025-12-30;17;4480
17;2025-12-30;18;4914
17;2025-12-30;19;3489
17;2025-12-30;20;2391
17;2025-12-30;21;1440
17;2025-12-30;22;774
17;2025-12-30;23;354
17;2025-12-31;0;170
17;2025-12-31;1;21
17;2025-12-31;2;0
17;2025-12-31;3;0
17;2025-12-31;4;4
17;2025-12-31;5;102
17;2025-12-31;6;404
17;2025-12-31;7;734
17;2025-12-31;8;1176
17;2025-12-31;9;1646
17;2025-12-31;10;1898
17;2025-12-31;11;2447
17;2025-12-31;12;2782
17;2025-12-31;13;2912
17;2025-12-31;14;3058
17;2025-12-31;15;3068
17;2025-12-31;16;2955
17;2025-12-31;17;2884
17;2025-12-31;18;2532
17;2025-12-31;19;2038
17;2025-12-31;20;1570
17;2025-12-31;21;1137
17;2025-12-31;22;688
17;2025-12-31;23;315
25;2025-11-01;0;1
25;2025-11-01;1;0
25;2025-11-01;2;0
25;2025-11-01;3;0
25;2025-11-01;4;0
25;2025-11-01;5;15
25;2025-11-01;6;237
25;2025-11-01;7;501
25;2025-11-01;8;783
25;2025-11-01;9;416
25;2025-11-01;10;370
25;2025-11-01;11;442
25;2025-11-01;12;420
25;2025-11-01;13;573
25;2025-11-01;14;506
25;2025-11-01;15;646
25;2025-11-01;16;797
25;2025-11-01;17;750
25;2025-11-01;18;688
25;2025-11-01;19;592
25;2025-11-01;20;332
25;2025-11-01;21;212
25;2025-11-01;22;109
25;2025-11-01;23;20
25;2025-11-02;0;15
25;2025-11-02;1;0
25;2025-11-02;2;0
25;2025-11-02;3;0
25;2025-11-02;4;0
25;2025-11-02;5;9
25;2025-11-02;6;95
25;2025-11-02;7;107
25;2025-11-02;8;187
25;2025-11-02;9;220
25;2025-11-02;10;223
25;2025-11-02;11;306
25;2025-11-02;12;376
25;2025-11-02;13;488
25;2025-11-02;14;547
25;2025-11-02;15;663
25;2025-11-02;16;553
25;2025-11-02;17;561
25;2025-11-02;18;450
25;2025-11-02;19;314
25;2025-11-02;20;234
25;2025-11-02;21;161
25;2025-11-02;22;98
25;2025-11-02;23;34
25;2025-11-03;0;15
25;2025-11-03;1;0
25;2025-11-03;2;0
25;2025-11-03;3;0
25;2025-11-03;4;0
25;2025-11-03;5;9
25;2025-11-03;6;95
25;2025-11-03;7;107
25;2025-11-03;8;187
25;2025-11-03;9;220
25;2025-11-03;10;223
25;2025-11-03;11;306
25;2025-11-03;12;376
25;2025-11-03;13;488
25;2025-11-03;14;547
25;2025-11-03;15;663
25;2025-11-03;16;553
25;2025-11-03;17;561
25;2025-11-03;18;450
25;2025-11-03;19;314
25;2025-11-03;20;234
25;2025-11-03;21;161
25;2025-11-03;22;98
25;2025-11-03;23;34
25;2025-11-04;0;15
25;2025-11-04;1;0
25;2025-11-04;2;0
25;2025-11-04;3;0
25;2025-11-04;4;0
25;2025-11-04;5;9
25;2025-11-04;6;95
25;2025-11-04;7;107
25;2025-11-04;8;187
25;2025-11-04;9;220
25;2025-11-04;10;223
25;2025-11-04;11;306
25;2025-11-04;12;376
25;2025-11-04;13;488
25;2025-11-04;14;547
25;2025-11-04;15;663
25;2025-11-04;16;553
25;2025-11-04;17;561
25;2025-11-04;18;450
25;2025-11-04;19;314
25;2025-11-04;20;234
25;2025-11-04;21;161
25;2025-11-04;22;98
25;2025-11-04;23;34
25;2025-11-05;0;1
25;2025-11-05;1;0
25;2025-11-05;2;0
25;2025-11-05;3;0
25;2025-11-05;4;0
25;2025-11-05;5;18
25;2025-11-05;6;239
25;2025-11-05;7;541
25;2025-11-05;8;921
25;2025-11-05;9;480
25;2025-11-05;10;396
25;2025-11-05;11;465
25;2025-11-05;12;463
25;2025-11-05;13;606
25;2025-11-05;14;396
25;2025-11-05;15;587
25;2025-11-05;16;667
25;2025-11-05;17;877
25;2025-11-05;18;897
25;2025-11-05;19;657
25;2025-11-05;20;346
25;2025-11-05;21;269
25;2025-11-05;22;110
25;2025-11-05;23;9
25;2025-11-06;0;2
25;2025-11-06;1;0
25;2025-11-06;2;0
25;2025-11-06;3;0
25;2025-11-06;4;0
25;2025-11-06;5;19
25;2025-11-06;6;248
25;2025-11-06;7;551
25;2025-11-06;8;894
25;2025-11-06;9;456
25;2025-11-06;10;399
25;2025-11-06;11;442
25;2025-11-06;12;426
25;2025-11-06;13;555
25;2025-11-06;14;545
25;2025-11-06;15;628
25;2025-11-06;16;702
25;2025-11-06;17;744
25;2025-11-06;18;783
25;2025-11-06;19;600
25;2025-11-06;20;299
25;2025-11-06;21;215
25;2025-11-06;22;91
25;2025-11-06;23;4
25;2025-11-07;0;0
25;2025-11-07;1;0
25;2025-11-07;2;0
25;2025-11-07;3;0
25;2025-11-07;4;0
25;2025-11-07;5;15
25;2025-11-07;6;258
25;2025-11-07;7;565
25;2025-11-07;8;864
25;2025-11-07;9;437
25;2025-11-07;10;384
25;2025-11-07;11;453
25;2025-11-07;12;424
25;2025-11-07;13;562
25;2025-11-07;14;485
25;2025-11-07;15;631
25;2025-11-07;16;822
25;2025-11-07;17;784
25;2025-11-07;18;717
25;2025-11-07;19;618
25;2025-11-07;20;345
25;2025-11-07;21;214
25;2025-11-07;22;107
25;2025-11-07;23;15
25;2025-11-08;0;5
25;2025-11-08;1;0
25;2025-11-08;2;0
25;2025-11-08;3;0
25;2025-11-08;4;0
25;2025-11-08;5;17
25;2025-11-08;6;118
25;2025-11-08;7;137
25;2025-11-08;8;322
25;2025-11-08;9;298
25;2025-11-08;10;290
25;2025-11-08;11;384
25;2025-11-08;12;394
25;2025-11-08;13;631
25;2025-11-08;14;630
25;2025-11-08;15;732
25;2025-11-08;16;659
25;2025-11-08;17;553
25;2025-11-08;18;523
25;2025-11-08;19;446
25;2025-11-08;20;262
25;2025-11-08;21;196
25;2025-11-08;22;119
25;2025-11-08;23;46
25;2025-11-09;0;15
25;2025-11-09;1;0
25;2025-11-09;2;0
25;2025-11-09;3;0
25;2025-11-09;4;0
25;2025-11-09;5;9
25;2025-11-09;6;95
25;2025-11-09;7;107
25;2025-11-09;8;187
25;2025-11-09;9;220
25;2025-11-09;10;223
25;2025-11-09;11;306
25;2025-11-09;12;376
25;2025-11-09;13;488
25;2025-11-09;14;547
25;2025-11-09;15;663
25;2025-11-09;16;553
25;2025-11-09;17;561
25;2025-11-09;18;450
25;2025-11-09;19;314
25;2025-11-09;20;234
25;2025-11-09;21;161
25;2025-11-09;22;98
25;2025-11-09;23;34
25;2025-11-10;0;8
25;2025-11-10;1;0
25;2025-11-10;2;0
25;2025-11-10;3;0
25;2025-11-10;4;0
25;2025-11-10;5;16
25;2025-11-10;6;231
25;2025-11-10;7;530
25;2025-11-10;8;947
25;2025-11-10;9;530
25;2025-11-10;10;342
25;2025-11-10;11;410
25;2025-11-10;12;414
25;2025-11-10;13;574
25;2025-11-10;14;467
25;2025-11-10;15;507
25;2025-11-10;16;692
25;2025-11-10;17;757
25;2025-11-10;18;769
25;2025-11-10;19;585
25;2025-11-10;20;321
25;2025-11-10;21;210
25;2025-11-10;22;90
25;2025-11-10;23;11
25;2025-11-11;0;3
25;2025-11-11;1;0
25;2025-11-11;2;0
25;2025-11-11;3;0
25;2025-11-11;4;0
25;2025-11-11;5;15
25;2025-11-11;6;231
25;2025-11-11;7;537
25;2025-11-11;8;956
25;2025-11-11;9;458
25;2025-11-11;10;365
25;2025-11-11;11;425
25;2025-11-11;12;408
25;2025-11-11;13;492
25;2025-11-11;14;463
25;2025-11-11;15;568
25;2025-11-11;16;675
25;2025-11-11;17;733
25;2025-11-11;18;726
25;2025-11-11;19;563
25;2025-11-11;20;332
25;2025-11-11;21;218
25;2025-11-11;22;87
25;2025-11-11;23;8
25;2025-11-12;0;1
25;2025-11-12;1;0
25;2025-11-12;2;0
25;2025-11-12;3;0
25;2025-11-12;4;0
25;2025-11-12;5;18
25;2025-11-12;6;239
25;2025-11-12;7;541
25;2025-11-12;8;921
25;2025-11-12;9;480
25;2025-11-12;10;396
25;2025-11-12;11;465
25;2025-11-12;12;463
25;2025-11-12;13;606
25;2025-11-12;14;396
25;2025-11-12;15;587
25;2025-11-12;16;667
25;2025-11-12;17;877
25;2025-11-12;18;897
25;2025-11-12;19;657
25;2025-11-12;20;346
25;2025-11-12;21;269
25;2025-11-12;22;110
25;2025-11-12;23;9
25;2025-11-13;0;2
25;2025-11-13;1;0
25;2025-11-13;2;0
25;2025-11-13;3;0
25;2025-11-13;4;0
25;2025-11-13;5;19
25;2025-11-13;6;248
25;2025-11-13;7;551
25;2025-11-13;8;894
25;2025-11-13;9;456
25;2025-11-13;10;399
25;2025-11-13;11;442
25;2025-11-13;12;426
25;2025-11-13;13;555
25;2025-11-13;14;545
25;2025-11-13;15;628
25;2025-11-13;16;702
25;2025-11-13;17;744
25;2025-11-13;18;783
25;2025-11-13;19;600
25;2025-11-13;20;299
25;2025-11-13;21;215
25;2025-11-13;22;91
25;2025-11-13;23;4
25;2025-11-14;0;0
25;2025-11-14;1;0
25;2025-11-14;2;0
25;2025-11-14;3;0
25;2025-11-14;4;0
25;2025-11-14;5;15
25;2025-11-14;6;258
25;2025-11-14;7;565
25;2025-11-14;8;864
25;2025-11-14;9;437
25;2025-11-14;10;384
25;2025-11-14;11;453
25;2025-11-14;12;424
25;2025-11-14;13;562
25;2025-11-14;14;485
25;2025-11-14;15;631
25;2025-11-14;16;822
25;2025-11-14;17;784
25;2025-11-14;18;717
25;2025-11-14;19;618
25;2025-11-14;20;345
25;2025-11-14;21;214
25;2025-11-14;22;107
25;2025-11-14;23;15
25;2025-11-15;0;5
25;2025-11-15;1;0
25;2025-11-15;2;0
25;2025-11-15;3;0
25;2025-11-15;4;0
25;2025-11-15;5;17
25;2025-11-15;6;118
25;2025-11-15;7;137
25;2025-11-15;8;322
25;2025-11-15;9;298
25;2025-11-15;10;290
25;2025-11-15;11;384
25;2025-11-15;12;394
25;2025-11-15;13;631
25;2025-11-15;14;630
25;2025-11-15;15;732
25;2025-11-15;16;659
25;2025-11-15;17;553
25;2025-11-15;18;523
25;2025-11-15;19;446
25;2025-11-15;20;262
25;2025-11-15;21;196
25;2025-11-15;22;119
25;2025-11-15;23;46
25;2025-11-16;0;15
25;2025-11-16;1;0
25;2025-11-16;2;0
25;2025-11-16;3;0
25;2025-11-16;4;0
25;2025-11-16;5;9
25;2025-11-16;6;95
25;2025-11-16;7;107
25;2025-11-16;8;187
25;2025-11-16;9;220
25;2025-11-16;10;223
25;2025-11-16;11;306
25;2025-11-16;12;376
25;2025-11-16;13;488
25;2025-11-16;14;547
25;2025-11-16;15;663
25;2025-11-16;16;553
25;2025-11-16;17;561
25;2025-11-16;18;450
25;2025-11-16;19;314
25;2025-11-16;20;234
25;2025-11-16;21;161
25;2025-11-16;22;98
25;2025-11-16;23;34
25;2025-11-17;0;8
25;2025-11-17;1;0
25;2025-11-17;2;0
25;2025-11-17;3;0
25;2025-11-17;4;0
25;2025-11-17;5;16
25;2025-11-17;6;231
25;2025-11-17;7;530
25;2025-11-17;8;947
25;2025-11-17;9;530
25;2025-11-17;10;342
25;2025-11-17;11;410
25;2025-11-17;12;414
25;2025-11-17;13;574
25;2025-11-17;14;467
25;2025-11-17;15;507
25;2025-11-17;16;692
25;2025-11-17;17;757
25;2025-11-17;18;769
25;2025-11-17;19;585
25;2025-11-17;20;321
25;2025-11-17;21;210
25;2025-11-17;22;90
25;2025-11-17;23;11
25;2025-11-18;0;3
25;2025-11-18;1;0
25;2025-11-18;2;0
25;2025-11-18;3;0
25;2025-11-18;4;0
25;2025-11-18;5;15
25;2025-11-18;6;231
25;2025-11-18;7;537
25;2025-11-18;8;956
25;2025-11-18;9;458
25;2025-11-18;10;365
25;2025-11-18;11;425
25;2025-11-18;12;408
25;2025-11-18;13;492
25;2025-11-18;14;463
25;2025-11-18;15;568
25;2025-11-18;16;675
25;2025-11-18;17;733
25;2025-11-18;18;726
25;2025-11-18;19;563
25;2025-11-18;20;332
25;2025-11-18;21;218
25;2025-11-18;22;87
25;2025-11-18;23;8
25;2025-11-19;0;1
25;2025-11-19;1;0
25;2025-11-19;2;0
25;2025-11-19;3;0
25;2025-11-19;4;0
25;2025-11-19;5;18
25;2025-11-19;6;239
25;2025-11-19;7;541
25;2025-11-19;8;921
25;2025-11-19;9;480
25;2025-11-19;10;396
25;2025-11-19;11;465
25;2025-11-19;12;463
25;2025-11-19;13;606
25;2025-11-19;14;396
25;2025-11-19;15;587
25;2025-11-19;16;667
25;2025-11-19;17;877
25;2025-11-19;18;897
25;2025-11-19;19;657
25;2025-11-19;20;346
25;2025-11-19;21;269
25;2025-11-19;22;110
25;2025-11-19;23;9
25;2025-11-20;0;2
25;2025-11-20;1;0
25;2025-11-20;2;0
25;2025-11-20;3;0
25;2025-11-20;4;0
25;2025-11-20;5;19
25;2025-11-20;6;248
25;2025-11-20;7;551
25;2025-11-20;8;894
25;2025-11-20;9;456
25;2025-11-20;10;399
25;2025-11-20;11;442
25;2025-11-20;12;426
25;2025-11-20;13;555
25;2025-11-20;14;545
25;2025-11-20;15;628
25;2025-11-20;16;702
25;2025-11-20;17;744
25;2025-11-20;18;783
25;2025-11-20;19;600
25;2025-11-20;20;299
25;2025-11-20;21;215
25;2025-11-20;22;91
25;2025-11-20;23;4
25;2025-11-21;0;0
25;2025-11-21;1;0
25;2025-11-21;2;0
25;2025-11-21;3;0
25;2025-11-21;4;0
25;2025-11-21;5;15
25;2025-11-21;6;258
25;2025-11-21;7;565
25;2025-11-21;8;864
25;2025-11-21;9;437
25;2025-11-21;10;384
25;2025-11-21;11;453
25;2025-11-21;12;424
25;2025-11-21;13;562
25;2025-11-21;14;485
25;2025-11-21;15;631
25;2025-11-21;16;822
25;2025-11-21;17;784
25;2025-11-21;18;717
25;2025-11-21;19;618
25;2025-11-21;20;345
25;2025-11-21;21;214
25;2025-11-21;22;107
25;2025-11-21;23;15
25;2025-11-22;0;5
25;2025-11-22;1;0
25;2025-11-22;2;0
25;2025-11-22;3;0
25;2025-11-22;4;0
25;2025-11-22;5;17
25;2025-11-22;6;118
25;2025-11-22;7;137
25;2025-11-22;8;322
25;2025-11-22;9;298
25;2025-11-22;10;290
25;2025-11-22;11;384
25;2025-11-22;12;394
25;2025-11-22;13;631
25;2025-11-22;14;630
25;2025-11-22;15;732
25;2025-11-22;16;659
25;2025-11-22;17;553
25;2025-11-22;18;523
25;2025-11-22;19;446
25;2025-11-22;20;262
25;2025-11-22;21;196
25;2025-11-22;22;119
25;2025-11-22;23;46
25;2025-11-23;0;15
25;2025-11-23;1;0
25;2025-11-23;2;0
25;2025-11-23;3;0
25;2025-11-23;4;0
25;2025-11-23;5;9
25;2025-11-23;6;95
25;2025-11-23;7;107
25;2025-11-23;8;187
25;2025-11-23;9;220
25;2025-11-23;10;223
25;2025-11-23;11;306
25;2025-11-23;12;376
25;2025-11-23;13;488
25;2025-11-23;14;547
25;2025-11-23;15;663
25;2025-11-23;16;553
25;2025-11-23;17;561
25;2025-11-23;18;450
25;2025-11-23;19;314
25;2025-11-23;20;234
25;2025-11-23;21;161
25;2025-11-23;22;98
25;2025-11-23;23;34
25;2025-11-24;0;8
25;2025-11-24;1;0
25;2025-11-24;2;0
25;2025-11-24;3;0
25;2025-11-24;4;0
25;2025-11-24;5;16
25;2025-11-24;6;231
25;2025-11-24;7;530
25;2025-11-24;8;947
25;2025-11-24;9;530
25;2025-11-24;10;342
25;2025-11-24;11;410
25;2025-11-24;12;414
25;2025-11-24;13;574
25;2025-11-24;14;467
25;2025-11-24;15;507
25;2025-11-24;16;692
25;2025-11-24;17;757
25;2025-11-24;18;769
25;2025-11-24;19;585
25;2025-11-24;20;321
25;2025-11-24;21;210
25;2025-11-24;22;90
25;2025-11-24;23;11
25;2025-11-25;0;3
25;2025-11-25;1;0
25;2025-11-25;2;0
25;2025-11-25;3;0
25;2025-11-25;4;0
25;2025-11-25;5;15
25;2025-11-25;6;231
25;2025-11-25;7;537
25;2025-11-25;8;956
25;2025-11-25;9;458
25;2025-11-25;10;365
25;2025-11-25;11;425
25;2025-11-25;12;408
25;2025-11-25;13;492
25;2025-11-25;14;463
25;2025-11-25;15;568
25;2025-11-25;16;675
25;2025-11-25;17;733
25;2025-11-25;18;726
25;2025-11-25;19;563
25;2025-11-25;20;332
25;2025-11-25;21;218
25;2025-11-25;22;87
25;2025-11-25;23;8
25;2025-11-26;0;1
25;2025-11-26;1;0
25;2025-11-26;2;0
25;2025-11-26;3;0
25;2025-11-26;4;0
25;2025-11-26;5;18
25;2025-11-26;6;239
25;2025-11-26;7;541
25;2025-11-26;8;921
25;2025-11-26;9;480
25;2025-11-26;10;396
25;2025-11-26;11;465
25;2025-11-26;12;463
25;2025-11-26;13;606
25;2025-11-26;14;396
25;2025-11-26;15;587
25;2025-11-26;16;667
25;2025-11-26;17;877
25;2025-11-26;18;897
25;2025-11-26;19;657
25;2025-11-26;20;346
25;2025-11-26;21;269
25;2025-11-26;22;110
25;2025-11-26;23;9
25;2025-11-27;0;2
25;2025-11-27;1;0
25;2025-11-27;2;0
25;2025-11-27;3;0
25;2025-11-27;4;0
25;2025-11-27;5;19
25;2025-11-27;6;248
25;2025-11-27;7;551
25;2025-11-27;8;894
25;2025-11-27;9;456
25;2025-11-27;10;399
25;2025-11-27;11;442
25;2025-11-27;12;426
25;2025-11-27;13;555
25;2025-11-27;14;545
25;2025-11-27;15;628
25;2025-11-27;16;702
25;2025-11-27;17;744
25;2025-11-27;18;783
25;2025-11-27;19;600
25;2025-11-27;20;299
25;2025-11-27;21;215
25;2025-11-27;22;91
25;2025-11-27;23;4
25;2025-11-28;0;0
25;2025-11-28;1;0
25;2025-11-28;2;0
25;2025-11-28;3;0
25;2025-11-28;4;0
25;2025-11-28;5;15
25;2025-11-28;6;258
25;2025-11-28;7;565
25;2025-11-28;8;864
25;2025-11-28;9;437
25;2025-11-28;10;384
25;2025-11-28;11;453
25;2025-11-28;12;424
25;2025-11-28;13;562
25;2025-11-28;14;485
25;2025-11-28;15;631
25;2025-11-28;16;822
25;2025-11-28;17;784
25;2025-11-28;18;717
25;2025-11-28;19;618
25;2025-11-28;20;345
25;2025-11-28;21;214
25;2025-11-28;22;107
25;2025-11-28;23;15
25;2025-11-29;0;5
25;2025-11-29;1;0
25;2025-11-29;2;0
25;2025-11-29;3;0
25;2025-11-29;4;0
25;2025-11-29;5;17
25;2025-11-29;6;118
25;2025-11-29;7;137
25;2025-11-29;8;322
25;2025-11-29;9;298
25;2025-11-29;10;290
25;2025-11-29;11;384
25;2025-11-29;12;394
25;2025-11-29;13;631
25;2025-11-29;14;630
25;2025-11-29;15;732
25;2025-11-29;16;659
25;2025-11-29;17;553
25;2025-11-29;18;523
25;2025-11-29;19;446
25;2025-11-29;20;262
25;2025-11-29;21;196
25;2025-11-29;22;119
25;2025-11-29;23;46
25;2025-11-30;0;15
25;2025-11-30;1;0
25;2025-11-30;2;0
25;2025-11-30;3;0
25;2025-11-30;4;0
25;2025-11-30;5;9
25;2025-11-30;6;95
25;2025-11-30;7;107
25;2025-11-30;8;187
25;2025-11-30;9;220
25;2025-11-30;10;223
25;2025-11-30;11;306
25;2025-11-30;12;376
25;2025-11-30;13;488
25;2025-11-30;14;547
25;2025-11-30;15;663
25;2025-11-30;16;553
25;2025-11-30;17;561
25;2025-11-30;18;450
25;2025-11-30;19;314
25;2025-11-30;20;234
25;2025-11-30;21;161
25;2025-11-30;22;98
25;2025-11-30;23;34
25;2025-12-01;0;8
25;2025-12-01;1;0
25;2025-12-01;2;0
25;2025-12-01;3;0
25;2025-12-01;4;0
25;2025-12-01;5;16
25;2025-12-01;6;231
25;2025-12-01;7;530
25;2025-12-01;8;947
25;2025-12-01;9;530
25;2025-12-01;10;342
25;2025-12-01;11;410
25;2025-12-01;12;414
25;2025-12-01;13;574
25;2025-12-01;14;467
25;2025-12-01;15;507
25;2025-12-01;16;692
25;2025-12-01;17;757
25;2025-12-01;18;769
25;2025-12-01;19;585
25;2025-12-01;20;321
25;2025-12-01;21;210
25;2025-12-01;22;90
25;2025-12-01;23;11
25;2025-12-02;0;3
25;2025-12-02;1;0
25;2025-12-02;2;0
25;2025-12-02;3;0
25;2025-12-02;4;0
25;2025-12-02;5;15
25;2025-12-02;6;231
25;2025-12-02;7;537
25;2025-12-02;8;956
25;2025-12-02;9;458
25;2025-12-02;10;365
25;2025-12-02;11;425
25;2025-12-02;12;408
25;2025-12-02;13;492
25;2025-12-02;14;463
25;2025-12-02;15;568
25;2025-12-02;16;675
25;2025-12-02;17;733
25;2025-12-02;18;726
25;2025-12-02;19;563
25;2025-12-02;20;332
25;2025-12-02;21;218
25;2025-12-02;22;87
25;2025-12-02;23;8
25;2025-12-03;0;1
25;2025-12-03;1;0
25;2025-12-03;2;0
25;2025-12-03;3;0
25;2025-12-03;4;0
25;2025-12-03;5;18
25;2025-12-03;6;239
25;2025-12-03;7;541
25;2025-12-03;8;921
25;2025-12-03;9;480
25;2025-12-03;10;396
25;2025-12-03;11;465
25;2025-12-03;12;463
25;2025-12-03;13;606
25;2025-12-03;14;396
25;2025-12-03;15;587
25;2025-12-03;16;667
25;2025-12-03;17;877
25;2025-12-03;18;897
25;2025-12-03;19;657
25;2025-12-03;20;346
25;2025-12-03;21;269
25;2025-12-03;22;110
25;2025-12-03;23;9
25;2025-12-04;0;2
25;2025-12-04;1;0
25;2025-12-04;2;0
25;2025-12-04;3;0
25;2025-12-04;4;0
25;2025-12-04;5;19
25;2025-12-04;6;248
25;2025-12-04;7;551
25;2025-12-04;8;894
25;2025-12-04;9;456
25;2025-12-04;10;399
25;2025-12-04;11;442
25;2025-12-04;12;426
25;2025-12-04;13;555
25;2025-12-04;14;545
25;2025-12-04;15;628
25;2025-12-04;16;702
25;2025-12-04;17;744
25;2025-12-04;18;783
25;2025-12-04;19;600
25;2025-12-04;20;299
25;2025-12-04;21;215
25;2025-12-04;22;91
25;2025-12-04;23;4
25;2025-12-05;0;0
25;2025-12-05;1;0
25;2025-12-05;2;0
25;2025-12-05;3;0
25;2025-12-05;4;0
25;2025-12-05;5;15
25;2025-12-05;6;258
25;2025-12-05;7;565
25;2025-12-05;8;864
25;2025-12-05;9;437
25;2025-12-05;10;384
25;2025-12-05;11;453
25;2025-12-05;12;424
25;2025-12-05;13;562
25;2025-12-05;14;485
25;2025-12-05;15;631
25;2025-12-05;16;822
25;2025-12-05;17;784
25;2025-12-05;18;717
25;2025-12-05;19;618
25;2025-12-05;20;345
25;2025-12-05;21;214
25;2025-12-05;22;107
25;2025-12-05;23;15
25;2025-12-06;0;5
25;2025-12-06;1;0
25;2025-12-06;2;0
25;2025-12-06;3;0
25;2025-12-06;4;0
25;2025-12-06;5;17
25;2025-12-06;6;118
25;2025-12-06;7;137
25;2025-12-06;8;322
25;2025-12-06;9;298
25;2025-12-06;10;290
25;2025-12-06;11;384
25;2025-12-06;12;394
25;2025-12-06;13;631
25;2025-12-06;14;630
25;2025-12-06;15;732
25;2025-12-06;16;659
25;2025-12-06;17;553
25;2025-12-06;18;523
25;2025-12-06;19;446
25;2025-12-06;20;262
25;2025-12-06;21;196
25;2025-12-06;22;119
25;2025-12-06;23;46
25;2025-12-07;0;15
25;2025-12-07;1;0
25;2025-12-07;2;0
25;2025-12-07;3;0
25;2025-12-07;4;0
25;2025-12-07;5;9
25;2025-12-07;6;95
25;2025-12-07;7;107
25;2025-12-07;8;187
25;2025-12-07;9;220
25;2025-12-07;10;223
25;2025-12-07;11;306
25;2025-12-07;12;376
25;2025-12-07;13;488
25;2025-12-07;14;547
25;2025-12-07;15;663
25;2025-12-07;16;553
25;2025-12-07;17;561
25;2025-12-07;18;450
25;2025-12-07;19;314
25;2025-12-07;20;234
25;2025-12-07;21;161
25;2025-12-07;22;98
25;2025-12-07;23;34
25;2025-12-08;0;8
25;2025-12-08;1;0
25;2025-12-08;2;0
25;2025-12-08;3;0
25;2025-12-08;4;0
25;2025-12-08;5;16
25;2025-12-08;6;231
25;2025-12-08;7;530
25;2025-12-08;8;947
25;2025-12-08;9;530
25;2025-12-08;10;342
25;2025-12-08;11;410
25;2025-12-08;12;414
25;2025-12-08;13;574
25;2025-12-08;14;467
25;2025-12-08;15;507
25;2025-12-08;16;692
25;2025-12-08;17;757
25;2025-12-08;18;769
25;2025-12-08;19;585
25;2025-12-08;20;321
25;2025-12-08;21;210
25;2025-12-08;22;90
25;2025-12-08;23;11
25;2025-12-09;0;3
25;2025-12-09;1;0
25;2025-12-09;2;0
25;2025-12-09;3;0
25;2025-12-09;4;0
25;2025-12-09;5;15
25;2025-12-09;6;231
25;2025-12-09;7;537
25;2025-12-09;8;956
25;2025-12-09;9;458
25;2025-12-09;10;365
25;2025-12-09;11;425
25;2025-12-09;12;408
25;2025-12-09;13;492
25;2025-12-09;14;463
25;2025-12-09;15;568
25;2025-12-09;16;675
25;2025-12-09;17;733
25;2025-12-09;18;726
25;2025-12-09;19;563
25;2025-12-09;20;332
25;2025-12-09;21;218
25;2025-12-09;22;87
25;2025-12-09;23;8
25;2025-12-10;0;1
25;2025-12-10;1;0
25;2025-12-10;2;0
25;2025-12-10;3;0
25;2025-12-10;4;0
25;2025-12-10;5;18
25;2025-12-10;6;239
25;2025-12-10;7;541
25;2025-12-10;8;921
25;2025-12-10;9;480
25;2025-12-10;10;396
25;2025-12-10;11;465
25;2025-12-10;12;463
25;2025-12-10;13;606
25;2025-12-10;14;396
25;2025-12-10;15;587
25;2025-12-10;16;667
25;2025-12-10;17;877
25;2025-12-10;18;897
25;2025-12-10;19;657
25;2025-12-10;20;346
25;2025-12-10;21;269
25;2025-12-10;22;110
25;2025-12-10;23;9
25;2025-12-11;0;2
25;2025-12-11;1;0
25;2025-12-11;2;0
25;2025-12-11;3;0
25;2025-12-11;4;0
25;2025-12-11;5;19
25;2025-12-11;6;248
25;2025-12-11;7;551
25;2025-12-11;8;894
25;2025-12-11;9;456
25;2025-12-11;10;399
25;2025-12-11;11;442
25;2025-12-11;12;426
25;2025-12-11;13;555
25;2025-12-11;14;545
25;2025-12-11;15;628
25;2025-12-11;16;702
25;2025-12-11;17;744
25;2025-12-11;18;783
25;2025-12-11;19;600
25;2025-12-11;20;299
25;2025-12-11;21;215
25;2025-12-11;22;91
25;2025-12-11;23;4
25;2025-12-12;0;0
25;2025-12-12;1;0
25;2025-12-12;2;0
25;2025-12-12;3;0
25;2025-12-12;4;0
25;2025-12-12;5;15
25;2025-12-12;6;258
25;2025-12-12;7;565
25;2025-12-12;8;864
25;2025-12-12;9;437
25;2025-12-12;10;384
25;2025-12-12;11;453
25;2025-12-12;12;424
25;2025-12-12;13;562
25;2025-12-12;14;485
25;2025-12-12;15;631
25;2025-12-12;16;822
25;2025-12-12;17;784
25;2025-12-12;18;717
25;2025-12-12;19;618
25;2025-12-12;20;345
25;2025-12-12;21;214
25;2025-12-12;22;107
25;2025-12-12;23;15
25;2025-12-13;0;5
25;2025-12-13;1;0
25;2025-12-13;2;0
25;2025-12-13;3;0
25;2025-12-13;4;0
25;2025-12-13;5;17
25;2025-12-13;6;118
25;2025-12-13;7;137
25;2025-12-13;8;322
25;2025-12-13;9;298
25;2025-12-13;10;290
25;2025-12-13;11;384
25;2025-12-13;12;394
25;2025-12-13;13;631
25;2025-12-13;14;630
25;2025-12-13;15;732
25;2025-12-13;16;659
25;2025-12-13;17;553
25;2025-12-13;18;523
25;2025-12-13;19;446
25;2025-12-13;20;262
25;2025-12-13;21;196
25;2025-12-13;22;119
25;2025-12-13;23;46
25;2025-12-14;0;15
25;2025-12-14;1;0
25;2025-12-14;2;0
25;2025-12-14;3;0
25;2025-12-14;4;0
25;2025-12-14;5;9
25;2025-12-14;6;95
25;2025-12-14;7;107
25;2025-12-14;8;187
25;2025-12-14;9;220
25;2025-12-14;10;223
25;2025-12-14;11;306
25;2025-12-14;12;376
25;2025-12-14;13;488
25;2025-12-14;14;547
25;2025-12-14;15;663
25;2025-12-14;16;553
25;2025-12-14;17;561
25;2025-12-14;18;450
25;2025-12-14;19;314
25;2025-12-14;20;234
25;2025-12-14;21;161
25;2025-12-14;22;98
25;2025-12-14;23;34
25;2025-12-15;0;8
25;2025-12-15;1;0
25;2025-12-15;2;0
25;2025-12-15;3;0
25;2025-12-15;4;0
25;2025-12-15;5;16
25;2025-12-15;6;231
25;2025-12-15;7;530
25;2025-12-15;8;947
25;2025-12-15;9;530
25;2025-12-15;10;342
25;2025-12-15;11;410
25;2025-12-15;12;414
25;2025-12-15;13;574
25;2025-12-15;14;467
25;2025-12-15;15;507
25;2025-12-15;16;692
25;2025-12-15;17;757
25;2025-12-15;18;769
25;2025-12-15;19;585
25;2025-12-15;20;321
25;2025-12-15;21;210
25;2025-12-15;22;90
25;2025-12-15;23;11
25;2025-12-16;0;3
25;2025-12-16;1;0
25;2025-12-16;2;0
25;2025-12-16;3;0
25;2025-12-16;4;0
25;2025-12-16;5;15
25;2025-12-16;6;231
25;2025-12-16;7;537
25;2025-12-16;8;956
25;2025-12-16;9;458
25;2025-12-16;10;365
25;2025-12-16;11;425
25;2025-12-16;12;408
25;2025-12-16;13;492
25;2025-12-16;14;463
25;2025-12-16;15;568
25;2025-12-16;16;675
25;2025-12-16;17;733
25;2025-12-16;18;726
25;2025-12-16;19;563
25;2025-12-16;20;332
25;2025-12-16;21;218
25;2025-12-16;22;87
25;2025-12-16;23;8
25;2025-12-17;0;1
25;2025-12-17;1;0
25;2025-12-17;2;0
25;2025-12-17;3;0
25;2025-12-17;4;0
25;2025-12-17;5;18
25;2025-12-17;6;239
25;2025-12-17;7;541
25;2025-12-17;8;921
25;2025-12-17;9;480
25;2025-12-17;10;396
25;2025-12-17;11;465
25;2025-12-17;12;463
25;2025-12-17;13;606
25;2025-12-17;14;396
25;2025-12-17;15;587
25;2025-12-17;16;667
25;2025-12-17;17;877
25;2025-12-17;18;897
25;2025-12-17;19;657
25;2025-12-17;20;346
25;2025-12-17;21;269
25;2025-12-17;22;110
25;2025-12-17;23;9
25;2025-12-18;0;2
25;2025-12-18;1;0
25;2025-12-18;2;0
25;2025-12-18;3;0
25;2025-12-18;4;0
25;2025-12-18;5;19
25;2025-12-18;6;248
25;2025-12-18;7;551
25;2025-12-18;8;894
25;2025-12-18;9;456
25;2025-12-18;10;399
25;2025-12-18;11;442
25;2025-12-18;12;426
25;2025-12-18;13;555
25;2025-12-18;14;545
25;2025-12-18;15;628
25;2025-12-18;16;702
25;2025-12-18;17;744
25;2025-12-18;18;783
25;2025-12-18;19;600
25;2025-12-18;20;299
25;2025-12-18;21;215
25;2025-12-18;22;91
25;2025-12-18;23;4
25;2025-12-19;0;0
25;2025-12-19;1;0
25;2025-12-19;2;0
25;2025-12-19;3;0
25;2025-12-19;4;0
25;2025-12-19;5;15
25;2025-12-19;6;258
25;2025-12-19;7;565
25;2025-12-19;8;864
25;2025-12-19;9;437
25;2025-12-19;10;384
25;2025-12-19;11;453
25;2025-12-19;12;424
25;2025-12-19;13;562
25;2025-12-19;14;485
25;2025-12-19;15;631
25;2025-12-19;16;822
25;2025-12-19;17;784
25;2025-12-19;18;717
25;2025-12-19;19;618
25;2025-12-19;20;345
25;2025-12-19;21;214
25;2025-12-19;22;107
25;2025-12-19;23;15
25;2025-12-20;0;5
25;2025-12-20;1;0
25;2025-12-20;2;0
25;2025-12-20;3;0
25;2025-12-20;4;0
25;2025-12-20;5;17
25;2025-12-20;6;118
25;2025-12-20;7;137
25;2025-12-20;8;322
25;2025-12-20;9;298
25;2025-12-20;10;290
25;2025-12-20;11;384
25;2025-12-20;12;394
25;2025-12-20;13;631
25;2025-12-20;14;630
25;2025-12-20;15;732
25;2025-12-20;16;659
25;2025-12-20;17;553
25;2025-12-20;18;523
25;2025-12-20;19;446
25;2025-12-20;20;262
25;2025-12-20;21;196
25;2025-12-20;22;119
25;2025-12-20;23;46
25;2025-12-21;0;15
25;2025-12-21;1;0
25;2025-12-21;2;0
25;2025-12-21;3;0
25;2025-12-21;4;0
25;2025-12-21;5;9
25;2025-12-21;6;95
25;2025-12-21;7;107
25;2025-12-21;8;187
25;2025-12-21;9;220
25;2025-12-21;10;223
25;2025-12-21;11;306
25;2025-12-21;12;376
25;2025-12-21;13;488
25;2025-12-21;14;547
25;2025-12-21;15;663
25;2025-12-21;16;553
25;2025-12-21;17;561
25;2025-12-21;18;450
25;2025-12-21;19;314
25;2025-12-21;20;234
25;2025-12-21;21;161
25;2025-12-21;22;98
25;2025-12-21;23;34
25;2025-12-22;0;8
25;2025-12-22;1;0
25;2025-12-22;2;0
25;2025-12-22;3;0
25;2025-12-22;4;0
25;2025-12-22;5;16
25;2025-12-22;6;231
25;2025-12-22;7;530
25;2025-12-22;8;947
25;2025-12-22;9;530
25;2025-12-22;10;342
25;2025-12-22;11;410
25;2025-12-22;12;414
25;2025-12-22;13;574
25;2025-12-22;14;467
25;2025-12-22;15;507
25;2025-12-22;16;692
25;2025-12-22;17;757
25;2025-12-22;18;769
25;2025-12-22;19;585
25;2025-12-22;20;321
25;2025-12-22;21;210
25;2025-12-22;22;90
25;2025-12-22;23;11
25;2025-12-23;0;3
25;2025-12-23;1;0
25;2025-12-23;2;0
25;2025-12-23;3;0
25;2025-12-23;4;0
25;2025-12-23;5;15
25;2025-12-23;6;231
25;2025-12-23;7;537
25;2025-12-23;8;956
25;2025-12-23;9;458
25;2025-12-23;10;365
25;2025-12-23;11;425
25;2025-12-23;12;408
25;2025-12-23;13;492
25;2025-12-23;14;463
25;2025-12-23;15;568
25;2025-12-23;16;675
25;2025-12-23;17;733
25;2025-12-23;18;726
25;2025-12-23;19;563
25;2025-12-23;20;332
25;2025-12-23;21;218
25;2025-12-23;22;87
25;2025-12-23;23;8
25;2025-12-24;0;1
25;2025-12-24;1;0
25;2025-12-24;2;0
25;2025-12-24;3;0
25;2025-12-24;4;0
25;2025-12-24;5;18
25;2025-12-24;6;239
25;2025-12-24;7;541
25;2025-12-24;8;921
25;2025-12-24;9;480
25;2025-12-24;10;396
25;2025-12-24;11;465
25;2025-12-24;12;463
25;2025-12-24;13;606
25;2025-12-24;14;396
25;2025-12-24;15;587
25;2025-12-24;16;667
25;2025-12-24;17;877
25;2025-12-24;18;897
25;2025-12-24;19;657
25;2025-12-24;20;346
25;2025-12-24;21;269
25;2025-12-24;22;110
25;2025-12-24;23;9
25;2025-12-25;0;2
25;2025-12-25;1;0
25;2025-12-25;2;0
25;2025-12-25;3;0
25;2025-12-25;4;0
25;2025-12-25;5;19
25;2025-12-25;6;248
25;2025-12-25;7;551
25;2025-12-25;8;894
25;2025-12-25;9;456
25;2025-12-25;10;399
25;2025-12-25;11;442
25;2025-12-25;12;426
25;2025-12-25;13;555
25;2025-12-25;14;545
25;2025-12-25;15;628
25;2025-12-25;16;702
25;2025-12-25;17;744
25;2025-12-25;18;783
25;2025-12-25;19;600
25;2025-12-25;20;299
25;2025-12-25;21;215
25;2025-12-25;22;91
25;2025-12-25;23;4
25;2025-12-26;0;0
25;2025-12-26;1;0
25;2025-12-26;2;0
25;2025-12-26;3;0
25;2025-12-26;4;0
25;2025-12-26;5;15
25;2025-12-26;6;258
25;2025-12-26;7;565
25;2025-12-26;8;864
25;2025-12-26;9;437
25;2025-12-26;10;384
25;2025-12-26;11;453
25;2025-12-26;12;424
25;2025-12-26;13;562
25;2025-12-26;14;485
25;2025-12-26;15;631
25;2025-12-26;16;822
25;2025-12-26;17;784
25;2025-12-26;18;717
25;2025-12-26;19;618
25;2025-12-26;20;345
25;2025-12-26;21;214
25;2025-12-26;22;107
25;2025-12-26;23;15
25;2025-12-27;0;5
25;2025-12-27;1;0
25;2025-12-27;2;0
25;2025-12-27;3;0
25;2025-12-27;4;0
25;2025-12-27;5;17
25;2025-12-27;6;118
25;2025-12-27;7;137
25;2025-12-27;8;322
25;2025-12-27;9;298
25;2025-12-27;10;290
25;2025-12-27;11;384
25;2025-12-27;12;394
25;2025-12-27;13;631
25;2025-12-27;14;630
25;2025-12-27;15;732
25;2025-12-27;16;659
25;2025-12-27;17;553
25;2025-12-27;18;523
25;2025-12-27;19;446
25;2025-12-27;20;262
25;2025-12-27;21;196
25;2025-12-27;22;119
25;2025-12-27;23;46
25;2025-12-28;0;15
25;2025-12-28;1;0
25;2025-12-28;2;0
25;2025-12-28;3;0
25;2025-12-28;4;0
25;2025-12-28;5;9
25;2025-12-28;6;95
25;2025-12-28;7;107
25;2025-12-28;8;187
25;2025-12-28;9;220
25;2025-12-28;10;223
25;2025-12-28;11;306
25;2025-12-28;12;376
25;2025-12-28;13;488
25;2025-12-28;14;547
25;2025-12-28;15;663
25;2025-12-28;16;553
25;2025-12-28;17;561
25;2025-12-28;18;450
25;2025-12-28;19;314
25;2025-12-28;20;234
25;2025-12-28;21;161
25;2025-12-28;22;98
25;2025-12-28;23;34
25;2025-12-29;0;8
25;2025-12-29;1;0
25;2025-12-29;2;0
25;2025-12-29;3;0
25;2025-12-29;4;0
25;2025-12-29;5;16
25;2025-12-29;6;231
25;2025-12-29;7;530
25;2025-12-29;8;947
25;2025-12-29;9;530
25;2025-12-29;10;342
25;2025-12-29;11;410
25;2025-12-29;12;414
25;2025-12-29;13;574
25;2025-12-29;14;467
25;2025-12-29;15;507
25;2025-12-29;16;692
25;2025-12-29;17;757
25;2025-12-29;18;769
25;2025-12-29;19;585
25;2025-12-29;20;321
25;2025-12-29;21;210
25;2025-12-29;22;90
25;2025-12-29;23;11
25;2025-12-30;0;3
25;2025-12-30;1;0
25;2025-12-30;2;0
25;2025-12-30;3;0
25;2025-12-30;4;0
25;2025-12-30;5;15
25;2025-12-30;6;231
25;2025-12-30;7;537
25;2025-12-30;8;956
25;2025-12-30;9;458
25;2025-12-30;10;365
25;2025-12-30;11;425
25;2025-12-30;12;408
25;2025-12-30;13;492
25;2025-12-30;14;463
25;2025-12-30;15;568
25;2025-12-30;16;675
25;2025-12-30;17;733
25;2025-12-30;18;726
25;2025-12-30;19;563
25;2025-12-30;20;332
25;2025-12-30;21;218
25;2025-12-30;22;87
25;2025-12-30;23;8
25;2025-12-31;0;15
25;2025-12-31;1;0
25;2025-12-31;2;0
25;2025-12-31;3;0
25;2025-12-31;4;0
25;2025-12-31;5;9
25;2025-12-31;6;95
25;2025-12-31;7;107
25;2025-12-31;8;187
25;2025-12-31;9;220
25;2025-12-31;10;223
25;2025-12-31;11;306
25;2025-12-31;12;376
25;2025-12-31;13;488
25;2025-12-31;14;547
25;2025-12-31;15;663
25;2025-12-31;16;553
25;2025-12-31;17;561
25;2025-12-31;18;450
25;2025-12-31;19;314
25;2025-12-31;20;234
25;2025-12-31;21;161
25;2025-12-31;22;98
25;2025-12-31;23;34
26;2025-11-01;0;36
26;2025-11-01;1;1
26;2025-11-01;2;0
26;2025-11-01;3;0
26;2025-11-01;4;1
26;2025-11-01;5;76
26;2025-11-01;6;440
26;2025-11-01;7;918
26;2025-11-01;8;1974
26;2025-11-01;9;1273
26;2025-11-01;10;1154
26;2025-11-01;11;1095
26;2025-11-01;12;1099
26;2025-11-01;13;1127
26;2025-11-01;14;1345
26;2025-11-01;15;1267
26;2025-11-01;16;1548
26;2025-11-01;17;1643
26;2025-11-01;18;1219
26;2025-11-01;19;955
26;2025-11-01;20;626
26;2025-11-01;21;434
26;2025-11-01;22;189
26;2025-11-01;23;148
26;2025-11-02;0;51
26;2025-11-02;1;4
26;2025-11-02;2;0
26;2025-11-02;3;0
26;2025-11-02;4;2
26;2025-11-02;5;20
26;2025-11-02;6;153
26;2025-11-02;7;252
26;2025-11-02;8;374
26;2025-11-02;9;505
26;2025-11-02;10;568
26;2025-11-02;11;803
26;2025-11-02;12;824
26;2025-11-02;13;882
26;2025-11-02;14;887
26;2025-11-02;15;782
26;2025-11-02;16;759
26;2025-11-02;17;785
26;2025-11-02;18;690
26;2025-11-02;19;504
26;2025-11-02;20;388
26;2025-11-02;21;282
26;2025-11-02;22;156
26;2025-11-02;23;114
26;2025-11-03;0;51
26;2025-11-03;1;4
26;2025-11-03;2;0
26;2025-11-03;3;0
26;2025-11-03;4;2
26;2025-11-03;5;20
26;2025-11-03;6;153
26;2025-11-03;7;252
26;2025-11-03;8;374
26;2025-11-03;9;505
26;2025-11-03;10;568
26;2025-11-03;11;803
26;2025-11-03;12;824
26;2025-11-03;13;882
26;2025-11-03;14;887
26;2025-11-03;15;782
26;2025-11-03;16;759
26;2025-11-03;17;785
26;2025-11-03;18;690
26;2025-11-03;19;504
26;2025-11-03;20;388
26;2025-11-03;21;282
26;2025-11-03;22;156
26;2025-11-03;23;114
26;2025-11-04;0;51
26;2025-11-04;1;4
26;2025-11-04;2;0
26;2025-11-04;3;0
26;2025-11-04;4;2
26;2025-11-04;5;20
26;2025-11-04;6;153
26;2025-11-04;7;252
26;2025-11-04;8;374
26;2025-11-04;9;505
26;2025-11-04;10;568
26;2025-11-04;11;803
26;2025-11-04;12;824
26;2025-11-04;13;882
26;2025-11-04;14;887
26;2025-11-04;15;782
26;2025-11-04;16;759
26;2025-11-04;17;785
26;2025-11-04;18;690
26;2025-11-04;19;504
26;2025-11-04;20;388
26;2025-11-04;21;282
26;2025-11-04;22;156
26;2025-11-04;23;114
26;2025-11-05;0;28
26;2025-11-05;1;1
26;2025-11-05;2;0
26;2025-11-05;3;0
26;2025-11-05;4;3
26;2025-11-05;5;107
26;2025-11-05;6;445
26;2025-11-05;7;1083
26;2025-11-05;8;2320
26;2025-11-05;9;1433
26;2025-11-05;10;1214
26;2025-11-05;11;1011
26;2025-11-05;12;1201
26;2025-11-05;13;1177
26;2025-11-05;14;1370
26;2025-11-05;15;1418
26;2025-11-05;16;1503
26;2025-11-05;17;1690
26;2025-11-05;18;1811
26;2025-11-05;19;1243
26;2025-11-05;20;777
26;2025-11-05;21;594
26;2025-11-05;22;214
26;2025-11-05;23;132
26;2025-11-06;0;48
26;2025-11-06;1;0
26;2025-11-06;2;0
26;2025-11-06;3;0
26;2025-11-06;4;2
26;2025-11-06;5;98
26;2025-11-06;6;464
26;2025-11-06;7;1098
26;2025-11-06;8;2277
26;2025-11-06;9;1542
26;2025-11-06;10;1226
26;2025-11-06;11;1158
26;2025-11-06;12;1211
26;2025-11-06;13;1218
26;2025-11-06;14;1423
26;2025-11-06;15;1405
26;2025-11-06;16;1541
26;2025-11-06;17;1656
26;2025-11-06;18;1853
26;2025-11-06;19;1190
26;2025-11-06;20;730
26;2025-11-06;21;494
26;2025-11-06;22;196
26;2025-11-06;23;134
26;2025-11-07;0;32
26;2025-11-07;1;0
26;2025-11-07;2;0
26;2025-11-07;3;0
26;2025-11-07;4;1
26;2025-11-07;5;81
26;2025-11-07;6;478
26;2025-11-07;7;1018
26;2025-11-07;8;2215
26;2025-11-07;9;1384
26;2025-11-07;10;1212
26;2025-11-07;11;1113
26;2025-11-07;12;1108
26;2025-11-07;13;1138
26;2025-11-07;14;1392
26;2025-11-07;15;1321
26;2025-11-07;16;1640
26;2025-11-07;17;1766
26;2025-11-07;18;1284
26;2025-11-07;19;994
26;2025-11-07;20;641
26;2025-11-07;21;449
26;2025-11-07;22;186
26;2025-11-07;23;146
26;2025-11-08;0;55
26;2025-11-08;1;2
26;2025-11-08;2;0
26;2025-11-08;3;0
26;2025-11-08;4;2
26;2025-11-08;5;50
26;2025-11-08;6;226
26;2025-11-08;7;351
26;2025-11-08;8;611
26;2025-11-08;9;647
26;2025-11-08;10;826
26;2025-11-08;11;996
26;2025-11-08;12;1048
26;2025-11-08;13;1062
26;2025-11-08;14;1078
26;2025-11-08;15;959
26;2025-11-08;16;1030
26;2025-11-08;17;949
26;2025-11-08;18;856
26;2025-11-08;19;737
26;2025-11-08;20;540
26;2025-11-08;21;350
26;2025-11-08;22;201
26;2025-11-08;23;159
26;2025-11-09;0;51
26;2025-11-09;1;4
26;2025-11-09;2;0
26;2025-11-09;3;0
26;2025-11-09;4;2
26;2025-11-09;5;20
26;2025-11-09;6;153
26;2025-11-09;7;252
26;2025-11-09;8;374
26;2025-11-09;9;505
26;2025-11-09;10;568
26;2025-11-09;11;803
26;2025-11-09;12;824
26;2025-11-09;13;882
26;2025-11-09;14;887
26;2025-11-09;15;782
26;2025-11-09;16;759
26;2025-11-09;17;785
26;2025-11-09;18;690
26;2025-11-09;19;504
26;2025-11-09;20;388
26;2025-11-09;21;282
26;2025-11-09;22;156
26;2025-11-09;23;114
26;2025-11-10;0;28
26;2025-11-10;1;1
26;2025-11-10;2;0
26;2025-11-10;3;0
26;2025-11-10;4;2
26;2025-11-10;5;92
26;2025-11-10;6;468
26;2025-11-10;7;1127
26;2025-11-10;8;2214
26;2025-11-10;9;1446
26;2025-11-10;10;1217
26;2025-11-10;11;1050
26;2025-11-10;12;1087
26;2025-11-10;13;1164
26;2025-11-10;14;1259
26;2025-11-10;15;1276
26;2025-11-10;16;1372
26;2025-11-10;17;1691
26;2025-11-10;18;1825
26;2025-11-10;19;1167
26;2025-11-10;20;741
26;2025-11-10;21;460
26;2025-11-10;22;187
26;2025-11-10;23;101
26;2025-11-11;0;31
26;2025-11-11;1;1
26;2025-11-11;2;0
26;2025-11-11;3;0
26;2025-11-11;4;0
26;2025-11-11;5;88
26;2025-11-11;6;470
26;2025-11-11;7;1138
26;2025-11-11;8;2393
26;2025-11-11;9;1496
26;2025-11-11;10;1349
26;2025-11-11;11;1239
26;2025-11-11;12;1165
26;2025-11-11;13;1172
26;2025-11-11;14;1267
26;2025-11-11;15;1396
26;2025-11-11;16;1494
26;2025-11-11;17;1805
26;2025-11-11;18;1946
26;2025-11-11;19;1290
26;2025-11-11;20;718
26;2025-11-11;21;489
26;2025-11-11;22;205
26;2025-11-11;23;107
26;2025-11-12;0;28
26;2025-11-12;1;1
26;2025-11-12;2;0
26;2025-11-12;3;0
26;2025-11-12;4;3
26;2025-11-12;5;107
26;2025-11-12;6;445
26;2025-11-12;7;1083
26;2025-11-12;8;2320
26;2025-11-12;9;1433
26;2025-11-12;10;1214
26;2025-11-12;11;1011
26;2025-11-12;12;1201
26;2025-11-12;13;1177
26;2025-11-12;14;1370
26;2025-11-12;15;1418
26;2025-11-12;16;1503
26;2025-11-12;17;1690
26;2025-11-12;18;1811
26;2025-11-12;19;1243
26;2025-11-12;20;777
26;2025-11-12;21;594
26;2025-11-12;22;214
26;2025-11-12;23;132
26;2025-11-13;0;48
26;2025-11-13;1;0
26;2025-11-13;2;0
26;2025-11-13;3;0
26;2025-11-13;4;2
26;2025-11-13;5;98
26;2025-11-13;6;464
26;2025-11-13;7;1098
26;2025-11-13;8;2277
26;2025-11-13;9;1542
26;2025-11-13;10;1226
26;2025-11-13;11;1158
26;2025-11-13;12;1211
26;2025-11-13;13;1218
26;2025-11-13;14;1423
26;2025-11-13;15;1405
26;2025-11-13;16;1541
26;2025-11-13;17;1656
26;2025-11-13;18;1853
26;2025-11-13;19;1190
26;2025-11-13;20;730
26;2025-11-13;21;494
26;2025-11-13;22;196
26;2025-11-13;23;134
26;2025-11-14;0;32
26;2025-11-14;1;0
26;2025-11-14;2;0
26;2025-11-14;3;0
26;2025-11-14;4;1
26;2025-11-14;5;81
26;2025-11-14;6;478
26;2025-11-14;7;1018
26;2025-11-14;8;2215
26;2025-11-14;9;1384
26;2025-11-14;10;1212
26;2025-11-14;11;1113
26;2025-11-14;12;1108
26;2025-11-14;13;1138
26;2025-11-14;14;1392
26;2025-11-14;15;1321
26;2025-11-14;16;1640
26;2025-11-14;17;1766
26;2025-11-14;18;1284
26;2025-11-14;19;994
26;2025-11-14;20;641
26;2025-11-14;21;449
26;2025-11-14;22;186
26;2025-11-14;23;146
26;2025-11-15;0;55
26;2025-11-15;1;2
26;2025-11-15;2;0
26;2025-11-15;3;0
26;2025-11-15;4;2
26;2025-11-15;5;50
26;2025-11-15;6;226
26;2025-11-15;7;351
26;2025-11-15;8;611
26;2025-11-15;9;647
26;2025-11-15;10;826
26;2025-11-15;11;996
26;2025-11-15;12;1048
26;2025-11-15;13;1062
26;2025-11-15;14;1078
26;2025-11-15;15;959
26;2025-11-15;16;1030
26;2025-11-15;17;949
26;2025-11-15;18;856
26;2025-11-15;19;737
26;2025-11-15;20;540
26;2025-11-15;21;350
26;2025-11-15;22;201
26;2025-11-15;23;159
26;2025-11-16;0;51
26;2025-11-16;1;4
26;2025-11-16;2;0
26;2025-11-16;3;0
26;2025-11-16;4;2
26;2025-11-16;5;20
26;2025-11-16;6;153
26;2025-11-16;7;252
26;2025-11-16;8;374
26;2025-11-16;9;505
26;2025-11-16;10;568
26;2025-11-16;11;803
26;2025-11-16;12;824
26;2025-11-16;13;882
26;2025-11-16;14;887
26;2025-11-16;15;782
26;2025-11-16;16;759
26;2025-11-16;17;785
26;2025-11-16;18;690
26;2025-11-16;19;504
26;2025-11-16;20;388
26;2025-11-16;21;282
26;2025-11-16;22;156
26;2025-11-16;23;114
26;2025-11-17;0;28
26;2025-11-17;1;1
26;2025-11-17;2;0
26;2025-11-17;3;0
26;2025-11-17;4;2
26;2025-11-17;5;92
26;2025-11-17;6;468
26;2025-11-17;7;1127
26;2025-11-17;8;2214
26;2025-11-17;9;1446
26;2025-11-17;10;1217
26;2025-11-17;11;1050
26;2025-11-17;12;1087
26;2025-11-17;13;1164
26;2025-11-17;14;1259
26;2025-11-17;15;1276
26;2025-11-17;16;1372
26;2025-11-17;17;1691
26;2025-11-17;18;1825
26;2025-11-17;19;1167
26;2025-11-17;20;741
26;2025-11-17;21;460
26;2025-11-17;22;187
26;2025-11-17;23;101
26;2025-11-18;0;31
26;2025-11-18;1;1
26;2025-11-18;2;0
26;2025-11-18;3;0
26;2025-11-18;4;0
26;2025-11-18;5;88
26;2025-11-18;6;470
26;2025-11-18;7;1138
26;2025-11-18;8;2393
26;2025-11-18;9;1496
26;2025-11-18;10;1349
26;2025-11-18;11;1239
26;2025-11-18;12;1165
26;2025-11-18;13;1172
26;2025-11-18;14;1267
26;2025-11-18;15;1396
26;2025-11-18;16;1494
26;2025-11-18;17;1805
26;2025-11-18;18;1946
26;2025-11-18;19;1290
26;2025-11-18;20;718
26;2025-11-18;21;489
26;2025-11-18;22;205
26;2025-11-18;23;107
26;2025-11-19;0;28
26;2025-11-19;1;1
26;2025-11-19;2;0
26;2025-11-19;3;0
26;2025-11-19;4;3
26;2025-11-19;5;107
26;2025-11-19;6;445
26;2025-11-19;7;1083
26;2025-11-19;8;2320
26;2025-11-19;9;1433
26;2025-11-19;10;1214
26;2025-11-19;11;1011
26;2025-11-19;12;1201
26;2025-11-19;13;1177
26;2025-11-19;14;1370
26;2025-11-19;15;1418
26;2025-11-19;16;1503
26;2025-11-19;17;1690
26;2025-11-19;18;1811
26;2025-11-19;19;1243
26;2025-11-19;20;777
26;2025-11-19;21;594
26;2025-11-19;22;214
26;2025-11-19;23;132
26;2025-11-20;0;48
26;2025-11-20;1;0
26;2025-11-20;2;0
26;2025-11-20;3;0
26;2025-11-20;4;2
26;2025-11-20;5;98
26;2025-11-20;6;464
26;2025-11-20;7;1098
26;2025-11-20;8;2277
26;2025-11-20;9;1542
26;2025-11-20;10;1226
26;2025-11-20;11;1158
26;2025-11-20;12;1211
26;2025-11-20;13;1218
26;2025-11-20;14;1423
26;2025-11-20;15;1405
26;2025-11-20;16;1541
26;2025-11-20;17;1656
26;2025-11-20;18;1853
26;2025-11-20;19;1190
26;2025-11-20;20;730
26;2025-11-20;21;494
26;2025-11-20;22;196
26;2025-11-20;23;134
26;2025-11-21;0;32
26;2025-11-21;1;0
26;2025-11-21;2;0
26;2025-11-21;3;0
26;2025-11-21;4;1
26;2025-11-21;5;81
26;2025-11-21;6;478
26;2025-11-21;7;1018
26;2025-11-21;8;2215
26;2025-11-21;9;1384
26;2025-11-21;10;1212
26;2025-11-21;11;1113
26;2025-11-21;12;1108
26;2025-11-21;13;1138
26;2025-11-21;14;1392
26;2025-11-21;15;1321
26;2025-11-21;16;1640
26;2025-11-21;17;1766
26;2025-11-21;18;1284
26;2025-11-21;19;994
26;2025-11-21;20;641
26;2025-11-21;21;449
26;2025-11-21;22;186
26;2025-11-21;23;146
26;2025-11-22;0;55
26;2025-11-22;1;2
26;2025-11-22;2;0
26;2025-11-22;3;0
26;2025-11-22;4;2
26;2025-11-22;5;50
26;2025-11-22;6;226
26;2025-11-22;7;351
26;2025-11-22;8;611
26;2025-11-22;9;647
26;2025-11-22;10;826
26;2025-11-22;11;996
26;2025-11-22;12;1048
26;2025-11-22;13;1062
26;2025-11-22;14;1078
26;2025-11-22;15;959
26;2025-11-22;16;1030
26;2025-11-22;17;949
26;2025-11-22;18;856
26;2025-11-22;19;737
26;2025-11-22;20;540
26;2025-11-22;21;350
26;2025-11-22;22;201
26;2025-11-22;23;159
26;2025-11-23;0;51
26;2025-11-23;1;4
26;2025-11-23;2;0
26;2025-11-23;3;0
26;2025-11-23;4;2
26;2025-11-23;5;20
26;2025-11-23;6;153
26;2025-11-23;7;252
26;2025-11-23;8;374
26;2025-11-23;9;505
26;2025-11-23;10;568
26;2025-11-23;11;803
26;2025-11-23;12;824
26;2025-11-23;13;882
26;2025-11-23;14;887
26;2025-11-23;15;782
26;2025-11-23;16;759
26;2025-11-23;17;785
26;2025-11-23;18;690
26;2025-11-23;19;504
26;2025-11-23;20;388
26;2025-11-23;21;282
26;2025-11-23;22;156
26;2025-11-23;23;114
26;2025-11-24;0;28
26;2025-11-24;1;1
26;2025-11-24;2;0
26;2025-11-24;3;0
26;2025-11-24;4;2
26;2025-11-24;5;92
26;2025-11-24;6;468
26;2025-11-24;7;1127
26;2025-11-24;8;2214
26;2025-11-24;9;1446
26;2025-11-24;10;1217
26;2025-11-24;11;1050
26;2025-11-24;12;1087
26;2025-11-24;13;1164
26;2025-11-24;14;1259
26;2025-11-24;15;1276
26;2025-11-24;16;1372
26;2025-11-24;17;1691
26;2025-11-24;18;1825
26;2025-11-24;19;1167
26;2025-11-24;20;741
26;2025-11-24;21;460
26;2025-11-24;22;187
26;2025-11-24;23;101
26;2025-11-25;0;31
26;2025-11-25;1;1
26;2025-11-25;2;0
26;2025-11-25;3;0
26;2025-11-25;4;0
26;2025-11-25;5;88
26;2025-11-25;6;470
26;2025-11-25;7;1138
26;2025-11-25;8;2393
26;2025-11-25;9;1496
26;2025-11-25;10;1349
26;2025-11-25;11;1239
26;2025-11-25;12;1165
26;2025-11-25;13;1172
26;2025-11-25;14;1267
26;2025-11-25;15;1396
26;2025-11-25;16;1494
26;2025-11-25;17;1805
26;2025-11-25;18;1946
26;2025-11-25;19;1290
26;2025-11-25;20;718
26;2025-11-25;21;489
26;2025-11-25;22;205
26;2025-11-25;23;107
26;2025-11-26;0;28
26;2025-11-26;1;1
26;2025-11-26;2;0
26;2025-11-26;3;0
26;2025-11-26;4;3
26;2025-11-26;5;107
26;2025-11-26;6;445
26;2025-11-26;7;1083
26;2025-11-26;8;2320
26;2025-11-26;9;1433
26;2025-11-26;10;1214
26;2025-11-26;11;1011
26;2025-11-26;12;1201
26;2025-11-26;13;1177
26;2025-11-26;14;1370
26;2025-11-26;15;1418
26;2025-11-26;16;1503
26;2025-11-26;17;1690
26;2025-11-26;18;1811
26;2025-11-26;19;1243
26;2025-11-26;20;777
26;2025-11-26;21;594
26;2025-11-26;22;214
26;2025-11-26;23;132
26;2025-11-27;0;48
26;2025-11-27;1;0
26;2025-11-27;2;0
26;2025-11-27;3;0
26;2025-11-27;4;2
26;2025-11-27;5;98
26;2025-11-27;6;464
26;2025-11-27;7;1098
26;2025-11-27;8;2277
26;2025-11-27;9;1542
26;2025-11-27;10;1226
26;2025-11-27;11;1158
26;2025-11-27;12;1211
26;2025-11-27;13;1218
26;2025-11-27;14;1423
26;2025-11-27;15;1405
26;2025-11-27;16;1541
26;2025-11-27;17;1656
26;2025-11-27;18;1853
26;2025-11-27;19;1190
26;2025-11-27;20;730
26;2025-11-27;21;494
26;2025-11-27;22;196
26;2025-11-27;23;134
26;2025-11-28;0;32
26;2025-11-28;1;0
26;2025-11-28;2;0
26;2025-11-28;3;0
26;2025-11-28;4;1
26;2025-11-28;5;81
26;2025-11-28;6;478
26;2025-11-28;7;1018
26;2025-11-28;8;2215
26;2025-11-28;9;1384
26;2025-11-28;10;1212
26;2025-11-28;11;1113
26;2025-11-28;12;1108
26;2025-11-28;13;1138
26;2025-11-28;14;1392
26;2025-11-28;15;1321
26;2025-11-28;16;1640
26;2025-11-28;17;1766
26;2025-11-28;18;1284
26;2025-11-28;19;994
26;2025-11-28;20;641
26;2025-11-28;21;449
26;2025-11-28;22;186
26;2025-11-28;23;146
26;2025-11-29;0;55
26;2025-11-29;1;2
26;2025-11-29;2;0
26;2025-11-29;3;0
26;2025-11-29;4;2
26;2025-11-29;5;50
26;2025-11-29;6;226
26;2025-11-29;7;351
26;2025-11-29;8;611
26;2025-11-29;9;647
26;2025-11-29;10;826
26;2025-11-29;11;996
26;2025-11-29;12;1048
26;2025-11-29;13;1062
26;2025-11-29;14;1078
26;2025-11-29;15;959
26;2025-11-29;16;1030
26;2025-11-29;17;949
26;2025-11-29;18;856
26;2025-11-29;19;737
26;2025-11-29;20;540
26;2025-11-29;21;350
26;2025-11-29;22;201
26;2025-11-29;23;159
26;2025-11-30;0;51
26;2025-11-30;1;4
26;2025-11-30;2;0
26;2025-11-30;3;0
26;2025-11-30;4;2
26;2025-11-30;5;20
26;2025-11-30;6;153
26;2025-11-30;7;252
26;2025-11-30;8;374
26;2025-11-30;9;505
26;2025-11-30;10;568
26;2025-11-30;11;803
26;2025-11-30;12;824
26;2025-11-30;13;882
26;2025-11-30;14;887
26;2025-11-30;15;782
26;2025-11-30;16;759
26;2025-11-30;17;785
26;2025-11-30;18;690
26;2025-11-30;19;504
26;2025-11-30;20;388
26;2025-11-30;21;282
26;2025-11-30;22;156
26;2025-11-30;23;114
26;2025-12-01;0;28
26;2025-12-01;1;1
26;2025-12-01;2;0
26;2025-12-01;3;0
26;2025-12-01;4;2
26;2025-12-01;5;92
26;2025-12-01;6;468
26;2025-12-01;7;1127
26;2025-12-01;8;2214
26;2025-12-01;9;1446
26;2025-12-01;10;1217
26;2025-12-01;11;1050
26;2025-12-01;12;1087
26;2025-12-01;13;1164
26;2025-12-01;14;1259
26;2025-12-01;15;1276
26;2025-12-01;16;1372
26;2025-12-01;17;1691
26;2025-12-01;18;1825
26;2025-12-01;19;1167
26;2025-12-01;20;741
26;2025-12-01;21;460
26;2025-12-01;22;187
26;2025-12-01;23;101
26;2025-12-02;0;31
26;2025-12-02;1;1
26;2025-12-02;2;0
26;2025-12-02;3;0
26;2025-12-02;4;0
26;2025-12-02;5;88
26;2025-12-02;6;470
26;2025-12-02;7;1138
26;2025-12-02;8;2393
26;2025-12-02;9;1496
26;2025-12-02;10;1349
26;2025-12-02;11;1239
26;2025-12-02;12;1165
26;2025-12-02;13;1172
26;2025-12-02;14;1267
26;2025-12-02;15;1396
26;2025-12-02;16;1494
26;2025-12-02;17;1805
26;2025-12-02;18;1946
26;2025-12-02;19;1290
26;2025-12-02;20;718
26;2025-12-02;21;489
26;2025-12-02;22;205
26;2025-12-02;23;107
26;2025-12-03;0;28
26;2025-12-03;1;1
26;2025-12-03;2;0
26;2025-12-03;3;0
26;2025-12-03;4;3
26;2025-12-03;5;107
26;2025-12-03;6;445
26;2025-12-03;7;1083
26;2025-12-03;8;2320
26;2025-12-03;9;1433
26;2025-12-03;10;1214
26;2025-12-03;11;1011
26;2025-12-03;12;1201
26;2025-12-03;13;1177
26;2025-12-03;14;1370
26;2025-12-03;15;1418
26;2025-12-03;16;1503
26;2025-12-03;17;1690
26;2025-12-03;18;1811
26;2025-12-03;19;1243
26;2025-12-03;20;777
26;2025-12-03;21;594
26;2025-12-03;22;214
26;2025-12-03;23;132
26;2025-12-04;0;48
26;2025-12-04;1;0
26;2025-12-04;2;0
26;2025-12-04;3;0
26;2025-12-04;4;2
26;2025-12-04;5;98
26;2025-12-04;6;464
26;2025-12-04;7;1098
26;2025-12-04;8;2277
26;2025-12-04;9;1542
26;2025-12-04;10;1226
26;2025-12-04;11;1158
26;2025-12-04;12;1211
26;2025-12-04;13;1218
26;2025-12-04;14;1423
26;2025-12-04;15;1405
26;2025-12-04;16;1541
26;2025-12-04;17;1656
26;2025-12-04;18;1853
26;2025-12-04;19;1190
26;2025-12-04;20;730
26;2025-12-04;21;494
26;2025-12-04;22;196
26;2025-12-04;23;134
26;2025-12-05;0;32
26;2025-12-05;1;0
26;2025-12-05;2;0
26;2025-12-05;3;0
26;2025-12-05;4;1
26;2025-12-05;5;81
26;2025-12-05;6;478
26;2025-12-05;7;1018
26;2025-12-05;8;2215
26;2025-12-05;9;1384
26;2025-12-05;10;1212
26;2025-12-05;11;1113
26;2025-12-05;12;1108
26;2025-12-05;13;1138
26;2025-12-05;14;1392
26;2025-12-05;15;1321
26;2025-12-05;16;1640
26;2025-12-05;17;1766
26;2025-12-05;18;1284
26;2025-12-05;19;994
26;2025-12-05;20;641
26;2025-12-05;21;449
26;2025-12-05;22;186
26;2025-12-05;23;146
26;2025-12-06;0;55
26;2025-12-06;1;2
26;2025-12-06;2;0
26;2025-12-06;3;0
26;2025-12-06;4;2
26;2025-12-06;5;50
26;2025-12-06;6;226
26;2025-12-06;7;351
26;2025-12-06;8;611
26;2025-12-06;9;647
26;2025-12-06;10;826
26;2025-12-06;11;996
26;2025-12-06;12;1048
26;2025-12-06;13;1062
26;2025-12-06;14;1078
26;2025-12-06;15;959
26;2025-12-06;16;1030
26;2025-12-06;17;949
26;2025-12-06;18;856
26;2025-12-06;19;737
26;2025-12-06;20;540
26;2025-12-06;21;350
26;2025-12-06;22;201
26;2025-12-06;23;159
26;2025-12-07;0;51
26;2025-12-07;1;4
26;2025-12-07;2;0
26;2025-12-07;3;0
26;2025-12-07;4;2
26;2025-12-07;5;20
26;2025-12-07;6;153
26;2025-12-07;7;252
26;2025-12-07;8;374
26;2025-12-07;9;505
26;2025-12-07;10;568
26;2025-12-07;11;803
26;2025-12-07;12;824
26;2025-12-07;13;882
26;2025-12-07;14;887
26;2025-12-07;15;782
26;2025-12-07;16;759
26;2025-12-07;17;785
26;2025-12-07;18;690
26;2025-12-07;19;504
26;2025-12-07;20;388
26;2025-12-07;21;282
26;2025-12-07;22;156
26;2025-12-07;23;114
26;2025-12-08;0;28
26;2025-12-08;1;1
26;2025-12-08;2;0
26;2025-12-08;3;0
26;2025-12-08;4;2
26;2025-12-08;5;92
26;2025-12-08;6;468
26;2025-12-08;7;1127
26;2025-12-08;8;2214
26;2025-12-08;9;1446
26;2025-12-08;10;1217
26;2025-12-08;11;1050
26;2025-12-08;12;1087
26;2025-12-08;13;1164
26;2025-12-08;14;1259
26;2025-12-08;15;1276
26;2025-12-08;16;1372
26;2025-12-08;17;1691
26;2025-12-08;18;1825
26;2025-12-08;19;1167
26;2025-12-08;20;741
26;2025-12-08;21;460
26;2025-12-08;22;187
26;2025-12-08;23;101
26;2025-12-09;0;31
26;2025-12-09;1;1
26;2025-12-09;2;0
26;2025-12-09;3;0
26;2025-12-09;4;0
26;2025-12-09;5;88
26;2025-12-09;6;470
26;2025-12-09;7;1138
26;2025-12-09;8;2393
26;2025-12-09;9;1496
26;2025-12-09;10;1349
26;2025-12-09;11;1239
26;2025-12-09;12;1165
26;2025-12-09;13;1172
26;2025-12-09;14;1267
26;2025-12-09;15;1396
26;2025-12-09;16;1494
26;2025-12-09;17;1805
26;2025-12-09;18;1946
26;2025-12-09;19;1290
26;2025-12-09;20;718
26;2025-12-09;21;489
26;2025-12-09;22;205
26;2025-12-09;23;107
26;2025-12-10;0;28
26;2025-12-10;1;1
26;2025-12-10;2;0
26;2025-12-10;3;0
26;2025-12-10;4;3
26;2025-12-10;5;107
26;2025-12-10;6;445
26;2025-12-10;7;1083
26;2025-12-10;8;2320
26;2025-12-10;9;1433
26;2025-12-10;10;1214
26;2025-12-10;11;1011
26;2025-12-10;12;1201
26;2025-12-10;13;1177
26;2025-12-10;14;1370
26;2025-12-10;15;1418
26;2025-12-10;16;1503
26;2025-12-10;17;1690
26;2025-12-10;18;1811
26;2025-12-10;19;1243
26;2025-12-10;20;777
26;2025-12-10;21;594
26;2025-12-10;22;214
26;2025-12-10;23;132
26;2025-12-11;0;48
26;2025-12-11;1;0
26;2025-12-11;2;0
26;2025-12-11;3;0
26;2025-12-11;4;2
26;2025-12-11;5;98
26;2025-12-11;6;464
26;2025-12-11;7;1098
26;2025-12-11;8;2277
26;2025-12-11;9;1542
26;2025-12-11;10;1226
26;2025-12-11;11;1158
26;2025-12-11;12;1211
26;2025-12-11;13;1218
26;2025-12-11;14;1423
26;2025-12-11;15;1405
26;2025-12-11;16;1541
26;2025-12-11;17;1656
26;2025-12-11;18;1853
26;2025-12-11;19;1190
26;2025-12-11;20;730
26;2025-12-11;21;494
26;2025-12-11;22;196
26;2025-12-11;23;134
26;2025-12-12;0;32
26;2025-12-12;1;0
26;2025-12-12;2;0
26;2025-12-12;3;0
26;2025-12-12;4;1
26;2025-12-12;5;81
26;2025-12-12;6;478
26;2025-12-12;7;1018
26;2025-12-12;8;2215
26;2025-12-12;9;1384
26;2025-12-12;10;1212
26;2025-12-12;11;1113
26;2025-12-12;12;1108
26;2025-12-12;13;1138
26;2025-12-12;14;1392
26;2025-12-12;15;1321
26;2025-12-12;16;1640
26;2025-12-12;17;1766
26;2025-12-12;18;1284
26;2025-12-12;19;994
26;2025-12-12;20;641
26;2025-12-12;21;449
26;2025-12-12;22;186
26;2025-12-12;23;146
26;2025-12-13;0;55
26;2025-12-13;1;2
26;2025-12-13;2;0
26;2025-12-13;3;0
26;2025-12-13;4;2
26;2025-12-13;5;50
26;2025-12-13;6;226
26;2025-12-13;7;351
26;2025-12-13;8;611
26;2025-12-13;9;647
26;2025-12-13;10;826
26;2025-12-13;11;996
26;2025-12-13;12;1048
26;2025-12-13;13;1062
26;2025-12-13;14;1078
26;2025-12-13;15;959
26;2025-12-13;16;1030
26;2025-12-13;17;949
26;2025-12-13;18;856
26;2025-12-13;19;737
26;2025-12-13;20;540
26;2025-12-13;21;350
26;2025-12-13;22;201
26;2025-12-13;23;159
26;2025-12-14;0;51
26;2025-12-14;1;4
26;2025-12-14;2;0
26;2025-12-14;3;0
26;2025-12-14;4;2
26;2025-12-14;5;20
26;2025-12-14;6;153
26;2025-12-14;7;252
26;2025-12-14;8;374
26;2025-12-14;9;505
26;2025-12-14;10;568
26;2025-12-14;11;803
26;2025-12-14;12;824
26;2025-12-14;13;882
26;2025-12-14;14;887
26;2025-12-14;15;782
26;2025-12-14;16;759
26;2025-12-14;17;785
26;2025-12-14;18;690
26;2025-12-14;19;504
26;2025-12-14;20;388
26;2025-12-14;21;282
26;2025-12-14;22;156
26;2025-12-14;23;114
26;2025-12-15;0;28
26;2025-12-15;1;1
26;2025-12-15;2;0
26;2025-12-15;3;0
26;2025-12-15;4;2
26;2025-12-15;5;92
26;2025-12-15;6;468
26;2025-12-15;7;1127
26;2025-12-15;8;2214
26;2025-12-15;9;1446
26;2025-12-15;10;1217
26;2025-12-15;11;1050
26;2025-12-15;12;1087
26;2025-12-15;13;1164
26;2025-12-15;14;1259
26;2025-12-15;15;1276
26;2025-12-15;16;1372
26;2025-12-15;17;1691
26;2025-12-15;18;1825
26;2025-12-15;19;1167
26;2025-12-15;20;741
26;2025-12-15;21;460
26;2025-12-15;22;187
26;2025-12-15;23;101
26;2025-12-16;0;31
26;2025-12-16;1;1
26;2025-12-16;2;0
26;2025-12-16;3;0
26;2025-12-16;4;0
26;2025-12-16;5;88
26;2025-12-16;6;470
26;2025-12-16;7;1138
26;2025-12-16;8;2393
26;2025-12-16;9;1496
26;2025-12-16;10;1349
26;2025-12-16;11;1239
26;2025-12-16;12;1165
26;2025-12-16;13;1172
26;2025-12-16;14;1267
26;2025-12-16;15;1396
26;2025-12-16;16;1494
26;2025-12-16;17;1805
26;2025-12-16;18;1946
26;2025-12-16;19;1290
26;2025-12-16;20;718
26;2025-12-16;21;489
26;2025-12-16;22;205
26;2025-12-16;23;107
26;2025-12-17;0;28
26;2025-12-17;1;1
26;2025-12-17;2;0
26;2025-12-17;3;0
26;2025-12-17;4;3
26;2025-12-17;5;107
26;2025-12-17;6;445
26;2025-12-17;7;1083
26;2025-12-17;8;2320
26;2025-12-17;9;1433
26;2025-12-17;10;1214
26;2025-12-17;11;1011
26;2025-12-17;12;1201
26;2025-12-17;13;1177
26;2025-12-17;14;1370
26;2025-12-17;15;1418
26;2025-12-17;16;1503
26;2025-12-17;17;1690
26;2025-12-17;18;1811
26;2025-12-17;19;1243
26;2025-12-17;20;777
26;2025-12-17;21;594
26;2025-12-17;22;214
26;2025-12-17;23;132
26;2025-12-18;0;48
26;2025-12-18;1;0
26;2025-12-18;2;0
26;2025-12-18;3;0
26;2025-12-18;4;2
26;2025-12-18;5;98
26;2025-12-18;6;464
26;2025-12-18;7;1098
26;2025-12-18;8;2277
26;2025-12-18;9;1542
26;2025-12-18;10;1226
26;2025-12-18;11;1158
26;2025-12-18;12;1211
26;2025-12-18;13;1218
26;2025-12-18;14;1423
26;2025-12-18;15;1405
26;2025-12-18;16;1541
26;2025-12-18;17;1656
26;2025-12-18;18;1853
26;2025-12-18;19;1190
26;2025-12-18;20;730
26;2025-12-18;21;494
26;2025-12-18;22;196
26;2025-12-18;23;134
26;2025-12-19;0;32
26;2025-12-19;1;0
26;2025-12-19;2;0
26;2025-12-19;3;0
26;2025-12-19;4;1
26;2025-12-19;5;81
26;2025-12-19;6;478
26;2025-12-19;7;1018
26;2025-12-19;8;2215
26;2025-12-19;9;1384
26;2025-12-19;10;1212
26;2025-12-19;11;1113
26;2025-12-19;12;1108
26;2025-12-19;13;1138
26;2025-12-19;14;1392
26;2025-12-19;15;1321
26;2025-12-19;16;1640
26;2025-12-19;17;1766
26;2025-12-19;18;1284
26;2025-12-19;19;994
26;2025-12-19;20;641
26;2025-12-19;21;449
26;2025-12-19;22;186
26;2025-12-19;23;146
26;2025-12-20;0;55
26;2025-12-20;1;2
26;2025-12-20;2;0
26;2025-12-20;3;0
26;2025-12-20;4;2
26;2025-12-20;5;50
26;2025-12-20;6;226
26;2025-12-20;7;351
26;2025-12-20;8;611
26;2025-12-20;9;647
26;2025-12-20;10;826
26;2025-12-20;11;996
26;2025-12-20;12;1048
26;2025-12-20;13;1062
26;2025-12-20;14;1078
26;2025-12-20;15;959
26;2025-12-20;16;1030
26;2025-12-20;17;949
26;2025-12-20;18;856
26;2025-12-20;19;737
26;2025-12-20;20;540
26;2025-12-20;21;350
26;2025-12-20;22;201
26;2025-12-20;23;159
26;2025-12-21;0;51
26;2025-12-21;1;4
26;2025-12-21;2;0
26;2025-12-21;3;0
26;2025-12-21;4;2
26;2025-12-21;5;20
26;2025-12-21;6;153
26;2025-12-21;7;252
26;2025-12-21;8;374
26;2025-12-21;9;505
26;2025-12-21;10;568
26;2025-12-21;11;803
26;2025-12-21;12;824
26;2025-12-21;13;882
26;2025-12-21;14;887
26;2025-12-21;15;782
26;2025-12-21;16;759
26;2025-12-21;17;785
26;2025-12-21;18;690
26;2025-12-21;19;504
26;2025-12-21;20;388
26;2025-12-21;21;282
26;2025-12-21;22;156
26;2025-12-21;23;114
26;2025-12-22;0;28
26;2025-12-22;1;1
26;2025-12-22;2;0
26;2025-12-22;3;0
26;2025-12-22;4;2
26;2025-12-22;5;92
26;2025-12-22;6;468
26;2025-12-22;7;1127
26;2025-12-22;8;2214
26;2025-12-22;9;1446
26;2025-12-22;10;1217
26;2025-12-22;11;1050
26;2025-12-22;12;1087
26;2025-12-22;13;1164
26;2025-12-22;14;1259
26;2025-12-22;15;1276
26;2025-12-22;16;1372
26;2025-12-22;17;1691
26;2025-12-22;18;1825
26;2025-12-22;19;1167
26;2025-12-22;20;741
26;2025-12-22;21;460
26;2025-12-22;22;187
26;2025-12-22;23;101
26;2025-12-23;0;31
26;2025-12-23;1;1
26;2025-12-23;2;0
26;2025-12-23;3;0
26;2025-12-23;4;0
26;2025-12-23;5;88
26;2025-12-23;6;470
26;2025-12-23;7;1138
26;2025-12-23;8;2393
26;2025-12-23;9;1496
26;2025-12-23;10;1349
26;2025-12-23;11;1239
26;2025-12-23;12;1165
26;2025-12-23;13;1172
26;2025-12-23;14;1267
26;2025-12-23;15;1396
26;2025-12-23;16;1494
26;2025-12-23;17;1805
26;2025-12-23;18;1946
26;2025-12-23;19;1290
26;2025-12-23;20;718
26;2025-12-23;21;489
26;2025-12-23;22;205
26;2025-12-23;23;107
26;2025-12-24;0;28
26;2025-12-24;1;1
26;2025-12-24;2;0
26;2025-12-24;3;0
26;2025-12-24;4;3
26;2025-12-24;5;107
26;2025-12-24;6;445
26;2025-12-24;7;1083
26;2025-12-24;8;2320
26;2025-12-24;9;1433
26;2025-12-24;10;1214
26;2025-12-24;11;1011
26;2025-12-24;12;1201
26;2025-12-24;13;1177
26;2025-12-24;14;1370
26;2025-12-24;15;1418
26;2025-12-24;16;1503
26;2025-12-24;17;1690
26;2025-12-24;18;1811
26;2025-12-24;19;1243
26;2025-12-24;20;777
26;2025-12-24;21;594
26;2025-12-24;22;214
26;2025-12-24;23;132
26;2025-12-25;0;48
26;2025-12-25;1;0
26;2025-12-25;2;0
26;2025-12-25;3;0
26;2025-12-25;4;2
26;2025-12-25;5;98
26;2025-12-25;6;464
26;2025-12-25;7;1098
26;2025-12-25;8;2277
26;2025-12-25;9;1542
26;2025-12-25;10;1226
26;2025-12-25;11;1158
26;2025-12-25;12;1211
26;2025-12-25;13;1218
26;2025-12-25;14;1423
26;2025-12-25;15;1405
26;2025-12-25;16;1541
26;2025-12-25;17;1656
26;2025-12-25;18;1853
26;2025-12-25;19;1190
26;2025-12-25;20;730
26;2025-12-25;21;494
26;2025-12-25;22;196
26;2025-12-25;23;134
26;2025-12-26;0;32
26;2025-12-26;1;0
26;2025-12-26;2;0
26;2025-12-26;3;0
26;2025-12-26;4;1
26;2025-12-26;5;81
26;2025-12-26;6;478
26;2025-12-26;7;1018
26;2025-12-26;8;2215
26;2025-12-26;9;1384
26;2025-12-26;10;1212
26;2025-12-26;11;1113
26;2025-12-26;12;1108
26;2025-12-26;13;1138
26;2025-12-26;14;1392
26;2025-12-26;15;1321
26;2025-12-26;16;1640
26;2025-12-26;17;1766
26;2025-12-26;18;1284
26;2025-12-26;19;994
26;2025-12-26;20;641
26;2025-12-26;21;449
26;2025-12-26;22;186
26;2025-12-26;23;146
26;2025-12-27;0;55
26;2025-12-27;1;2
26;2025-12-27;2;0
26;2025-12-27;3;0
26;2025-12-27;4;2
26;2025-12-27;5;50
26;2025-12-27;6;226
26;2025-12-27;7;351
26;2025-12-27;8;611
26;2025-12-27;9;647
26;2025-12-27;10;826
26;2025-12-27;11;996
26;2025-12-27;12;1048
26;2025-12-27;13;1062
26;2025-12-27;14;1078
26;2025-12-27;15;959
26;2025-12-27;16;1030
26;2025-12-27;17;949
26;2025-12-27;18;856
26;2025-12-27;19;737
26;2025-12-27;20;540
26;2025-12-27;21;350
26;2025-12-27;22;201
26;2025-12-27;23;159
26;2025-12-28;0;51
26;2025-12-28;1;4
26;2025-12-28;2;0
26;2025-12-28;3;0
26;2025-12-28;4;2
26;2025-12-28;5;20
26;2025-12-28;6;153
26;2025-12-28;7;252
26;2025-12-28;8;374
26;2025-12-28;9;505
26;2025-12-28;10;568
26;2025-12-28;11;803
26;2025-12-28;12;824
26;2025-12-28;13;882
26;2025-12-28;14;887
26;2025-12-28;15;782
26;2025-12-28;16;759
26;2025-12-28;17;785
26;2025-12-28;18;690
26;2025-12-28;19;504
26;2025-12-28;20;388
26;2025-12-28;21;282
26;2025-12-28;22;156
26;2025-12-28;23;114
26;2025-12-29;0;28
26;2025-12-29;1;1
26;2025-12-29;2;0
26;2025-12-29;3;0
26;2025-12-29;4;2
26;2025-12-29;5;92
26;2025-12-29;6;468
26;2025-12-29;7;1127
26;2025-12-29;8;2214
26;2025-12-29;9;1446
26;2025-12-29;10;1217
26;2025-12-29;11;1050
26;2025-12-29;12;1087
26;2025-12-29;13;1164
26;2025-12-29;14;1259
26;2025-12-29;15;1276
26;2025-12-29;16;1372
26;2025-12-29;17;1691
26;2025-12-29;18;1825
26;2025-12-29;19;1167
26;2025-12-29;20;741
26;2025-12-29;21;460
26;2025-12-29;22;187
26;2025-12-29;23;101
26;2025-12-30;0;31
26;2025-12-30;1;1
26;2025-12-30;2;0
26;2025-12-30;3;0
26;2025-12-30;4;0
26;2025-12-30;5;88
26;2025-12-30;6;470
26;2025-12-30;7;1138
26;2025-12-30;8;2393
26;2025-12-30;9;1496
26;2025-12-30;10;1349
26;2025-12-30;11;1239
26;2025-12-30;12;1165
26;2025-12-30;13;1172
26;2025-12-30;14;1267
26;2025-12-30;15;1396
26;2025-12-30;16;1494
26;2025-12-30;17;1805
26;2025-12-30;18;1946
26;2025-12-30;19;1290
26;2025-12-30;20;718
26;2025-12-30;21;489
26;2025-12-30;22;205
26;2025-12-30;23;107
26;2025-12-31;0;51
26;2025-12-31;1;4
26;2025-12-31;2;0
26;2025-12-31;3;0
26;2025-12-31;4;2
26;2025-12-31;5;20
26;2025-12-31;6;153
26;2025-12-31;7;252
26;2025-12-31;8;374
26;2025-12-31;9;505
26;2025-12-31;10;568
26;2025-12-31;11;803
26;2025-12-31;12;824
26;2025-12-31;13;882
26;2025-12-31;14;887
26;2025-12-31;15;782
26;2025-12-31;16;759
26;2025-12-31;17;785
26;2025-12-31;18;690
26;2025-12-31;19;504
26;2025-12-31;20;388
26;2025-12-31;21;282
26;2025-12-31;22;156
26;2025-12-31;23;114
28;2025-11-01;0;1
28;2025-11-01;1;0
28;2025-11-01;2;0
28;2025-11-01;3;0
28;2025-11-01;4;2
28;2025-11-01;5;67
28;2025-11-01;6;229
28;2025-11-01;7;657
28;2025-11-01;8;993
28;2025-11-01;9;733
28;2025-11-01;10;573
28;2025-11-01;11;540
28;2025-11-01;12;669
28;2025-11-01;13;672
28;2025-11-01;14;643
28;2025-11-01;15;664
28;2025-11-01;16;826
28;2025-11-01;17;884
28;2025-11-01;18;740
28;2025-11-01;19;585
28;2025-11-01;20;435
28;2025-11-01;21;306
28;2025-11-01;22;144
28;2025-11-01;23;22
28;2025-11-02;0;7
28;2025-11-02;1;3
28;2025-11-02;2;1
28;2025-11-02;3;0
28;2025-11-02;4;1
28;2025-11-02;5;31
28;2025-11-02;6;82
28;2025-11-02;7;150
28;2025-11-02;8;240
28;2025-11-02;9;329
28;2025-11-02;10;364
28;2025-11-02;11;403
28;2025-11-02;12;446
28;2025-11-02;13;508
28;2025-11-02;14;500
28;2025-11-02;15;490
28;2025-11-02;16;463
28;2025-11-02;17;452
28;2025-11-02;18;406
28;2025-11-02;19;351
28;2025-11-02;20;288
28;2025-11-02;21;239
28;2025-11-02;22;110
28;2025-11-02;23;14
28;2025-11-03;0;7
28;2025-11-03;1;3
28;2025-11-03;2;1
28;2025-11-03;3;0
28;2025-11-03;4;1
28;2025-11-03;5;31
28;2025-11-03;6;82
28;2025-11-03;7;150
28;2025-11-03;8;240
28;2025-11-03;9;329
28;2025-11-03;10;364
28;2025-11-03;11;403
28;2025-11-03;12;446
28;2025-11-03;13;508
28;2025-11-03;14;500
28;2025-11-03;15;490
28;2025-11-03;16;463
28;2025-11-03;17;452
28;2025-11-03;18;406
28;2025-11-03;19;351
28;2025-11-03;20;288
28;2025-11-03;21;239
28;2025-11-03;22;110
28;2025-11-03;23;14
28;2025-11-04;0;7
28;2025-11-04;1;3
28;2025-11-04;2;1
28;2025-11-04;3;0
28;2025-11-04;4;1
28;2025-11-04;5;31
28;2025-11-04;6;82
28;2025-11-04;7;150
28;2025-11-04;8;240
28;2025-11-04;9;329
28;2025-11-04;10;364
28;2025-11-04;11;403
28;2025-11-04;12;446
28;2025-11-04;13;508
28;2025-11-04;14;500
28;2025-11-04;15;490
28;2025-11-04;16;463
28;2025-11-04;17;452
28;2025-11-04;18;406
28;2025-11-04;19;351
28;2025-11-04;20;288
28;2025-11-04;21;239
28;2025-11-04;22;110
28;2025-11-04;23;14
28;2025-11-05;0;1
28;2025-11-05;1;0
28;2025-11-05;2;0
28;2025-11-05;3;0
28;2025-11-05;4;2
28;2025-11-05;5;84
28;2025-11-05;6;271
28;2025-11-05;7;765
28;2025-11-05;8;1190
28;2025-11-05;9;830
28;2025-11-05;10;613
28;2025-11-05;11;597
28;2025-11-05;12;706
28;2025-11-05;13;731
28;2025-11-05;14;651
28;2025-11-05;15;696
28;2025-11-05;16;859
28;2025-11-05;17;959
28;2025-11-05;18;946
28;2025-11-05;19;721
28;2025-11-05;20;512
28;2025-11-05;21;327
28;2025-11-05;22;141
28;2025-11-05;23;17
28;2025-11-06;0;1
28;2025-11-06;1;0
28;2025-11-06;2;0
28;2025-11-06;3;0
28;2025-11-06;4;2
28;2025-11-06;5;77
28;2025-11-06;6;266
28;2025-11-06;7;754
28;2025-11-06;8;1173
28;2025-11-06;9;826
28;2025-11-06;10;612
28;2025-11-06;11;563
28;2025-11-06;12;684
28;2025-11-06;13;703
28;2025-11-06;14;656
28;2025-11-06;15;659
28;2025-11-06;16;815
28;2025-11-06;17;959
28;2025-11-06;18;953
28;2025-11-06;19;714
28;2025-11-06;20;505
28;2025-11-06;21;319
28;2025-11-06;22;138
28;2025-11-06;23;16
28;2025-11-07;0;1
28;2025-11-07;1;0
28;2025-11-07;2;0
28;2025-11-07;3;0
28;2025-11-07;4;2
28;2025-11-07;5;73
28;2025-11-07;6;252
28;2025-11-07;7;735
28;2025-11-07;8;1102
28;2025-11-07;9;782
28;2025-11-07;10;590
28;2025-11-07;11;550
28;2025-11-07;12;687
28;2025-11-07;13;687
28;2025-11-07;14;653
28;2025-11-07;15;678
28;2025-11-07;16;876
28;2025-11-07;17;939
28;2025-11-07;18;784
28;2025-11-07;19;615
28;2025-11-07;20;457
28;2025-11-07;21;312
28;2025-11-07;22;144
28;2025-11-07;23;21
28;2025-11-08;0;2
28;2025-11-08;1;0
28;2025-11-08;2;0
28;2025-11-08;3;0
28;2025-11-08;4;1
28;2025-11-08;5;37
28;2025-11-08;6;99
28;2025-11-08;7;219
28;2025-11-08;8;378
28;2025-11-08;9;455
28;2025-11-08;10;478
28;2025-11-08;11;486
28;2025-11-08;12;567
28;2025-11-08;13;587
28;2025-11-08;14;583
28;2025-11-08;15;582
28;2025-11-08;16;543
28;2025-11-08;17;568
28;2025-11-08;18;492
28;2025-11-08;19;415
28;2025-11-08;20;316
28;2025-11-08;21;276
28;2025-11-08;22;143
28;2025-11-08;23;28
28;2025-11-09;0;7
28;2025-11-09;1;3
28;2025-11-09;2;1
28;2025-11-09;3;0
28;2025-11-09;4;1
28;2025-11-09;5;31
28;2025-11-09;6;82
28;2025-11-09;7;150
28;2025-11-09;8;240
28;2025-11-09;9;329
28;2025-11-09;10;364
28;2025-11-09;11;403
28;2025-11-09;12;446
28;2025-11-09;13;508
28;2025-11-09;14;500
28;2025-11-09;15;490
28;2025-11-09;16;463
28;2025-11-09;17;452
28;2025-11-09;18;406
28;2025-11-09;19;351
28;2025-11-09;20;288
28;2025-11-09;21;239
28;2025-11-09;22;110
28;2025-11-09;23;14
28;2025-11-10;0;1
28;2025-11-10;1;0
28;2025-11-10;2;0
28;2025-11-10;3;0
28;2025-11-10;4;2
28;2025-11-10;5;78
28;2025-11-10;6;266
28;2025-11-10;7;752
28;2025-11-10;8;1176
28;2025-11-10;9;818
28;2025-11-10;10;572
28;2025-11-10;11;529
28;2025-11-10;12;654
28;2025-11-10;13;667
28;2025-11-10;14;602
28;2025-11-10;15;622
28;2025-11-10;16;824
28;2025-11-10;17;917
28;2025-11-10;18;914
28;2025-11-10;19;697
28;2025-11-10;20;477
28;2025-11-10;21;290
28;2025-11-10;22;117
28;2025-11-10;23;11
28;2025-11-11;0;1
28;2025-11-11;1;0
28;2025-11-11;2;0
28;2025-11-11;3;0
28;2025-11-11;4;3
28;2025-11-11;5;73
28;2025-11-11;6;264
28;2025-11-11;7;781
28;2025-11-11;8;1199
28;2025-11-11;9;847
28;2025-11-11;10;648
28;2025-11-11;11;563
28;2025-11-11;12;674
28;2025-11-11;13;721
28;2025-11-11;14;647
28;2025-11-11;15;666
28;2025-11-11;16;785
28;2025-11-11;17;926
28;2025-11-11;18;914
28;2025-11-11;19;691
28;2025-11-11;20;504
28;2025-11-11;21;309
28;2025-11-11;22;123
28;2025-11-11;23;16
28;2025-11-12;0;1
28;2025-11-12;1;0
28;2025-11-12;2;0
28;2025-11-12;3;0
28;2025-11-12;4;2
28;2025-11-12;5;84
28;2025-11-12;6;271
28;2025-11-12;7;765
28;2025-11-12;8;1190
28;2025-11-12;9;830
28;2025-11-12;10;613
28;2025-11-12;11;597
28;2025-11-12;12;706
28;2025-11-12;13;731
28;2025-11-12;14;651
28;2025-11-12;15;696
28;2025-11-12;16;859
28;2025-11-12;17;959
28;2025-11-12;18;946
28;2025-11-12;19;721
28;2025-11-12;20;512
28;2025-11-12;21;327
28;2025-11-12;22;141
28;2025-11-12;23;17
28;2025-11-13;0;1
28;2025-11-13;1;0
28;2025-11-13;2;0
28;2025-11-13;3;0
28;2025-11-13;4;2
28;2025-11-13;5;77
28;2025-11-13;6;266
28;2025-11-13;7;754
28;2025-11-13;8;1173
28;2025-11-13;9;826
28;2025-11-13;10;612
28;2025-11-13;11;563
28;2025-11-13;12;684
28;2025-11-13;13;703
28;2025-11-13;14;656
28;2025-11-13;15;659
28;2025-11-13;16;815
28;2025-11-13;17;959
28;2025-11-13;18;953
28;2025-11-13;19;714
28;2025-11-13;20;505
28;2025-11-13;21;319
28;2025-11-13;22;138
28;2025-11-13;23;16
28;2025-11-14;0;1
28;2025-11-14;1;0
28;2025-11-14;2;0
28;2025-11-14;3;0
28;2025-11-14;4;2
28;2025-11-14;5;73
28;2025-11-14;6;252
28;2025-11-14;7;735
28;2025-11-14;8;1102
28;2025-11-14;9;782
28;2025-11-14;10;590
28;2025-11-14;11;550
28;2025-11-14;12;687
28;2025-11-14;13;687
28;2025-11-14;14;653
28;2025-11-14;15;678
28;2025-11-14;16;876
28;2025-11-14;17;939
28;2025-11-14;18;784
28;2025-11-14;19;615
28;2025-11-14;20;457
28;2025-11-14;21;312
28;2025-11-14;22;144
28;2025-11-14;23;21
28;2025-11-15;0;2
28;2025-11-15;1;0
28;2025-11-15;2;0
28;2025-11-15;3;0
28;2025-11-15;4;1
28;2025-11-15;5;37
28;2025-11-15;6;99
28;2025-11-15;7;219
28;2025-11-15;8;378
28;2025-11-15;9;455
28;2025-11-15;10;478
28;2025-11-15;11;486
28;2025-11-15;12;567
28;2025-11-15;13;587
28;2025-11-15;14;583
28;2025-11-15;15;582
28;2025-11-15;16;543
28;2025-11-15;17;568
28;2025-11-15;18;492
28;2025-11-15;19;415
28;2025-11-15;20;316
28;2025-11-15;21;276
28;2025-11-15;22;143
28;2025-11-15;23;28
28;2025-11-16;0;7
28;2025-11-16;1;3
28;2025-11-16;2;1
28;2025-11-16;3;0
28;2025-11-16;4;1
28;2025-11-16;5;31
28;2025-11-16;6;82
28;2025-11-16;7;150
28;2025-11-16;8;240
28;2025-11-16;9;329
28;2025-11-16;10;364
28;2025-11-16;11;403
28;2025-11-16;12;446
28;2025-11-16;13;508
28;2025-11-16;14;500
28;2025-11-16;15;490
28;2025-11-16;16;463
28;2025-11-16;17;452
28;2025-11-16;18;406
28;2025-11-16;19;351
28;2025-11-16;20;288
28;2025-11-16;21;239
28;2025-11-16;22;110
28;2025-11-16;23;14
28;2025-11-17;0;1
28;2025-11-17;1;0
28;2025-11-17;2;0
28;2025-11-17;3;0
28;2025-11-17;4;2
28;2025-11-17;5;78
28;2025-11-17;6;266
28;2025-11-17;7;752
28;2025-11-17;8;1176
28;2025-11-17;9;818
28;2025-11-17;10;572
28;2025-11-17;11;529
28;2025-11-17;12;654
28;2025-11-17;13;667
28;2025-11-17;14;602
28;2025-11-17;15;622
28;2025-11-17;16;824
28;2025-11-17;17;917
28;2025-11-17;18;914
28;2025-11-17;19;697
28;2025-11-17;20;477
28;2025-11-17;21;290
28;2025-11-17;22;117
28;2025-11-17;23;11
28;2025-11-18;0;1
28;2025-11-18;1;0
28;2025-11-18;2;0
28;2025-11-18;3;0
28;2025-11-18;4;3
28;2025-11-18;5;73
28;2025-11-18;6;264
28;2025-11-18;7;781
28;2025-11-18;8;1199
28;2025-11-18;9;847
28;2025-11-18;10;648
28;2025-11-18;11;563
28;2025-11-18;12;674
28;2025-11-18;13;721
28;2025-11-18;14;647
28;2025-11-18;15;666
28;2025-11-18;16;785
28;2025-11-18;17;926
28;2025-11-18;18;914
28;2025-11-18;19;691
28;2025-11-18;20;504
28;2025-11-18;21;309
28;2025-11-18;22;123
28;2025-11-18;23;16
28;2025-11-19;0;1
28;2025-11-19;1;0
28;2025-11-19;2;0
28;2025-11-19;3;0
28;2025-11-19;4;2
28;2025-11-19;5;84
28;2025-11-19;6;271
28;2025-11-19;7;765
28;2025-11-19;8;1190
28;2025-11-19;9;830
28;2025-11-19;10;613
28;2025-11-19;11;597
28;2025-11-19;12;706
28;2025-11-19;13;731
28;2025-11-19;14;651
28;2025-11-19;15;696
28;2025-11-19;16;859
28;2025-11-19;17;959
28;2025-11-19;18;946
28;2025-11-19;19;721
28;2025-11-19;20;512
28;2025-11-19;21;327
28;2025-11-19;22;141
28;2025-11-19;23;17
28;2025-11-20;0;1
28;2025-11-20;1;0
28;2025-11-20;2;0
28;2025-11-20;3;0
28;2025-11-20;4;2
28;2025-11-20;5;77
28;2025-11-20;6;266
28;2025-11-20;7;754
28;2025-11-20;8;1173
28;2025-11-20;9;826
28;2025-11-20;10;612
28;2025-11-20;11;563
28;2025-11-20;12;684
28;2025-11-20;13;703
28;2025-11-20;14;656
28;2025-11-20;15;659
28;2025-11-20;16;815
28;2025-11-20;17;959
28;2025-11-20;18;953
28;2025-11-20;19;714
28;2025-11-20;20;505
28;2025-11-20;21;319
28;2025-11-20;22;138
28;2025-11-20;23;16
28;2025-11-21;0;1
28;2025-11-21;1;0
28;2025-11-21;2;0
28;2025-11-21;3;0
28;2025-11-21;4;2
28;2025-11-21;5;73
28;2025-11-21;6;252
28;2025-11-21;7;735
28;2025-11-21;8;1102
28;2025-11-21;9;782
28;2025-11-21;10;590
28;2025-11-21;11;550
28;2025-11-21;12;687
28;2025-11-21;13;687
28;2025-11-21;14;653
28;2025-11-21;15;678
28;2025-11-21;16;876
28;2025-11-21;17;939
28;2025-11-21;18;784
28;2025-11-21;19;615
28;2025-11-21;20;457
28;2025-11-21;21;312
28;2025-11-21;22;144
28;2025-11-21;23;21
28;2025-11-22;0;2
28;2025-11-22;1;0
28;2025-11-22;2;0
28;2025-11-22;3;0
28;2025-11-22;4;1
28;2025-11-22;5;37
28;2025-11-22;6;99
28;2025-11-22;7;219
28;2025-11-22;8;378
28;2025-11-22;9;455
28;2025-11-22;10;478
28;2025-11-22;11;486
28;2025-11-22;12;567
28;2025-11-22;13;587
28;2025-11-22;14;583
28;2025-11-22;15;582
28;2025-11-22;16;543
28;2025-11-22;17;568
28;2025-11-22;18;492
28;2025-11-22;19;415
28;2025-11-22;20;316
28;2025-11-22;21;276
28;2025-11-22;22;143
28;2025-11-22;23;28
28;2025-11-23;0;7
28;2025-11-23;1;3
28;2025-11-23;2;1
28;2025-11-23;3;0
28;2025-11-23;4;1
28;2025-11-23;5;31
28;2025-11-23;6;82
28;2025-11-23;7;150
28;2025-11-23;8;240
28;2025-11-23;9;329
28;2025-11-23;10;364
28;2025-11-23;11;403
28;2025-11-23;12;446
28;2025-11-23;13;508
28;2025-11-23;14;500
28;2025-11-23;15;490
28;2025-11-23;16;463
28;2025-11-23;17;452
28;2025-11-23;18;406
28;2025-11-23;19;351
28;2025-11-23;20;288
28;2025-11-23;21;239
28;2025-11-23;22;110
28;2025-11-23;23;14
28;2025-11-24;0;1
28;2025-11-24;1;0
28;2025-11-24;2;0
28;2025-11-24;3;0
28;2025-11-24;4;2
28;2025-11-24;5;78
28;2025-11-24;6;266
28;2025-11-24;7;752
28;2025-11-24;8;1176
28;2025-11-24;9;818
28;2025-11-24;10;572
28;2025-11-24;11;529
28;2025-11-24;12;654
28;2025-11-24;13;667
28;2025-11-24;14;602
28;2025-11-24;15;622
28;2025-11-24;16;824
28;2025-11-24;17;917
28;2025-11-24;18;914
28;2025-11-24;19;697
28;2025-11-24;20;477
28;2025-11-24;21;290
28;2025-11-24;22;117
28;2025-11-24;23;11
28;2025-11-25;0;1
28;2025-11-25;1;0
28;2025-11-25;2;0
28;2025-11-25;3;0
28;2025-11-25;4;3
28;2025-11-25;5;73
28;2025-11-25;6;264
28;2025-11-25;7;781
28;2025-11-25;8;1199
28;2025-11-25;9;847
28;2025-11-25;10;648
28;2025-11-25;11;563
28;2025-11-25;12;674
28;2025-11-25;13;721
28;2025-11-25;14;647
28;2025-11-25;15;666
28;2025-11-25;16;785
28;2025-11-25;17;926
28;2025-11-25;18;914
28;2025-11-25;19;691
28;2025-11-25;20;504
28;2025-11-25;21;309
28;2025-11-25;22;123
28;2025-11-25;23;16
28;2025-11-26;0;1
28;2025-11-26;1;0
28;2025-11-26;2;0
28;2025-11-26;3;0
28;2025-11-26;4;2
28;2025-11-26;5;84
28;2025-11-26;6;271
28;2025-11-26;7;765
28;2025-11-26;8;1190
28;2025-11-26;9;830
28;2025-11-26;10;613
28;2025-11-26;11;597
28;2025-11-26;12;706
28;2025-11-26;13;731
28;2025-11-26;14;651
28;2025-11-26;15;696
28;2025-11-26;16;859
28;2025-11-26;17;959
28;2025-11-26;18;946
28;2025-11-26;19;721
28;2025-11-26;20;512
28;2025-11-26;21;327
28;2025-11-26;22;141
28;2025-11-26;23;17
28;2025-11-27;0;1
28;2025-11-27;1;0
28;2025-11-27;2;0
28;2025-11-27;3;0
28;2025-11-27;4;2
28;2025-11-27;5;77
28;2025-11-27;6;266
28;2025-11-27;7;754
28;2025-11-27;8;1173
28;2025-11-27;9;826
28;2025-11-27;10;612
28;2025-11-27;11;563
28;2025-11-27;12;684
28;2025-11-27;13;703
28;2025-11-27;14;656
28;2025-11-27;15;659
28;2025-11-27;16;815
28;2025-11-27;17;959
28;2025-11-27;18;953
28;2025-11-27;19;714
28;2025-11-27;20;505
28;2025-11-27;21;319
28;2025-11-27;22;138
28;2025-11-27;23;16
28;2025-11-28;0;1
28;2025-11-28;1;0
28;2025-11-28;2;0
28;2025-11-28;3;0
28;2025-11-28;4;2
28;2025-11-28;5;73
28;2025-11-28;6;252
28;2025-11-28;7;735
28;2025-11-28;8;1102
28;2025-11-28;9;782
28;2025-11-28;10;590
28;2025-11-28;11;550
28;2025-11-28;12;687
28;2025-11-28;13;687
28;2025-11-28;14;653
28;2025-11-28;15;678
28;2025-11-28;16;876
28;2025-11-28;17;939
28;2025-11-28;18;784
28;2025-11-28;19;615
28;2025-11-28;20;457
28;2025-11-28;21;312
28;2025-11-28;22;144
28;2025-11-28;23;21
28;2025-11-29;0;2
28;2025-11-29;1;0
28;2025-11-29;2;0
28;2025-11-29;3;0
28;2025-11-29;4;1
28;2025-11-29;5;37
28;2025-11-29;6;99
28;2025-11-29;7;219
28;2025-11-29;8;378
28;2025-11-29;9;455
28;2025-11-29;10;478
28;2025-11-29;11;486
28;2025-11-29;12;567
28;2025-11-29;13;587
28;2025-11-29;14;583
28;2025-11-29;15;582
28;2025-11-29;16;543
28;2025-11-29;17;568
28;2025-11-29;18;492
28;2025-11-29;19;415
28;2025-11-29;20;316
28;2025-11-29;21;276
28;2025-11-29;22;143
28;2025-11-29;23;28
28;2025-11-30;0;7
28;2025-11-30;1;3
28;2025-11-30;2;1
28;2025-11-30;3;0
28;2025-11-30;4;1
28;2025-11-30;5;31
28;2025-11-30;6;82
28;2025-11-30;7;150
28;2025-11-30;8;240
28;2025-11-30;9;329
28;2025-11-30;10;364
28;2025-11-30;11;403
28;2025-11-30;12;446
28;2025-11-30;13;508
28;2025-11-30;14;500
28;2025-11-30;15;490
28;2025-11-30;16;463
28;2025-11-30;17;452
28;2025-11-30;18;406
28;2025-11-30;19;351
28;2025-11-30;20;288
28;2025-11-30;21;239
28;2025-11-30;22;110
28;2025-11-30;23;14
28;2025-12-01;0;1
28;2025-12-01;1;0
28;2025-12-01;2;0
28;2025-12-01;3;0
28;2025-12-01;4;2
28;2025-12-01;5;78
28;2025-12-01;6;266
28;2025-12-01;7;752
28;2025-12-01;8;1176
28;2025-12-01;9;818
28;2025-12-01;10;572
28;2025-12-01;11;529
28;2025-12-01;12;654
28;2025-12-01;13;667
28;2025-12-01;14;602
28;2025-12-01;15;622
28;2025-12-01;16;824
28;2025-12-01;17;917
28;2025-12-01;18;914
28;2025-12-01;19;697
28;2025-12-01;20;477
28;2025-12-01;21;290
28;2025-12-01;22;117
28;2025-12-01;23;11
28;2025-12-02;0;1
28;2025-12-02;1;0
28;2025-12-02;2;0
28;2025-12-02;3;0
28;2025-12-02;4;3
28;2025-12-02;5;73
28;2025-12-02;6;264
28;2025-12-02;7;781
28;2025-12-02;8;1199
28;2025-12-02;9;847
28;2025-12-02;10;648
28;2025-12-02;11;563
28;2025-12-02;12;674
28;2025-12-02;13;721
28;2025-12-02;14;647
28;2025-12-02;15;666
28;2025-12-02;16;785
28;2025-12-02;17;926
28;2025-12-02;18;914
28;2025-12-02;19;691
28;2025-12-02;20;504
28;2025-12-02;21;309
28;2025-12-02;22;123
28;2025-12-02;23;16
28;2025-12-03;0;1
28;2025-12-03;1;0
28;2025-12-03;2;0
28;2025-12-03;3;0
28;2025-12-03;4;2
28;2025-12-03;5;84
28;2025-12-03;6;271
28;2025-12-03;7;765
28;2025-12-03;8;1190
28;2025-12-03;9;830
28;2025-12-03;10;613
28;2025-12-03;11;597
28;2025-12-03;12;706
28;2025-12-03;13;731
28;2025-12-03;14;651
28;2025-12-03;15;696
28;2025-12-03;16;859
28;2025-12-03;17;959
28;2025-12-03;18;946
28;2025-12-03;19;721
28;2025-12-03;20;512
28;2025-12-03;21;327
28;2025-12-03;22;141
28;2025-12-03;23;17
28;2025-12-04;0;1
28;2025-12-04;1;0
28;2025-12-04;2;0
28;2025-12-04;3;0
28;2025-12-04;4;2
28;2025-12-04;5;77
28;2025-12-04;6;266
28;2025-12-04;7;754
28;2025-12-04;8;1173
28;2025-12-04;9;826
28;2025-12-04;10;612
28;2025-12-04;11;563
28;2025-12-04;12;684
28;2025-12-04;13;703
28;2025-12-04;14;656
28;2025-12-04;15;659
28;2025-12-04;16;815
28;2025-12-04;17;959
28;2025-12-04;18;953
28;2025-12-04;19;714
28;2025-12-04;20;505
28;2025-12-04;21;319
28;2025-12-04;22;138
28;2025-12-04;23;16
28;2025-12-05;0;1
28;2025-12-05;1;0
28;2025-12-05;2;0
28;2025-12-05;3;0
28;2025-12-05;4;2
28;2025-12-05;5;73
28;2025-12-05;6;252
28;2025-12-05;7;735
28;2025-12-05;8;1102
28;2025-12-05;9;782
28;2025-12-05;10;590
28;2025-12-05;11;550
28;2025-12-05;12;687
28;2025-12-05;13;687
28;2025-12-05;14;653
28;2025-12-05;15;678
28;2025-12-05;16;876
28;2025-12-05;17;939
28;2025-12-05;18;784
28;2025-12-05;19;615
28;2025-12-05;20;457
28;2025-12-05;21;312
28;2025-12-05;22;144
28;2025-12-05;23;21
28;2025-12-06;0;2
28;2025-12-06;1;0
28;2025-12-06;2;0
28;2025-12-06;3;0
28;2025-12-06;4;1
28;2025-12-06;5;37
28;2025-12-06;6;99
28;2025-12-06;7;219
28;2025-12-06;8;378
28;2025-12-06;9;455
28;2025-12-06;10;478
28;2025-12-06;11;486
28;2025-12-06;12;567
28;2025-12-06;13;587
28;2025-12-06;14;583
28;2025-12-06;15;582
28;2025-12-06;16;543
28;2025-12-06;17;568
28;2025-12-06;18;492
28;2025-12-06;19;415
28;2025-12-06;20;316
28;2025-12-06;21;276
28;2025-12-06;22;143
28;2025-12-06;23;28
28;2025-12-07;0;7
28;2025-12-07;1;3
28;2025-12-07;2;1
28;2025-12-07;3;0
28;2025-12-07;4;1
28;2025-12-07;5;31
28;2025-12-07;6;82
28;2025-12-07;7;150
28;2025-12-07;8;240
28;2025-12-07;9;329
28;2025-12-07;10;364
28;2025-12-07;11;403
28;2025-12-07;12;446
28;2025-12-07;13;508
28;2025-12-07;14;500
28;2025-12-07;15;490
28;2025-12-07;16;463
28;2025-12-07;17;452
28;2025-12-07;18;406
28;2025-12-07;19;351
28;2025-12-07;20;288
28;2025-12-07;21;239
28;2025-12-07;22;110
28;2025-12-07;23;14
28;2025-12-08;0;1
28;2025-12-08;1;0
28;2025-12-08;2;0
28;2025-12-08;3;0
28;2025-12-08;4;2
28;2025-12-08;5;78
28;2025-12-08;6;266
28;2025-12-08;7;752
28;2025-12-08;8;1176
28;2025-12-08;9;818
28;2025-12-08;10;572
28;2025-12-08;11;529
28;2025-12-08;12;654
28;2025-12-08;13;667
28;2025-12-08;14;602
28;2025-12-08;15;622
28;2025-12-08;16;824
28;2025-12-08;17;917
28;2025-12-08;18;914
28;2025-12-08;19;697
28;2025-12-08;20;477
28;2025-12-08;21;290
28;2025-12-08;22;117
28;2025-12-08;23;11
28;2025-12-09;0;1
28;2025-12-09;1;0
28;2025-12-09;2;0
28;2025-12-09;3;0
28;2025-12-09;4;3
28;2025-12-09;5;73
28;2025-12-09;6;264
28;2025-12-09;7;781
28;2025-12-09;8;1199
28;2025-12-09;9;847
28;2025-12-09;10;648
28;2025-12-09;11;563
28;2025-12-09;12;674
28;2025-12-09;13;721
28;2025-12-09;14;647
28;2025-12-09;15;666
28;2025-12-09;16;785
28;2025-12-09;17;926
28;2025-12-09;18;914
28;2025-12-09;19;691
28;2025-12-09;20;504
28;2025-12-09;21;309
28;2025-12-09;22;123
28;2025-12-09;23;16
28;2025-12-10;0;1
28;2025-12-10;1;0
28;2025-12-10;2;0
28;2025-12-10;3;0
28;2025-12-10;4;2
28;2025-12-10;5;84
28;2025-12-10;6;271
28;2025-12-10;7;765
28;2025-12-10;8;1190
28;2025-12-10;9;830
28;2025-12-10;10;613
28;2025-12-10;11;597
28;2025-12-10;12;706
28;2025-12-10;13;731
28;2025-12-10;14;651
28;2025-12-10;15;696
28;2025-12-10;16;859
28;2025-12-10;17;959
28;2025-12-10;18;946
28;2025-12-10;19;721
28;2025-12-10;20;512
28;2025-12-10;21;327
28;2025-12-10;22;141
28;2025-12-10;23;17
28;2025-12-11;0;1
28;2025-12-11;1;0
28;2025-12-11;2;0
28;2025-12-11;3;0
28;2025-12-11;4;2
28;2025-12-11;5;77
28;2025-12-11;6;266
28;2025-12-11;7;754
28;2025-12-11;8;1173
28;2025-12-11;9;826
28;2025-12-11;10;612
28;2025-12-11;11;563
28;2025-12-11;12;684
28;2025-12-11;13;703
28;2025-12-11;14;656
28;2025-12-11;15;659
28;2025-12-11;16;815
28;2025-12-11;17;959
28;2025-12-11;18;953
28;2025-12-11;19;714
28;2025-12-11;20;505
28;2025-12-11;21;319
28;2025-12-11;22;138
28;2025-12-11;23;16
28;2025-12-12;0;1
28;2025-12-12;1;0
28;2025-12-12;2;0
28;2025-12-12;3;0
28;2025-12-12;4;2
28;2025-12-12;5;73
28;2025-12-12;6;252
28;2025-12-12;7;735
28;2025-12-12;8;1102
28;2025-12-12;9;782
28;2025-12-12;10;590
28;2025-12-12;11;550
28;2025-12-12;12;687
28;2025-12-12;13;687
28;2025-12-12;14;653
28;2025-12-12;15;678
28;2025-12-12;16;876
28;2025-12-12;17;939
28;2025-12-12;18;784
28;2025-12-12;19;615
28;2025-12-12;20;457
28;2025-12-12;21;312
28;2025-12-12;22;144
28;2025-12-12;23;21
28;2025-12-13;0;2
28;2025-12-13;1;0
28;2025-12-13;2;0
28;2025-12-13;3;0
28;2025-12-13;4;1
28;2025-12-13;5;37
28;2025-12-13;6;99
28;2025-12-13;7;219
28;2025-12-13;8;378
28;2025-12-13;9;455
28;2025-12-13;10;478
28;2025-12-13;11;486
28;2025-12-13;12;567
28;2025-12-13;13;587
28;2025-12-13;14;583
28;2025-12-13;15;582
28;2025-12-13;16;543
28;2025-12-13;17;568
28;2025-12-13;18;492
28;2025-12-13;19;415
28;2025-12-13;20;316
28;2025-12-13;21;276
28;2025-12-13;22;143
28;2025-12-13;23;28
28;2025-12-14;0;7
28;2025-12-14;1;3
28;2025-12-14;2;1
28;2025-12-14;3;0
28;2025-12-14;4;1
28;2025-12-14;5;31
28;2025-12-14;6;82
28;2025-12-14;7;150
28;2025-12-14;8;240
28;2025-12-14;9;329
28;2025-12-14;10;364
28;2025-12-14;11;403
28;2025-12-14;12;446
28;2025-12-14;13;508
28;2025-12-14;14;500
28;2025-12-14;15;490
28;2025-12-14;16;463
28;2025-12-14;17;452
28;2025-12-14;18;406
28;2025-12-14;19;351
28;2025-12-14;20;288
28;2025-12-14;21;239
28;2025-12-14;22;110
28;2025-12-14;23;14
28;2025-12-15;0;1
28;2025-12-15;1;0
28;2025-12-15;2;0
28;2025-12-15;3;0
28;2025-12-15;4;2
28;2025-12-15;5;78
28;2025-12-15;6;266
28;2025-12-15;7;752
28;2025-12-15;8;1176
28;2025-12-15;9;818
28;2025-12-15;10;572
28;2025-12-15;11;529
28;2025-12-15;12;654
28;2025-12-15;13;667
28;2025-12-15;14;602
28;2025-12-15;15;622
28;2025-12-15;16;824
28;2025-12-15;17;917
28;2025-12-15;18;914
28;2025-12-15;19;697
28;2025-12-15;20;477
28;2025-12-15;21;290
28;2025-12-15;22;117
28;2025-12-15;23;11
28;2025-12-16;0;1
28;2025-12-16;1;0
28;2025-12-16;2;0
28;2025-12-16;3;0
28;2025-12-16;4;3
28;2025-12-16;5;73
28;2025-12-16;6;264
28;2025-12-16;7;781
28;2025-12-16;8;1199
28;2025-12-16;9;847
28;2025-12-16;10;648
28;2025-12-16;11;563
28;2025-12-16;12;674
28;2025-12-16;13;721
28;2025-12-16;14;647
28;2025-12-16;15;666
28;2025-12-16;16;785
28;2025-12-16;17;926
28;2025-12-16;18;914
28;2025-12-16;19;691
28;2025-12-16;20;504
28;2025-12-16;21;309
28;2025-12-16;22;123
28;2025-12-16;23;16
28;2025-12-17;0;1
28;2025-12-17;1;0
28;2025-12-17;2;0
28;2025-12-17;3;0
28;2025-12-17;4;2
28;2025-12-17;5;84
28;2025-12-17;6;271
28;2025-12-17;7;765
28;2025-12-17;8;1190
28;2025-12-17;9;830
28;2025-12-17;10;613
28;2025-12-17;11;597
28;2025-12-17;12;706
28;2025-12-17;13;731
28;2025-12-17;14;651
28;2025-12-17;15;696
28;2025-12-17;16;859
28;2025-12-17;17;959
28;2025-12-17;18;946
28;2025-12-17;19;721
28;2025-12-17;20;512
28;2025-12-17;21;327
28;2025-12-17;22;141
28;2025-12-17;23;17
28;2025-12-18;0;1
28;2025-12-18;1;0
28;2025-12-18;2;0
28;2025-12-18;3;0
28;2025-12-18;4;2
28;2025-12-18;5;77
28;2025-12-18;6;266
28;2025-12-18;7;754
28;2025-12-18;8;1173
28;2025-12-18;9;826
28;2025-12-18;10;612
28;2025-12-18;11;563
28;2025-12-18;12;684
28;2025-12-18;13;703
28;2025-12-18;14;656
28;2025-12-18;15;659
28;2025-12-18;16;815
28;2025-12-18;17;959
28;2025-12-18;18;953
28;2025-12-18;19;714
28;2025-12-18;20;505
28;2025-12-18;21;319
28;2025-12-18;22;138
28;2025-12-18;23;16
28;2025-12-19;0;1
28;2025-12-19;1;0
28;2025-12-19;2;0
28;2025-12-19;3;0
28;2025-12-19;4;2
28;2025-12-19;5;73
28;2025-12-19;6;252
28;2025-12-19;7;735
28;2025-12-19;8;1102
28;2025-12-19;9;782
28;2025-12-19;10;590
28;2025-12-19;11;550
28;2025-12-19;12;687
28;2025-12-19;13;687
28;2025-12-19;14;653
28;2025-12-19;15;678
28;2025-12-19;16;876
28;2025-12-19;17;939
28;2025-12-19;18;784
28;2025-12-19;19;615
28;2025-12-19;20;457
28;2025-12-19;21;312
28;2025-12-19;22;144
28;2025-12-19;23;21
28;2025-12-20;0;2
28;2025-12-20;1;0
28;2025-12-20;2;0
28;2025-12-20;3;0
28;2025-12-20;4;1
28;2025-12-20;5;37
28;2025-12-20;6;99
28;2025-12-20;7;219
28;2025-12-20;8;378
28;2025-12-20;9;455
28;2025-12-20;10;478
28;2025-12-20;11;486
28;2025-12-20;12;567
28;2025-12-20;13;587
28;2025-12-20;14;583
28;2025-12-20;15;582
28;2025-12-20;16;543
28;2025-12-20;17;568
28;2025-12-20;18;492
28;2025-12-20;19;415
28;2025-12-20;20;316
28;2025-12-20;21;276
28;2025-12-20;22;143
28;2025-12-20;23;28
28;2025-12-21;0;7
28;2025-12-21;1;3
28;2025-12-21;2;1
28;2025-12-21;3;0
28;2025-12-21;4;1
28;2025-12-21;5;31
28;2025-12-21;6;82
28;2025-12-21;7;150
28;2025-12-21;8;240
28;2025-12-21;9;329
28;2025-12-21;10;364
28;2025-12-21;11;403
28;2025-12-21;12;446
28;2025-12-21;13;508
28;2025-12-21;14;500
28;2025-12-21;15;490
28;2025-12-21;16;463
28;2025-12-21;17;452
28;2025-12-21;18;406
28;2025-12-21;19;351
28;2025-12-21;20;288
28;2025-12-21;21;239
28;2025-12-21;22;110
28;2025-12-21;23;14
28;2025-12-22;0;1
28;2025-12-22;1;0
28;2025-12-22;2;0
28;2025-12-22;3;0
28;2025-12-22;4;2
28;2025-12-22;5;78
28;2025-12-22;6;266
28;2025-12-22;7;752
28;2025-12-22;8;1176
28;2025-12-22;9;818
28;2025-12-22;10;572
28;2025-12-22;11;529
28;2025-12-22;12;654
28;2025-12-22;13;667
28;2025-12-22;14;602
28;2025-12-22;15;622
28;2025-12-22;16;824
28;2025-12-22;17;917
28;2025-12-22;18;914
28;2025-12-22;19;697
28;2025-12-22;20;477
28;2025-12-22;21;290
28;2025-12-22;22;117
28;2025-12-22;23;11
28;2025-12-23;0;1
28;2025-12-23;1;0
28;2025-12-23;2;0
28;2025-12-23;3;0
28;2025-12-23;4;3
28;2025-12-23;5;73
28;2025-12-23;6;264
28;2025-12-23;7;781
28;2025-12-23;8;1199
28;2025-12-23;9;847
28;2025-12-23;10;648
28;2025-12-23;11;563
28;2025-12-23;12;674
28;2025-12-23;13;721
28;2025-12-23;14;647
28;2025-12-23;15;666
28;2025-12-23;16;785
28;2025-12-23;17;926
28;2025-12-23;18;914
28;2025-12-23;19;691
28;2025-12-23;20;504
28;2025-12-23;21;309
28;2025-12-23;22;123
28;2025-12-23;23;16
28;2025-12-24;0;1
28;2025-12-24;1;0
28;2025-12-24;2;0
28;2025-12-24;3;0
28;2025-12-24;4;2
28;2025-12-24;5;84
28;2025-12-24;6;271
28;2025-12-24;7;765
28;2025-12-24;8;1190
28;2025-12-24;9;830
28;2025-12-24;10;613
28;2025-12-24;11;597
28;2025-12-24;12;706
28;2025-12-24;13;731
28;2025-12-24;14;651
28;2025-12-24;15;696
28;2025-12-24;16;859
28;2025-12-24;17;959
28;2025-12-24;18;946
28;2025-12-24;19;721
28;2025-12-24;20;512
28;2025-12-24;21;327
28;2025-12-24;22;141
28;2025-12-24;23;17
28;2025-12-25;0;1
28;2025-12-25;1;0
28;2025-12-25;2;0
28;2025-12-25;3;0
28;2025-12-25;4;2
28;2025-12-25;5;77
28;2025-12-25;6;266
28;2025-12-25;7;754
28;2025-12-25;8;1173
28;2025-12-25;9;826
28;2025-12-25;10;612
28;2025-12-25;11;563
28;2025-12-25;12;684
28;2025-12-25;13;703
28;2025-12-25;14;656
28;2025-12-25;15;659
28;2025-12-25;16;815
28;2025-12-25;17;959
28;2025-12-25;18;953
28;2025-12-25;19;714
28;2025-12-25;20;505
28;2025-12-25;21;319
28;2025-12-25;22;138
28;2025-12-25;23;16
28;2025-12-26;0;1
28;2025-12-26;1;0
28;2025-12-26;2;0
28;2025-12-26;3;0
28;2025-12-26;4;2
28;2025-12-26;5;73
28;2025-12-26;6;252
28;2025-12-26;7;735
28;2025-12-26;8;1102
28;2025-12-26;9;782
28;2025-12-26;10;590
28;2025-12-26;11;550
28;2025-12-26;12;687
28;2025-12-26;13;687
28;2025-12-26;14;653
28;2025-12-26;15;678
28;2025-12-26;16;876
28;2025-12-26;17;939
28;2025-12-26;18;784
28;2025-12-26;19;615
28;2025-12-26;20;457
28;2025-12-26;21;312
28;2025-12-26;22;144
28;2025-12-26;23;21
28;2025-12-27;0;2
28;2025-12-27;1;0
28;2025-12-27;2;0
28;2025-12-27;3;0
28;2025-12-27;4;1
28;2025-12-27;5;37
28;2025-12-27;6;99
28;2025-12-27;7;219
28;2025-12-27;8;378
28;2025-12-27;9;455
28;2025-12-27;10;478
28;2025-12-27;11;486
28;2025-12-27;12;567
28;2025-12-27;13;587
28;2025-12-27;14;583
28;2025-12-27;15;582
28;2025-12-27;16;543
28;2025-12-27;17;568
28;2025-12-27;18;492
28;2025-12-27;19;415
28;2025-12-27;20;316
28;2025-12-27;21;276
28;2025-12-27;22;143
28;2025-12-27;23;28
28;2025-12-28;0;7
28;2025-12-28;1;3
28;2025-12-28;2;1
28;2025-12-28;3;0
28;2025-12-28;4;1
28;2025-12-28;5;31
28;2025-12-28;6;82
28;2025-12-28;7;150
28;2025-12-28;8;240
28;2025-12-28;9;329
28;2025-12-28;10;364
28;2025-12-28;11;403
28;2025-12-28;12;446
28;2025-12-28;13;508
28;2025-12-28;14;500
28;2025-12-28;15;490
28;2025-12-28;16;463
28;2025-12-28;17;452
28;2025-12-28;18;406
28;2025-12-28;19;351
28;2025-12-28;20;288
28;2025-12-28;21;239
28;2025-12-28;22;110
28;2025-12-28;23;14
28;2025-12-29;0;1
28;2025-12-29;1;0
28;2025-12-29;2;0
28;2025-12-29;3;0
28;2025-12-29;4;2
28;2025-12-29;5;78
28;2025-12-29;6;266
28;2025-12-29;7;752
28;2025-12-29;8;1176
28;2025-12-29;9;818
28;2025-12-29;10;572
28;2025-12-29;11;529
28;2025-12-29;12;654
28;2025-12-29;13;667
28;2025-12-29;14;602
28;2025-12-29;15;622
28;2025-12-29;16;824
28;2025-12-29;17;917
28;2025-12-29;18;914
28;2025-12-29;19;697
28;2025-12-29;20;477
28;2025-12-29;21;290
28;2025-12-29;22;117
28;2025-12-29;23;11
28;2025-12-30;0;1
28;2025-12-30;1;0
28;2025-12-30;2;0
28;2025-12-30;3;0
28;2025-12-30;4;3
28;2025-12-30;5;73
28;2025-12-30;6;264
28;2025-12-30;7;781
28;2025-12-30;8;1199
28;2025-12-30;9;847
28;2025-12-30;10;648
28;2025-12-30;11;563
28;2025-12-30;12;674
28;2025-12-30;13;721
28;2025-12-30;14;647
28;2025-12-30;15;666
28;2025-12-30;16;785
28;2025-12-30;17;926
28;2025-12-30;18;914
28;2025-12-30;19;691
28;2025-12-30;20;504
28;2025-12-30;21;309
28;2025-12-30;22;123
28;2025-12-30;23;16
28;2025-12-31;0;7
28;2025-12-31;1;3
28;2025-12-31;2;1
28;2025-12-31;3;0
28;2025-12-31;4;1
28;2025-12-31;5;31
28;2025-12-31;6;82
28;2025-12-31;7;150
28;2025-12-31;8;240
28;2025-12-31;9;329
28;2025-12-31;10;364
28;2025-12-31;11;403
28;2025-12-31;12;446
28;2025-12-31;13;508
28;2025-12-31;14;500
28;2025-12-31;15;490
28;2025-12-31;16;463
28;2025-12-31;17;452
28;2025-12-31;18;406
28;2025-12-31;19;351
28;2025-12-31;20;288
28;2025-12-31;21;239
28;2025-12-31;22;110
28;2025-12-31;23;14
50;2025-11-01;0;35
50;2025-11-01;1;1
50;2025-11-01;2;0
50;2025-11-01;3;0
50;2025-11-01;4;2
50;2025-11-01;5;55
50;2025-11-01;6;437
50;2025-11-01;7;1501
50;2025-11-01;8;2360
50;2025-11-01;9;1799
50;2025-11-01;10;1230
50;2025-11-01;11;1235
50;2025-11-01;12;1228
50;2025-11-01;13;1264
50;2025-11-01;14;1222
50;2025-11-01;15;1467
50;2025-11-01;16;1849
50;2025-11-01;17;1924
50;2025-11-01;18;1433
50;2025-11-01;19;1066
50;2025-11-01;20;713
50;2025-11-01;21;466
50;2025-11-01;22;210
50;2025-11-01;23;135
50;2025-11-02;0;2
50;2025-11-02;1;0
50;2025-11-02;2;0
50;2025-11-02;3;0
50;2025-11-02;4;0
50;2025-11-02;5;1
50;2025-11-02;6;5
50;2025-11-02;7;8
50;2025-11-02;8;13
50;2025-11-02;9;16
50;2025-11-02;10;22
50;2025-11-02;11;31
50;2025-11-02;12;32
50;2025-11-02;13;36
50;2025-11-02;14;36
50;2025-11-02;15;29
50;2025-11-02;16;31
50;2025-11-02;17;35
50;2025-11-02;18;39
50;2025-11-02;19;27
50;2025-11-02;20;26
50;2025-11-02;21;19
50;2025-11-02;22;15
50;2025-11-02;23;5
50;2025-11-03;0;2
50;2025-11-03;1;0
50;2025-11-03;2;0
50;2025-11-03;3;0
50;2025-11-03;4;0
50;2025-11-03;5;1
50;2025-11-03;6;5
50;2025-11-03;7;8
50;2025-11-03;8;13
50;2025-11-03;9;16
50;2025-11-03;10;22
50;2025-11-03;11;31
50;2025-11-03;12;32
50;2025-11-03;13;36
50;2025-11-03;14;36
50;2025-11-03;15;29
50;2025-11-03;16;31
50;2025-11-03;17;35
50;2025-11-03;18;39
50;2025-11-03;19;27
50;2025-11-03;20;26
50;2025-11-03;21;19
50;2025-11-03;22;15
50;2025-11-03;23;5
50;2025-11-04;0;2
50;2025-11-04;1;0
50;2025-11-04;2;0
50;2025-11-04;3;0
50;2025-11-04;4;0
50;2025-11-04;5;1
50;2025-11-04;6;5
50;2025-11-04;7;8
50;2025-11-04;8;13
50;2025-11-04;9;16
50;2025-11-04;10;22
50;2025-11-04;11;31
50;2025-11-04;12;32
50;2025-11-04;13;36
50;2025-11-04;14;36
50;2025-11-04;15;29
50;2025-11-04;16;31
50;2025-11-04;17;35
50;2025-11-04;18;39
50;2025-11-04;19;27
50;2025-11-04;20;26
50;2025-11-04;21;19
50;2025-11-04;22;15
50;2025-11-04;23;5
50;2025-11-05;0;19
50;2025-11-05;1;3
50;2025-11-05;2;0
50;2025-11-05;3;0
50;2025-11-05;4;3
50;2025-11-05;5;79
50;2025-11-05;6;531
50;2025-11-05;7;1681
50;2025-11-05;8;2885
50;2025-11-05;9;2127
50;2025-11-05;10;1669
50;2025-11-05;11;1595
50;2025-11-05;12;1497
50;2025-11-05;13;1537
50;2025-11-05;14;1421
50;2025-11-05;15;1696
50;2025-11-05;16;1660
50;2025-11-05;17;2382
50;2025-11-05;18;2414
50;2025-11-05;19;1482
50;2025-11-05;20;873
50;2025-11-05;21;644
50;2025-11-05;22;224
50;2025-11-05;23;131
50;2025-11-06;0;47
50;2025-11-06;1;2
50;2025-11-06;2;0
50;2025-11-06;3;0
50;2025-11-06;4;3
50;2025-11-06;5;62
50;2025-11-06;6;453
50;2025-11-06;7;1657
50;2025-11-06;8;2602
50;2025-11-06;9;2091
50;2025-11-06;10;1675
50;2025-11-06;11;1438
50;2025-11-06;12;1464
50;2025-11-06;13;1458
50;2025-11-06;14;1480
50;2025-11-06;15;1617
50;2025-11-06;16;1538
50;2025-11-06;17;2310
50;2025-11-06;18;2367
50;2025-11-06;19;1357
50;2025-11-06;20;894
50;2025-11-06;21;721
50;2025-11-06;22;235
50;2025-11-06;23;142
50;2025-11-07;0;33
50;2025-11-07;1;1
50;2025-11-07;2;0
50;2025-11-07;3;0
50;2025-11-07;4;3
50;2025-11-07;5;65
50;2025-11-07;6;513
50;2025-11-07;7;1763
50;2025-11-07;8;2773
50;2025-11-07;9;2111
50;2025-11-07;10;1442
50;2025-11-07;11;1446
50;2025-11-07;12;1435
50;2025-11-07;13;1479
50;2025-11-07;14;1429
50;2025-11-07;15;1716
50;2025-11-07;16;2168
50;2025-11-07;17;2256
50;2025-11-07;18;1681
50;2025-11-07;19;1250
50;2025-11-07;20;835
50;2025-11-07;21;546
50;2025-11-07;22;246
50;2025-11-07;23;158
50;2025-11-08;0;43
50;2025-11-08;1;4
50;2025-11-08;2;0
50;2025-11-08;3;0
50;2025-11-08;4;0
50;2025-11-08;5;1
50;2025-11-08;6;7
50;2025-11-08;7;17
50;2025-11-08;8;24
50;2025-11-08;9;30
50;2025-11-08;10;28
50;2025-11-08;11;36
50;2025-11-08;12;54
50;2025-11-08;13;45
50;2025-11-08;14;46
50;2025-11-08;15;54
50;2025-11-08;16;44
50;2025-11-08;17;41
50;2025-11-08;18;27
50;2025-11-08;19;23
50;2025-11-08;20;19
50;2025-11-08;21;14
50;2025-11-08;22;8
50;2025-11-08;23;5
50;2025-11-09;0;2
50;2025-11-09;1;0
50;2025-11-09;2;0
50;2025-11-09;3;0
50;2025-11-09;4;0
50;2025-11-09;5;1
50;2025-11-09;6;5
50;2025-11-09;7;8
50;2025-11-09;8;13
50;2025-11-09;9;16
50;2025-11-09;10;22
50;2025-11-09;11;31
50;2025-11-09;12;32
50;2025-11-09;13;36
50;2025-11-09;14;36
50;2025-11-09;15;29
50;2025-11-09;16;31
50;2025-11-09;17;35
50;2025-11-09;18;39
50;2025-11-09;19;27
50;2025-11-09;20;26
50;2025-11-09;21;19
50;2025-11-09;22;15
50;2025-11-09;23;5
50;2025-11-10;0;4
50;2025-11-10;1;0
50;2025-11-10;2;0
50;2025-11-10;3;0
50;2025-11-10;4;3
50;2025-11-10;5;66
50;2025-11-10;6;472
50;2025-11-10;7;1635
50;2025-11-10;8;2746
50;2025-11-10;9;2155
50;2025-11-10;10;1650
50;2025-11-10;11;1407
50;2025-11-10;12;1266
50;2025-11-10;13;1412
50;2025-11-10;14;1363
50;2025-11-10;15;1602
50;2025-11-10;16;1666
50;2025-11-10;17;2205
50;2025-11-10;18;2412
50;2025-11-10;19;1319
50;2025-11-10;20;877
50;2025-11-10;21;605
50;2025-11-10;22;196
50;2025-11-10;23;118
50;2025-11-11;0;23
50;2025-11-11;1;2
50;2025-11-11;2;0
50;2025-11-11;3;0
50;2025-11-11;4;3
50;2025-11-11;5;71
50;2025-11-11;6;552
50;2025-11-11;7;1773
50;2025-11-11;8;2876
50;2025-11-11;9;2189
50;2025-11-11;10;1703
50;2025-11-11;11;1519
50;2025-11-11;12;1332
50;2025-11-11;13;1458
50;2025-11-11;14;1371
50;2025-11-11;15;1626
50;2025-11-11;16;1688
50;2025-11-11;17;2468
50;2025-11-11;18;2490
50;2025-11-11;19;1359
50;2025-11-11;20;941
50;2025-11-11;21;600
50;2025-11-11;22;209
50;2025-11-11;23;121
50;2025-11-12;0;19
50;2025-11-12;1;3
50;2025-11-12;2;0
50;2025-11-12;3;0
50;2025-11-12;4;3
50;2025-11-12;5;79
50;2025-11-12;6;531
50;2025-11-12;7;1681
50;2025-11-12;8;2885
50;2025-11-12;9;2127
50;2025-11-12;10;1669
50;2025-11-12;11;1595
50;2025-11-12;12;1497
50;2025-11-12;13;1537
50;2025-11-12;14;1421
50;2025-11-12;15;1696
50;2025-11-12;16;1660
50;2025-11-12;17;2382
50;2025-11-12;18;2414
50;2025-11-12;19;1482
50;2025-11-12;20;873
50;2025-11-12;21;644
50;2025-11-12;22;224
50;2025-11-12;23;131
50;2025-11-13;0;47
50;2025-11-13;1;2
50;2025-11-13;2;0
50;2025-11-13;3;0
50;2025-11-13;4;3
50;2025-11-13;5;62
50;2025-11-13;6;453
50;2025-11-13;7;1657
50;2025-11-13;8;2602
50;2025-11-13;9;2091
50;2025-11-13;10;1675
50;2025-11-13;11;1438
50;2025-11-13;12;1464
50;2025-11-13;13;1458
50;2025-11-13;14;1480
50;2025-11-13;15;1617
50;2025-11-13;16;1538
50;2025-11-13;17;2310
50;2025-11-13;18;2367
50;2025-11-13;19;1357
50;2025-11-13;20;894
50;2025-11-13;21;721
50;2025-11-13;22;235
50;2025-11-13;23;142
50;2025-11-14;0;33
50;2025-11-14;1;1
50;2025-11-14;2;0
50;2025-11-14;3;0
50;2025-11-14;4;3
50;2025-11-14;5;65
50;2025-11-14;6;513
50;2025-11-14;7;1763
50;2025-11-14;8;2773
50;2025-11-14;9;2111
50;2025-11-14;10;1442
50;2025-11-14;11;1446
50;2025-11-14;12;1435
50;2025-11-14;13;1479
50;2025-11-14;14;1429
50;2025-11-14;15;1716
50;2025-11-14;16;2168
50;2025-11-14;17;2256
50;2025-11-14;18;1681
50;2025-11-14;19;1250
50;2025-11-14;20;835
50;2025-11-14;21;546
50;2025-11-14;22;246
50;2025-11-14;23;158
50;2025-11-15;0;99
50;2025-11-15;1;3
50;2025-11-15;2;0
50;2025-11-15;3;0
50;2025-11-15;4;0
50;2025-11-15;5;113
50;2025-11-15;6;410
50;2025-11-15;7;593
50;2025-11-15;8;751
50;2025-11-15;9;682
50;2025-11-15;10;832
50;2025-11-15;11;909
50;2025-11-15;12;908
50;2025-11-15;13;913
50;2025-11-15;14;914
50;2025-11-15;15;846
50;2025-11-15;16;929
50;2025-11-15;17;880
50;2025-11-15;18;973
50;2025-11-15;19;851
50;2025-11-15;20;622
50;2025-11-15;21;598
50;2025-11-15;22;280
50;2025-11-15;23;275
50;2025-11-16;0;75
50;2025-11-16;1;2
50;2025-11-16;2;0
50;2025-11-16;3;0
50;2025-11-16;4;0
50;2025-11-16;5;67
50;2025-11-16;6;248
50;2025-11-16;7;392
50;2025-11-16;8;626
50;2025-11-16;9;598
50;2025-11-16;10;657
50;2025-11-16;11;717
50;2025-11-16;12;796
50;2025-11-16;13;950
50;2025-11-16;14;867
50;2025-11-16;15;839
50;2025-11-16;16;881
50;2025-11-16;17;851
50;2025-11-16;18;907
50;2025-11-16;19;763
50;2025-11-16;20;731
50;2025-11-16;21;529
50;2025-11-16;22;303
50;2025-11-16;23;207
50;2025-11-17;0;4
50;2025-11-17;1;0
50;2025-11-17;2;0
50;2025-11-17;3;0
50;2025-11-17;4;3
50;2025-11-17;5;66
50;2025-11-17;6;472
50;2025-11-17;7;1635
50;2025-11-17;8;2746
50;2025-11-17;9;2155
50;2025-11-17;10;1650
50;2025-11-17;11;1407
50;2025-11-17;12;1266
50;2025-11-17;13;1412
50;2025-11-17;14;1363
50;2025-11-17;15;1602
50;2025-11-17;16;1666
50;2025-11-17;17;2205
50;2025-11-17;18;2412
50;2025-11-17;19;1319
50;2025-11-17;20;877
50;2025-11-17;21;605
50;2025-11-17;22;218
50;2025-11-17;23;131
50;2025-11-18;0;23
50;2025-11-18;1;2
50;2025-11-18;2;0
50;2025-11-18;3;0
50;2025-11-18;4;3
50;2025-11-18;5;71
50;2025-11-18;6;552
50;2025-11-18;7;1773
50;2025-11-18;8;2876
50;2025-11-18;9;2189
50;2025-11-18;10;1703
50;2025-11-18;11;1519
50;2025-11-18;12;1332
50;2025-11-18;13;1458
50;2025-11-18;14;1371
50;2025-11-18;15;1626
50;2025-11-18;16;1688
50;2025-11-18;17;2468
50;2025-11-18;18;2490
50;2025-11-18;19;1359
50;2025-11-18;20;941
50;2025-11-18;21;600
50;2025-11-18;22;232
50;2025-11-18;23;135
50;2025-11-19;0;19
50;2025-11-19;1;3
50;2025-11-19;2;0
50;2025-11-19;3;0
50;2025-11-19;4;3
50;2025-11-19;5;79
50;2025-11-19;6;531
50;2025-11-19;7;1681
50;2025-11-19;8;2885
50;2025-11-19;9;2127
50;2025-11-19;10;1669
50;2025-11-19;11;1595
50;2025-11-19;12;1497
50;2025-11-19;13;1537
50;2025-11-19;14;1421
50;2025-11-19;15;1696
50;2025-11-19;16;1660
50;2025-11-19;17;2382
50;2025-11-19;18;2414
50;2025-11-19;19;1482
50;2025-11-19;20;873
50;2025-11-19;21;644
50;2025-11-19;22;249
50;2025-11-19;23;146
50;2025-11-20;0;47
50;2025-11-20;1;2
50;2025-11-20;2;0
50;2025-11-20;3;0
50;2025-11-20;4;3
50;2025-11-20;5;62
50;2025-11-20;6;453
50;2025-11-20;7;1657
50;2025-11-20;8;2602
50;2025-11-20;9;2091
50;2025-11-20;10;1675
50;2025-11-20;11;1438
50;2025-11-20;12;1464
50;2025-11-20;13;1458
50;2025-11-20;14;1480
50;2025-11-20;15;1617
50;2025-11-20;16;1538
50;2025-11-20;17;2310
50;2025-11-20;18;2367
50;2025-11-20;19;1357
50;2025-11-20;20;894
50;2025-11-20;21;721
50;2025-11-20;22;261
50;2025-11-20;23;158
50;2025-11-21;0;33
50;2025-11-21;1;1
50;2025-11-21;2;0
50;2025-11-21;3;0
50;2025-11-21;4;3
50;2025-11-21;5;65
50;2025-11-21;6;513
50;2025-11-21;7;1763
50;2025-11-21;8;2773
50;2025-11-21;9;2111
50;2025-11-21;10;1442
50;2025-11-21;11;1446
50;2025-11-21;12;1435
50;2025-11-21;13;1479
50;2025-11-21;14;1429
50;2025-11-21;15;1716
50;2025-11-21;16;2168
50;2025-11-21;17;2256
50;2025-11-21;18;1681
50;2025-11-21;19;1250
50;2025-11-21;20;835
50;2025-11-21;21;546
50;2025-11-21;22;273
50;2025-11-21;23;176
50;2025-11-22;0;99
50;2025-11-22;1;3
50;2025-11-22;2;0
50;2025-11-22;3;0
50;2025-11-22;4;0
50;2025-11-22;5;113
50;2025-11-22;6;410
50;2025-11-22;7;593
50;2025-11-22;8;751
50;2025-11-22;9;682
50;2025-11-22;10;832
50;2025-11-22;11;909
50;2025-11-22;12;908
50;2025-11-22;13;913
50;2025-11-22;14;914
50;2025-11-22;15;846
50;2025-11-22;16;929
50;2025-11-22;17;880
50;2025-11-22;18;973
50;2025-11-22;19;851
50;2025-11-22;20;622
50;2025-11-22;21;598
50;2025-11-22;22;280
50;2025-11-22;23;275
50;2025-11-23;0;75
50;2025-11-23;1;2
50;2025-11-23;2;0
50;2025-11-23;3;0
50;2025-11-23;4;0
50;2025-11-23;5;67
50;2025-11-23;6;248
50;2025-11-23;7;392
50;2025-11-23;8;626
50;2025-11-23;9;598
50;2025-11-23;10;657
50;2025-11-23;11;717
50;2025-11-23;12;796
50;2025-11-23;13;950
50;2025-11-23;14;867
50;2025-11-23;15;839
50;2025-11-23;16;881
50;2025-11-23;17;851
50;2025-11-23;18;907
50;2025-11-23;19;763
50;2025-11-23;20;731
50;2025-11-23;21;529
50;2025-11-23;22;303
50;2025-11-23;23;207
50;2025-11-24;0;4
50;2025-11-24;1;0
50;2025-11-24;2;0
50;2025-11-24;3;0
50;2025-11-24;4;3
50;2025-11-24;5;66
50;2025-11-24;6;472
50;2025-11-24;7;1635
50;2025-11-24;8;2746
50;2025-11-24;9;2155
50;2025-11-24;10;1650
50;2025-11-24;11;1407
50;2025-11-24;12;1266
50;2025-11-24;13;1412
50;2025-11-24;14;1363
50;2025-11-24;15;1602
50;2025-11-24;16;1666
50;2025-11-24;17;2205
50;2025-11-24;18;2412
50;2025-11-24;19;1319
50;2025-11-24;20;877
50;2025-11-24;21;605
50;2025-11-24;22;218
50;2025-11-24;23;131
50;2025-11-25;0;23
50;2025-11-25;1;2
50;2025-11-25;2;0
50;2025-11-25;3;0
50;2025-11-25;4;3
50;2025-11-25;5;71
50;2025-11-25;6;552
50;2025-11-25;7;1773
50;2025-11-25;8;2876
50;2025-11-25;9;2189
50;2025-11-25;10;1703
50;2025-11-25;11;1519
50;2025-11-25;12;1332
50;2025-11-25;13;1458
50;2025-11-25;14;1371
50;2025-11-25;15;1626
50;2025-11-25;16;1688
50;2025-11-25;17;2468
50;2025-11-25;18;2490
50;2025-11-25;19;1359
50;2025-11-25;20;941
50;2025-11-25;21;600
50;2025-11-25;22;232
50;2025-11-25;23;135
50;2025-11-26;0;19
50;2025-11-26;1;3
50;2025-11-26;2;0
50;2025-11-26;3;0
50;2025-11-26;4;3
50;2025-11-26;5;79
50;2025-11-26;6;531
50;2025-11-26;7;1681
50;2025-11-26;8;2885
50;2025-11-26;9;2127
50;2025-11-26;10;1669
50;2025-11-26;11;1595
50;2025-11-26;12;1497
50;2025-11-26;13;1537
50;2025-11-26;14;1421
50;2025-11-26;15;1696
50;2025-11-26;16;1660
50;2025-11-26;17;2382
50;2025-11-26;18;2414
50;2025-11-26;19;1482
50;2025-11-26;20;873
50;2025-11-26;21;644
50;2025-11-26;22;249
50;2025-11-26;23;146
50;2025-11-27;0;47
50;2025-11-27;1;2
50;2025-11-27;2;0
50;2025-11-27;3;0
50;2025-11-27;4;3
50;2025-11-27;5;62
50;2025-11-27;6;453
50;2025-11-27;7;1657
50;2025-11-27;8;2602
50;2025-11-27;9;2091
50;2025-11-27;10;1675
50;2025-11-27;11;1438
50;2025-11-27;12;1464
50;2025-11-27;13;1458
50;2025-11-27;14;1480
50;2025-11-27;15;1617
50;2025-11-27;16;1538
50;2025-11-27;17;2310
50;2025-11-27;18;2367
50;2025-11-27;19;1357
50;2025-11-27;20;894
50;2025-11-27;21;721
50;2025-11-27;22;261
50;2025-11-27;23;158
50;2025-11-28;0;33
50;2025-11-28;1;1
50;2025-11-28;2;0
50;2025-11-28;3;0
50;2025-11-28;4;3
50;2025-11-28;5;65
50;2025-11-28;6;513
50;2025-11-28;7;1763
50;2025-11-28;8;2773
50;2025-11-28;9;2111
50;2025-11-28;10;1442
50;2025-11-28;11;1446
50;2025-11-28;12;1435
50;2025-11-28;13;1479
50;2025-11-28;14;1429
50;2025-11-28;15;1716
50;2025-11-28;16;2168
50;2025-11-28;17;2256
50;2025-11-28;18;1681
50;2025-11-28;19;1250
50;2025-11-28;20;835
50;2025-11-28;21;546
50;2025-11-28;22;273
50;2025-11-28;23;176
50;2025-11-29;0;99
50;2025-11-29;1;3
50;2025-11-29;2;0
50;2025-11-29;3;0
50;2025-11-29;4;0
50;2025-11-29;5;113
50;2025-11-29;6;410
50;2025-11-29;7;593
50;2025-11-29;8;751
50;2025-11-29;9;682
50;2025-11-29;10;832
50;2025-11-29;11;909
50;2025-11-29;12;908
50;2025-11-29;13;913
50;2025-11-29;14;914
50;2025-11-29;15;846
50;2025-11-29;16;929
50;2025-11-29;17;880
50;2025-11-29;18;973
50;2025-11-29;19;851
50;2025-11-29;20;622
50;2025-11-29;21;598
50;2025-11-29;22;280
50;2025-11-29;23;275
50;2025-11-30;0;75
50;2025-11-30;1;2
50;2025-11-30;2;0
50;2025-11-30;3;0
50;2025-11-30;4;0
50;2025-11-30;5;67
50;2025-11-30;6;248
50;2025-11-30;7;392
50;2025-11-30;8;626
50;2025-11-30;9;598
50;2025-11-30;10;657
50;2025-11-30;11;717
50;2025-11-30;12;796
50;2025-11-30;13;950
50;2025-11-30;14;867
50;2025-11-30;15;839
50;2025-11-30;16;881
50;2025-11-30;17;851
50;2025-11-30;18;907
50;2025-11-30;19;763
50;2025-11-30;20;731
50;2025-11-30;21;529
50;2025-11-30;22;303
50;2025-11-30;23;207
50;2025-12-01;0;4
50;2025-12-01;1;0
50;2025-12-01;2;0
50;2025-12-01;3;0
50;2025-12-01;4;3
50;2025-12-01;5;66
50;2025-12-01;6;472
50;2025-12-01;7;1635
50;2025-12-01;8;2746
50;2025-12-01;9;2155
50;2025-12-01;10;1650
50;2025-12-01;11;1407
50;2025-12-01;12;1266
50;2025-12-01;13;1412
50;2025-12-01;14;1363
50;2025-12-01;15;1602
50;2025-12-01;16;1666
50;2025-12-01;17;2205
50;2025-12-01;18;2412
50;2025-12-01;19;1319
50;2025-12-01;20;877
50;2025-12-01;21;605
50;2025-12-01;22;218
50;2025-12-01;23;131
50;2025-12-02;0;23
50;2025-12-02;1;2
50;2025-12-02;2;0
50;2025-12-02;3;0
50;2025-12-02;4;3
50;2025-12-02;5;71
50;2025-12-02;6;552
50;2025-12-02;7;1773
50;2025-12-02;8;2876
50;2025-12-02;9;2189
50;2025-12-02;10;1703
50;2025-12-02;11;1519
50;2025-12-02;12;1332
50;2025-12-02;13;1458
50;2025-12-02;14;1371
50;2025-12-02;15;1626
50;2025-12-02;16;1688
50;2025-12-02;17;2468
50;2025-12-02;18;2490
50;2025-12-02;19;1359
50;2025-12-02;20;941
50;2025-12-02;21;600
50;2025-12-02;22;232
50;2025-12-02;23;135
50;2025-12-03;0;19
50;2025-12-03;1;3
50;2025-12-03;2;0
50;2025-12-03;3;0
50;2025-12-03;4;3
50;2025-12-03;5;79
50;2025-12-03;6;531
50;2025-12-03;7;1681
50;2025-12-03;8;2885
50;2025-12-03;9;2127
50;2025-12-03;10;1669
50;2025-12-03;11;1595
50;2025-12-03;12;1497
50;2025-12-03;13;1537
50;2025-12-03;14;1421
50;2025-12-03;15;1696
50;2025-12-03;16;1660
50;2025-12-03;17;2382
50;2025-12-03;18;2414
50;2025-12-03;19;1482
50;2025-12-03;20;873
50;2025-12-03;21;644
50;2025-12-03;22;249
50;2025-12-03;23;146
50;2025-12-04;0;47
50;2025-12-04;1;2
50;2025-12-04;2;0
50;2025-12-04;3;0
50;2025-12-04;4;3
50;2025-12-04;5;62
50;2025-12-04;6;453
50;2025-12-04;7;1657
50;2025-12-04;8;2602
50;2025-12-04;9;2091
50;2025-12-04;10;1675
50;2025-12-04;11;1438
50;2025-12-04;12;1464
50;2025-12-04;13;1458
50;2025-12-04;14;1480
50;2025-12-04;15;1617
50;2025-12-04;16;1538
50;2025-12-04;17;2310
50;2025-12-04;18;2367
50;2025-12-04;19;1357
50;2025-12-04;20;894
50;2025-12-04;21;721
50;2025-12-04;22;261
50;2025-12-04;23;158
50;2025-12-05;0;33
50;2025-12-05;1;1
50;2025-12-05;2;0
50;2025-12-05;3;0
50;2025-12-05;4;3
50;2025-12-05;5;65
50;2025-12-05;6;513
50;2025-12-05;7;1763
50;2025-12-05;8;2773
50;2025-12-05;9;2111
50;2025-12-05;10;1442
50;2025-12-05;11;1446
50;2025-12-05;12;1435
50;2025-12-05;13;1479
50;2025-12-05;14;1429
50;2025-12-05;15;1716
50;2025-12-05;16;2168
50;2025-12-05;17;2256
50;2025-12-05;18;1681
50;2025-12-05;19;1250
50;2025-12-05;20;835
50;2025-12-05;21;546
50;2025-12-05;22;273
50;2025-12-05;23;176
50;2025-12-06;0;99
50;2025-12-06;1;3
50;2025-12-06;2;0
50;2025-12-06;3;0
50;2025-12-06;4;0
50;2025-12-06;5;113
50;2025-12-06;6;410
50;2025-12-06;7;593
50;2025-12-06;8;751
50;2025-12-06;9;682
50;2025-12-06;10;832
50;2025-12-06;11;909
50;2025-12-06;12;908
50;2025-12-06;13;913
50;2025-12-06;14;914
50;2025-12-06;15;846
50;2025-12-06;16;929
50;2025-12-06;17;880
50;2025-12-06;18;973
50;2025-12-06;19;851
50;2025-12-06;20;622
50;2025-12-06;21;598
50;2025-12-06;22;280
50;2025-12-06;23;275
50;2025-12-07;0;75
50;2025-12-07;1;2
50;2025-12-07;2;0
50;2025-12-07;3;0
50;2025-12-07;4;0
50;2025-12-07;5;67
50;2025-12-07;6;248
50;2025-12-07;7;392
50;2025-12-07;8;626
50;2025-12-07;9;598
50;2025-12-07;10;657
50;2025-12-07;11;717
50;2025-12-07;12;796
50;2025-12-07;13;950
50;2025-12-07;14;867
50;2025-12-07;15;839
50;2025-12-07;16;881
50;2025-12-07;17;851
50;2025-12-07;18;907
50;2025-12-07;19;763
50;2025-12-07;20;731
50;2025-12-07;21;529
50;2025-12-07;22;303
50;2025-12-07;23;207
50;2025-12-08;0;4
50;2025-12-08;1;0
50;2025-12-08;2;0
50;2025-12-08;3;0
50;2025-12-08;4;3
50;2025-12-08;5;66
50;2025-12-08;6;472
50;2025-12-08;7;1635
50;2025-12-08;8;2746
50;2025-12-08;9;2155
50;2025-12-08;10;1650
50;2025-12-08;11;1407
50;2025-12-08;12;1266
50;2025-12-08;13;1412
50;2025-12-08;14;1363
50;2025-12-08;15;1602
50;2025-12-08;16;1666
50;2025-12-08;17;2205
50;2025-12-08;18;2412
50;2025-12-08;19;1319
50;2025-12-08;20;877
50;2025-12-08;21;605
50;2025-12-08;22;218
50;2025-12-08;23;131
50;2025-12-09;0;23
50;2025-12-09;1;2
50;2025-12-09;2;0
50;2025-12-09;3;0
50;2025-12-09;4;3
50;2025-12-09;5;71
50;2025-12-09;6;552
50;2025-12-09;7;1773
50;2025-12-09;8;2876
50;2025-12-09;9;2189
50;2025-12-09;10;1703
50;2025-12-09;11;1519
50;2025-12-09;12;1332
50;2025-12-09;13;1458
50;2025-12-09;14;1371
50;2025-12-09;15;1626
50;2025-12-09;16;1688
50;2025-12-09;17;2468
50;2025-12-09;18;2490
50;2025-12-09;19;1359
50;2025-12-09;20;941
50;2025-12-09;21;600
50;2025-12-09;22;232
50;2025-12-09;23;135
50;2025-12-10;0;19
50;2025-12-10;1;3
50;2025-12-10;2;0
50;2025-12-10;3;0
50;2025-12-10;4;3
50;2025-12-10;5;79
50;2025-12-10;6;531
50;2025-12-10;7;1681
50;2025-12-10;8;2885
50;2025-12-10;9;2127
50;2025-12-10;10;1669
50;2025-12-10;11;1595
50;2025-12-10;12;1497
50;2025-12-10;13;1537
50;2025-12-10;14;1421
50;2025-12-10;15;1696
50;2025-12-10;16;1660
50;2025-12-10;17;2382
50;2025-12-10;18;2414
50;2025-12-10;19;1482
50;2025-12-10;20;873
50;2025-12-10;21;644
50;2025-12-10;22;249
50;2025-12-10;23;146
50;2025-12-11;0;47
50;2025-12-11;1;2
50;2025-12-11;2;0
50;2025-12-11;3;0
50;2025-12-11;4;3
50;2025-12-11;5;62
50;2025-12-11;6;453
50;2025-12-11;7;1657
50;2025-12-11;8;2602
50;2025-12-11;9;2091
50;2025-12-11;10;1675
50;2025-12-11;11;1438
50;2025-12-11;12;1464
50;2025-12-11;13;1458
50;2025-12-11;14;1480
50;2025-12-11;15;1617
50;2025-12-11;16;1538
50;2025-12-11;17;2310
50;2025-12-11;18;2367
50;2025-12-11;19;1357
50;2025-12-11;20;894
50;2025-12-11;21;721
50;2025-12-11;22;261
50;2025-12-11;23;158
50;2025-12-12;0;33
50;2025-12-12;1;1
50;2025-12-12;2;0
50;2025-12-12;3;0
50;2025-12-12;4;3
50;2025-12-12;5;65
50;2025-12-12;6;513
50;2025-12-12;7;1763
50;2025-12-12;8;2773
50;2025-12-12;9;2111
50;2025-12-12;10;1442
50;2025-12-12;11;1446
50;2025-12-12;12;1435
50;2025-12-12;13;1479
50;2025-12-12;14;1429
50;2025-12-12;15;1716
50;2025-12-12;16;2168
50;2025-12-12;17;2256
50;2025-12-12;18;1681
50;2025-12-12;19;1250
50;2025-12-12;20;835
50;2025-12-12;21;546
50;2025-12-12;22;273
50;2025-12-12;23;176
50;2025-12-13;0;99
50;2025-12-13;1;3
50;2025-12-13;2;0
50;2025-12-13;3;0
50;2025-12-13;4;0
50;2025-12-13;5;113
50;2025-12-13;6;410
50;2025-12-13;7;593
50;2025-12-13;8;751
50;2025-12-13;9;682
50;2025-12-13;10;832
50;2025-12-13;11;909
50;2025-12-13;12;908
50;2025-12-13;13;913
50;2025-12-13;14;914
50;2025-12-13;15;846
50;2025-12-13;16;929
50;2025-12-13;17;880
50;2025-12-13;18;973
50;2025-12-13;19;851
50;2025-12-13;20;622
50;2025-12-13;21;598
50;2025-12-13;22;280
50;2025-12-13;23;234
50;2025-12-14;0;75
50;2025-12-14;1;2
50;2025-12-14;2;0
50;2025-12-14;3;0
50;2025-12-14;4;0
50;2025-12-14;5;67
50;2025-12-14;6;248
50;2025-12-14;7;392
50;2025-12-14;8;626
50;2025-12-14;9;598
50;2025-12-14;10;657
50;2025-12-14;11;717
50;2025-12-14;12;796
50;2025-12-14;13;950
50;2025-12-14;14;867
50;2025-12-14;15;839
50;2025-12-14;16;881
50;2025-12-14;17;851
50;2025-12-14;18;907
50;2025-12-14;19;763
50;2025-12-14;20;731
50;2025-12-14;21;529
50;2025-12-14;22;303
50;2025-12-14;23;176
50;2025-12-15;0;4
50;2025-12-15;1;0
50;2025-12-15;2;0
50;2025-12-15;3;0
50;2025-12-15;4;3
50;2025-12-15;5;66
50;2025-12-15;6;472
50;2025-12-15;7;1635
50;2025-12-15;8;2746
50;2025-12-15;9;2155
50;2025-12-15;10;1650
50;2025-12-15;11;1407
50;2025-12-15;12;1266
50;2025-12-15;13;1412
50;2025-12-15;14;1363
50;2025-12-15;15;1602
50;2025-12-15;16;1666
50;2025-12-15;17;2205
50;2025-12-15;18;2412
50;2025-12-15;19;1319
50;2025-12-15;20;877
50;2025-12-15;21;605
50;2025-12-15;22;218
50;2025-12-15;23;131
50;2025-12-16;0;23
50;2025-12-16;1;2
50;2025-12-16;2;0
50;2025-12-16;3;0
50;2025-12-16;4;3
50;2025-12-16;5;71
50;2025-12-16;6;552
50;2025-12-16;7;1773
50;2025-12-16;8;2876
50;2025-12-16;9;2189
50;2025-12-16;10;1703
50;2025-12-16;11;1519
50;2025-12-16;12;1332
50;2025-12-16;13;1458
50;2025-12-16;14;1371
50;2025-12-16;15;1626
50;2025-12-16;16;1688
50;2025-12-16;17;2468
50;2025-12-16;18;2490
50;2025-12-16;19;1359
50;2025-12-16;20;941
50;2025-12-16;21;600
50;2025-12-16;22;232
50;2025-12-16;23;135
50;2025-12-17;0;19
50;2025-12-17;1;3
50;2025-12-17;2;0
50;2025-12-17;3;0
50;2025-12-17;4;3
50;2025-12-17;5;79
50;2025-12-17;6;531
50;2025-12-17;7;1681
50;2025-12-17;8;2885
50;2025-12-17;9;2127
50;2025-12-17;10;1669
50;2025-12-17;11;1595
50;2025-12-17;12;1497
50;2025-12-17;13;1537
50;2025-12-17;14;1421
50;2025-12-17;15;1696
50;2025-12-17;16;1660
50;2025-12-17;17;2382
50;2025-12-17;18;2414
50;2025-12-17;19;1482
50;2025-12-17;20;873
50;2025-12-17;21;644
50;2025-12-17;22;249
50;2025-12-17;23;146
50;2025-12-18;0;47
50;2025-12-18;1;2
50;2025-12-18;2;0
50;2025-12-18;3;0
50;2025-12-18;4;3
50;2025-12-18;5;62
50;2025-12-18;6;453
50;2025-12-18;7;1657
50;2025-12-18;8;2602
50;2025-12-18;9;2091
50;2025-12-18;10;1675
50;2025-12-18;11;1438
50;2025-12-18;12;1464
50;2025-12-18;13;1458
50;2025-12-18;14;1480
50;2025-12-18;15;1617
50;2025-12-18;16;1538
50;2025-12-18;17;2310
50;2025-12-18;18;2367
50;2025-12-18;19;1357
50;2025-12-18;20;894
50;2025-12-18;21;721
50;2025-12-18;22;261
50;2025-12-18;23;158
50;2025-12-19;0;33
50;2025-12-19;1;1
50;2025-12-19;2;0
50;2025-12-19;3;0
50;2025-12-19;4;3
50;2025-12-19;5;65
50;2025-12-19;6;513
50;2025-12-19;7;1763
50;2025-12-19;8;2773
50;2025-12-19;9;2111
50;2025-12-19;10;1442
50;2025-12-19;11;1446
50;2025-12-19;12;1435
50;2025-12-19;13;1479
50;2025-12-19;14;1429
50;2025-12-19;15;1716
50;2025-12-19;16;2168
50;2025-12-19;17;2256
50;2025-12-19;18;1681
50;2025-12-19;19;1250
50;2025-12-19;20;835
50;2025-12-19;21;546
50;2025-12-19;22;273
50;2025-12-19;23;176
50;2025-12-20;0;99
50;2025-12-20;1;3
50;2025-12-20;2;0
50;2025-12-20;3;0
50;2025-12-20;4;0
50;2025-12-20;5;113
50;2025-12-20;6;410
50;2025-12-20;7;593
50;2025-12-20;8;751
50;2025-12-20;9;682
50;2025-12-20;10;832
50;2025-12-20;11;909
50;2025-12-20;12;908
50;2025-12-20;13;913
50;2025-12-20;14;914
50;2025-12-20;15;846
50;2025-12-20;16;929
50;2025-12-20;17;880
50;2025-12-20;18;973
50;2025-12-20;19;851
50;2025-12-20;20;622
50;2025-12-20;21;598
50;2025-12-20;22;280
50;2025-12-20;23;234
50;2025-12-21;0;75
50;2025-12-21;1;2
50;2025-12-21;2;0
50;2025-12-21;3;0
50;2025-12-21;4;0
50;2025-12-21;5;67
50;2025-12-21;6;248
50;2025-12-21;7;392
50;2025-12-21;8;626
50;2025-12-21;9;598
50;2025-12-21;10;657
50;2025-12-21;11;717
50;2025-12-21;12;796
50;2025-12-21;13;950
50;2025-12-21;14;867
50;2025-12-21;15;839
50;2025-12-21;16;881
50;2025-12-21;17;851
50;2025-12-21;18;907
50;2025-12-21;19;763
50;2025-12-21;20;731
50;2025-12-21;21;529
50;2025-12-21;22;303
50;2025-12-21;23;176
50;2025-12-22;0;4
50;2025-12-22;1;0
50;2025-12-22;2;0
50;2025-12-22;3;0
50;2025-12-22;4;3
50;2025-12-22;5;66
50;2025-12-22;6;472
50;2025-12-22;7;1635
50;2025-12-22;8;2746
50;2025-12-22;9;2155
50;2025-12-22;10;1650
50;2025-12-22;11;1407
50;2025-12-22;12;1266
50;2025-12-22;13;1412
50;2025-12-22;14;1363
50;2025-12-22;15;1602
50;2025-12-22;16;1666
50;2025-12-22;17;2205
50;2025-12-22;18;2412
50;2025-12-22;19;1319
50;2025-12-22;20;877
50;2025-12-22;21;605
50;2025-12-22;22;218
50;2025-12-22;23;131
50;2025-12-23;0;23
50;2025-12-23;1;2
50;2025-12-23;2;0
50;2025-12-23;3;0
50;2025-12-23;4;3
50;2025-12-23;5;71
50;2025-12-23;6;552
50;2025-12-23;7;1773
50;2025-12-23;8;2876
50;2025-12-23;9;2189
50;2025-12-23;10;1703
50;2025-12-23;11;1519
50;2025-12-23;12;1332
50;2025-12-23;13;1458
50;2025-12-23;14;1371
50;2025-12-23;15;1626
50;2025-12-23;16;1688
50;2025-12-23;17;2468
50;2025-12-23;18;2490
50;2025-12-23;19;1359
50;2025-12-23;20;941
50;2025-12-23;21;600
50;2025-12-23;22;232
50;2025-12-23;23;135
50;2025-12-24;0;19
50;2025-12-24;1;3
50;2025-12-24;2;0
50;2025-12-24;3;0
50;2025-12-24;4;3
50;2025-12-24;5;79
50;2025-12-24;6;531
50;2025-12-24;7;1681
50;2025-12-24;8;2885
50;2025-12-24;9;2127
50;2025-12-24;10;1669
50;2025-12-24;11;1595
50;2025-12-24;12;1497
50;2025-12-24;13;1537
50;2025-12-24;14;1421
50;2025-12-24;15;1696
50;2025-12-24;16;1660
50;2025-12-24;17;2382
50;2025-12-24;18;2414
50;2025-12-24;19;1482
50;2025-12-24;20;873
50;2025-12-24;21;644
50;2025-12-24;22;249
50;2025-12-24;23;146
50;2025-12-25;0;47
50;2025-12-25;1;2
50;2025-12-25;2;0
50;2025-12-25;3;0
50;2025-12-25;4;3
50;2025-12-25;5;62
50;2025-12-25;6;453
50;2025-12-25;7;1657
50;2025-12-25;8;2602
50;2025-12-25;9;2091
50;2025-12-25;10;1675
50;2025-12-25;11;1438
50;2025-12-25;12;1464
50;2025-12-25;13;1458
50;2025-12-25;14;1480
50;2025-12-25;15;1617
50;2025-12-25;16;1538
50;2025-12-25;17;2310
50;2025-12-25;18;2367
50;2025-12-25;19;1357
50;2025-12-25;20;894
50;2025-12-25;21;721
50;2025-12-25;22;261
50;2025-12-25;23;158
50;2025-12-26;0;33
50;2025-12-26;1;1
50;2025-12-26;2;0
50;2025-12-26;3;0
50;2025-12-26;4;3
50;2025-12-26;5;65
50;2025-12-26;6;513
50;2025-12-26;7;1763
50;2025-12-26;8;2773
50;2025-12-26;9;2111
50;2025-12-26;10;1442
50;2025-12-26;11;1446
50;2025-12-26;12;1435
50;2025-12-26;13;1479
50;2025-12-26;14;1429
50;2025-12-26;15;1716
50;2025-12-26;16;2168
50;2025-12-26;17;2256
50;2025-12-26;18;1681
50;2025-12-26;19;1250
50;2025-12-26;20;835
50;2025-12-26;21;546
50;2025-12-26;22;273
50;2025-12-26;23;176
50;2025-12-27;0;99
50;2025-12-27;1;3
50;2025-12-27;2;0
50;2025-12-27;3;0
50;2025-12-27;4;0
50;2025-12-27;5;113
50;2025-12-27;6;410
50;2025-12-27;7;593
50;2025-12-27;8;751
50;2025-12-27;9;682
50;2025-12-27;10;832
50;2025-12-27;11;909
50;2025-12-27;12;908
50;2025-12-27;13;913
50;2025-12-27;14;914
50;2025-12-27;15;846
50;2025-12-27;16;929
50;2025-12-27;17;880
50;2025-12-27;18;973
50;2025-12-27;19;851
50;2025-12-27;20;622
50;2025-12-27;21;598
50;2025-12-27;22;280
50;2025-12-27;23;234
50;2025-12-28;0;75
50;2025-12-28;1;2
50;2025-12-28;2;0
50;2025-12-28;3;0
50;2025-12-28;4;0
50;2025-12-28;5;67
50;2025-12-28;6;248
50;2025-12-28;7;392
50;2025-12-28;8;626
50;2025-12-28;9;598
50;2025-12-28;10;657
50;2025-12-28;11;717
50;2025-12-28;12;796
50;2025-12-28;13;950
50;2025-12-28;14;867
50;2025-12-28;15;839
50;2025-12-28;16;881
50;2025-12-28;17;851
50;2025-12-28;18;907
50;2025-12-28;19;763
50;2025-12-28;20;731
50;2025-12-28;21;529
50;2025-12-28;22;303
50;2025-12-28;23;176
50;2025-12-29;0;4
50;2025-12-29;1;0
50;2025-12-29;2;0
50;2025-12-29;3;0
50;2025-12-29;4;3
50;2025-12-29;5;66
50;2025-12-29;6;472
50;2025-12-29;7;1635
50;2025-12-29;8;2746
50;2025-12-29;9;2155
50;2025-12-29;10;1650
50;2025-12-29;11;1407
50;2025-12-29;12;1266
50;2025-12-29;13;1412
50;2025-12-29;14;1363
50;2025-12-29;15;1602
50;2025-12-29;16;1666
50;2025-12-29;17;2205
50;2025-12-29;18;2412
50;2025-12-29;19;1319
50;2025-12-29;20;877
50;2025-12-29;21;605
50;2025-12-29;22;218
50;2025-12-29;23;131
50;2025-12-30;0;23
50;2025-12-30;1;2
50;2025-12-30;2;0
50;2025-12-30;3;0
50;2025-12-30;4;3
50;2025-12-30;5;71
50;2025-12-30;6;552
50;2025-12-30;7;1773
50;2025-12-30;8;2876
50;2025-12-30;9;2189
50;2025-12-30;10;1703
50;2025-12-30;11;1519
50;2025-12-30;12;1332
50;2025-12-30;13;1458
50;2025-12-30;14;1371
50;2025-12-30;15;1626
50;2025-12-30;16;1688
50;2025-12-30;17;2468
50;2025-12-30;18;2490
50;2025-12-30;19;1359
50;2025-12-30;20;941
50;2025-12-30;21;600
50;2025-12-30;22;232
50;2025-12-30;23;135
50;2025-12-31;0;2
50;2025-12-31;1;0
50;2025-12-31;2;0
50;2025-12-31;3;0
50;2025-12-31;4;0
50;2025-12-31;5;1
50;2025-12-31;6;5
50;2025-12-31;7;8
50;2025-12-31;8;13
50;2025-12-31;9;16
50;2025-12-31;10;22
50;2025-12-31;11;31
50;2025-12-31;12;32
50;2025-12-31;13;36
50;2025-12-31;14;36
50;2025-12-31;15;29
50;2025-12-31;16;31
50;2025-12-31;17;35
50;2025-12-31;18;39
50;2025-12-31;19;27
50;2025-12-31;20;26
50;2025-12-31;21;19
50;2025-12-31;22;16
50;2025-12-31;23;5
